subgroup_family,subgroup_name,classification_group,subgroup_admissions,classification_group_total,subgroup_count_in_group,subgroup_rate_in_group,subgroup_rate_overall,enrichment_ratio,chi_square_p_value
discharge_pathway,discharged_against_advice,false_negative,527,4331,65,0.01500808127453244,0.011172118462614742,1.343351426567305,0.01450713624607254
discharge_pathway,discharged_to_facility_flag,false_negative,16552,4331,1877,0.43338720849688295,0.35089355748235146,1.235095940793044,9.31910748239982e-33
medical_complexity,charlson_5plus,false_negative,2707,4331,300,0.06926806742091896,0.05738695384876301,1.2070350972708417,0.0004768853892653229
medical_complexity,age_65plus_x_charlson,false_negative,11407,4331,1260,0.2909258831678596,0.24182230607788685,1.203056442089165,2.7740157322646955e-15
care_process,num_care_team_touchpoints_high,false_negative,5029,4331,555,0.12814592472870007,0.10661211337474295,1.2019827829344822,1.6464526319355886e-06
diagnosis,has_cognitive_delirium,false_negative,6322,4331,686,0.15839298083583467,0.13402302261982998,1.1818341187926538,8.810258753816142e-07
discharge_pathway,had_substance_use_followup_order,false_negative,307,4331,33,0.007619487416301085,0.00650823599245299,1.170745410144425,0.3924408982844365
medical_complexity,charlson_3plus,false_negative,11644,4331,1248,0.28815516047102285,0.24684657946619745,1.1673451627085725,4.182747525849722e-11
demographics,age_65plus,false_negative,14783,4331,1570,0.36250288616947585,0.31339170252909626,1.1567086277142897,3.0084166896872163e-13
demographics,marital_status_WIDOWED,false_negative,4495,4331,477,0.11013622719926114,0.09529159865171398,1.1557810841415677,0.0005317959972252602
care_process,num_total_poe_orders_high,false_negative,4742,4331,503,0.11613945970907412,0.10052786669775922,1.155296173331239,0.00037267005358430916
discharge_pathway,protective_aftercare_present_flag,false_negative,34278,4331,3604,0.8321403832833064,0.7266752877827479,1.1451337306685583,6.64692495504738e-60
demographics,age_70plus,false_negative,11090,4331,1153,0.2662202724543985,0.23510207542769923,1.132360367172807,4.4489195753801284e-07
demographics,age_80plus,false_negative,5476,4331,569,0.13137843454167628,0.1160882745754807,1.131711493017789,0.001070303445039989
care_process,late_order_type_diversity_last_12h_high,false_negative,9714,4331,992,0.229046409605172,0.2059316105234148,1.112245026506647,8.578228759059127e-05
prior_utilisation,low_psych_history_but_prior_admissions,false_negative,10296,4331,1046,0.24151466174093741,0.21826969960356998,1.1064965140813674,0.0001102867667769856
prior_utilisation,previous_nonpsych_admissions_365d_any,false_negative,7621,4331,770,0.17778803971369198,0.16156112865955777,1.1004382130080783,0.0025028439487659337
prior_utilisation,previous_nonpsych_admissions_365d_high,false_negative,7621,4331,770,0.17778803971369198,0.16156112865955777,1.1004382130080783,0.0025028439487659337
demographics,insurance_grouped_Medicare,false_negative,21195,4331,2141,0.49434310782729163,0.44932267706853785,1.1001962132258163,4.5438615883292527e-10
demographics,race_WHITE - OTHER EUROPEAN,false_negative,1262,4331,127,0.02932348187485569,0.026753725806109685,1.0960522690323438,0.293558733163133
demographics,language_Russian,false_negative,569,4331,57,0.013160932809974601,0.012062496025100167,1.0910621468880701,0.5340527100501498
demographics,marital_status_MARRIED,false_negative,14808,4331,1478,0.34126067882706074,0.3139216891734328,1.0870885657044356,5.10158900703453e-05
medical_complexity,had_icu_stay,false_negative,8070,4331,801,0.1849457400138536,0.17107968879184243,1.0810502481032824,0.01168284823392256
prior_utilisation,previous_total_admissions_any,false_negative,29723,4331,2940,0.6788270607250058,0.6301117211846261,1.077312225598333,3.6061844364941e-12
care_process,late_medication_change_intensity_score_any,false_negative,29135,4331,2879,0.6647425536827523,0.6176464353098302,1.0762509352932592,2.453653098718257e-11
prior_utilisation,previous_icu_admissions_any,false_negative,9509,4331,939,0.21680905102747633,0.201585720039855,1.075517903672004,0.009307232399614028
prior_utilisation,previous_icu_admissions_high,false_negative,9509,4331,939,0.21680905102747633,0.201585720039855,1.075517903672004,0.009307232399614028
demographics,race_WHITE,false_negative,30368,4331,2994,0.6912953128607712,0.6437853766085094,1.0737977872416833,8.22772827154304e-12
diagnosis,has_personality_disorder,false_negative,904,4331,89,0.020549526668205958,0.01916431705921011,1.0722806664446274,0.5224554230338667
care_process,late_order_type_diversity_last_12h_any,false_negative,43044,4331,4216,0.9734472408219811,0.9125098047529202,1.0667800343093967,5.549715367398051e-50
care_process,care_team_touchpoints_last_12h_before_discharge_any,false_negative,43117,4331,4218,0.9739090279381205,0.914057365754383,1.06547910932739,4.9288219014123445e-49
care_process,orders_last_12h_before_discharge_any,false_negative,43122,4331,4218,0.9739090279381205,0.9141633630832503,1.065355566923359,6.4211695895186605e-49
prior_utilisation,previous_psych_admissions_365d_any,false_negative,19427,4331,1894,0.4373123989840683,0.41184202158105615,1.0618450184010648,0.00037425995324197526
prior_utilisation,previous_ed_visits_365d_any,false_negative,19619,4331,1894,0.4373123989840683,0.41591231900956094,1.051453344843136,0.00286208140537283
diagnosis,has_depression,false_negative,19231,4331,1847,0.42646040175479105,0.4076869262894575,1.0460487551960505,0.008741400665098696
care_process,late_medication_change_intensity_score_high,false_negative,5054,4331,485,0.11198337566381898,0.10714210001907952,1.0451855586541363,0.291357349945219
care_process,orders_last_24h_before_discharge_any,false_negative,44410,4331,4249,0.9810667282382821,0.9414682749994701,1.0420603160938529,3.458537058075826e-31
demographics,gender_F,false_negative,23700,4331,2266,0.5232048025860079,0.5024273388310615,1.0413541663622183,0.004320758507694966
diagnosis,has_anxiety_ptsd,false_negative,15048,4331,1436,0.3315631493881321,0.31900956095906385,1.0393517623463302,0.06535087901220765
demographics,language_Kabuverdianu,false_negative,294,4331,28,0.0064650196259524355,0.006232642937397978,1.037283812162593,0.9182791925279123
care_process,num_total_poe_orders_any,false_negative,44816,4331,4259,0.9833756638189795,0.9500752581034958,1.0350502819976142,6.817805535306219e-26
care_process,num_care_team_touchpoints_any,false_negative,44925,4331,4269,0.9856845993996768,0.9523859998728033,1.0349633442021626,5.2623430486342936e-27
care_process,orders_last_12h_before_discharge_high,false_negative,4729,4331,446,0.10297852689909952,0.1002522736427042,1.0271939294475414,0.5483010263551669
demographics,marital_status_DIVORCED,false_negative,4289,4331,401,0.09258831678596167,0.0909245087023807,1.0182987855235714,0.7099592859206207
care_process,care_team_touchpoints_last_12h_before_discharge_high,false_negative,4750,4331,443,0.10228584622489033,0.10069746242394692,1.0157738215314318,0.7353560279822935
discharge_pathway,discharged_home_flag,false_negative,14459,4331,1340,0.309397367813438,0.3065230756184944,1.0093770825871557,0.6794417131666505
demographics,race_WHITE - RUSSIAN,false_negative,500,4331,46,0.010621103671207574,0.010599732886731255,1.002016162549065,1.0
care_process,quiet_risk_summary_score_any,false_negative,47171,4331,4331,1.0,1.0,1.0,
demographics,age_40_to_64,false_negative,21361,4331,1961,0.45278226737474025,0.4528417883869327,0.9998685611316825,1.0
demographics,language_English,false_negative,43738,4331,4015,0.9270376356499653,0.9272222339997032,0.9998009125073053,0.9853332707766138
discharge_pathway,home_discharge_with_psych_risk,false_negative,2307,4331,211,0.048718540752713,0.04890716753937801,0.9961431668167425,0.9813060117716994
diagnosis,has_bipolar_disorder,false_negative,3801,4331,346,0.07988917109212652,0.080579169404931,0.9914370138349645,0.8841031782423737
discharge_pathway,home_discharge_without_followup_order_flag,false_negative,8116,4331,738,0.17039944585546063,0.17205486421742172,0.990378543672737,0.7781245523278826
demographics,language_Chinese,false_negative,308,4331,28,0.0064650196259524355,0.0065294354582264525,0.9901345479733842,1.0
demographics,insurance_grouped_Medicaid,false_negative,11809,4331,1053,0.24313091664742553,0.25034449131881875,0.9711854068232458,0.25784878469823336
demographics,race_BLACK/AFRICAN AMERICAN,false_negative,6481,4331,572,0.13207111521588547,0.13739373767781052,0.9612600795939721,0.29624197909802436
demographics,gender_M,false_negative,23471,4331,2065,0.4767951974139921,0.49757266116893856,0.9582423525719153,0.004320758507694966
demographics,marital_status_SINGLE,false_negative,22190,4331,1938,0.44747171553913645,0.47041614551313304,0.9512252498285988,0.0015856703994859523
diagnosis,depression_and_substance_use_flag,false_negative,5254,4331,454,0.10482567536365735,0.11138199317377202,0.9411366449522423,0.15742208610196412
diagnosis,has_severe_mental_illness,false_negative,6453,4331,554,0.12791503117063033,0.13680015263615358,0.9350503541530765,0.07801069172973679
care_process,orders_last_24h_before_discharge_high,false_negative,4765,4331,407,0.09397367813438005,0.10101545441054885,0.9302901093970287,0.11246042773503225
prior_utilisation,previous_psych_admissions_90d_any,false_negative,13509,4331,1151,0.2657584853382591,0.28638358313370504,0.9279808654890087,0.001730366607487797
demographics,language_Spanish,false_negative,1361,4331,115,0.02655275917801893,0.028852472917682476,0.9202940508349235,0.36752908155301245
diagnosis,has_substance_use,false_negative,19942,4331,1684,0.38882475178942505,0.42275974645438935,0.9197298348540252,2.270813602937592e-06
demographics,race_HISPANIC/LATINO - PUERTO RICAN,false_negative,1226,4331,103,0.023782036481182173,0.025990545038265037,0.915026462360395,0.36364202128897405
demographics,insurance_grouped_Private,false_negative,11924,4331,989,0.2283537289309628,0.25278242988276695,0.903360763787525,0.00011188758182706486
demographics,race_OTHER,false_negative,1419,4331,109,0.025167397829600553,0.0300820419325433,0.8366253157294486,0.05235112688443004
diagnosis,has_psychotic_disorder,false_negative,3064,4331,234,0.054029092588316785,0.06495516312988912,0.8317905765285546,0.0024516465045908795
diagnosis,new_psychosis_this_admission_flag,false_negative,1452,4331,108,0.024936504271530824,0.03078162430306756,0.8101100847054963,0.02197712094648722
diagnosis,psychosis_and_substance_use_flag,false_negative,1077,4331,79,0.018240591087508657,0.02283182463801912,0.7989107912617186,0.038518897340925326
demographics,age_under_40,false_negative,11027,4331,800,0.18471484645578387,0.2337665090839711,0.7901681347751683,1.407181858500183e-15
discharge_pathway,home_discharge_without_discharge_planning_order_flag,false_negative,309,4331,22,0.005079658277534056,0.006550634923999915,0.7754451799662103,0.24589282948086166
prior_utilisation,previous_total_admissions_high,false_negative,5064,4331,351,0.08104363888247518,0.10735409467681414,0.7549189355697544,5.1100881579557395e-09
demographics,race_HISPANIC OR LATINO,false_negative,550,4331,37,0.008543061648580005,0.011659706175404379,0.7326995655003045,0.05352584898575699
medical_complexity,vital_instability_near_discharge_score,false_negative,1529,4331,102,0.023551142923112445,0.03241398316762418,0.726573553189102,0.0006473841963431572
demographics,insurance_grouped_Other / unknown,false_negative,2243,4331,148,0.03417224659432002,0.04755040172987641,0.7186531627733703,1.6797632810294998e-05
medical_complexity,medical_complexity_no_aftercare_flag,false_negative,4284,4331,267,0.06164858000461787,0.09081851137351339,0.6788107300181675,2.9008413485649426e-12
diagnosis,self_harm_and_substance_use_flag,false_negative,1867,4331,108,0.024936504271530824,0.03957940259905451,0.6300374092085594,2.6675185933606847e-07
discharge_pathway,discharged_to_psych_facility_flag,false_negative,571,4331,33,0.007619487416301085,0.012104894956647093,0.6294550628972653,0.005786950021017463
diagnosis,has_self_harm_or_suicidal_ideation,false_negative,3648,4331,199,0.04594781805587624,0.07733565114159123,0.5941350124763537,6.2391000650498e-16
prior_utilisation,previous_psych_admissions_365d_high,false_negative,6826,4331,319,0.07365504502424382,0.14470755336965507,0.5089924009432472,4.501681653968343e-44
discharge_pathway,low_aftercare_quality_flag,false_negative,5719,4331,266,0.06141768644654814,0.12123974475843209,0.5065804664049872,1.4068311754346455e-36
diagnosis,new_self_harm_this_admission_flag,false_negative,2147,4331,98,0.022627568690833526,0.04551525301562401,0.4971425443480709,4.528674723808612e-14
prior_utilisation,previous_ed_visits_365d_high,false_negative,4734,4331,199,0.04594781805587624,0.10035827097157152,0.45783788033665784,9.805842978446896e-36
prior_utilisation,previous_psych_admissions_90d_high,false_negative,5289,4331,203,0.04687139228815516,0.11212397447584321,0.4180318482935464,4.089628980788302e-46
care_process,quiet_risk_summary_score_high,false_negative,5811,4331,223,0.05148926344954976,0.12319009560959064,0.4179659346375343,3.926555654193259e-51
demographics,marital_status_Unknown,false_negative,1389,4331,37,0.008543061648580005,0.029446057959339425,0.2901258178726907,2.039057570729345e-17
demographics,race_UNKNOWN,false_negative,1278,4331,30,0.0069268067420918955,0.027092917258485085,0.25566854525134336,1.4827173250549508e-17
prior_utilisation,previous_psych_admissions_365d_high,false_positive,6826,4498,2556,0.568252556691863,0.14470755336965507,3.9269032158968464,0.0
prior_utilisation,previous_ed_visits_365d_high,false_positive,4734,4498,1772,0.39395286794130724,0.10035827097157152,3.9254648782550494,0.0
prior_utilisation,previous_psych_admissions_90d_high,false_positive,5289,4498,1973,0.43863939528679413,0.11212397447584321,3.9120928181269363,0.0
prior_utilisation,previous_total_admissions_high,false_positive,5064,4498,1564,0.3477100933748333,0.10735409467681414,3.2389085336856756,0.0
prior_utilisation,previous_psych_admissions_90d_any,false_positive,13509,4498,3335,0.7414406402845709,0.28638358313370504,2.5889774552419493,0.0
discharge_pathway,discharged_against_advice,false_positive,527,4498,123,0.02734548688305914,0.011172118462614742,2.447654576396172,4.480791381425704e-27
discharge_pathway,home_discharge_without_discharge_planning_order_flag,false_positive,309,4498,66,0.014673188083592708,0.006550634923999915,2.2399642559584194,2.5111630347285937e-12
prior_utilisation,previous_psych_admissions_365d_any,false_positive,19427,4498,3888,0.8643841707425522,0.41184202158105615,2.0988246110102913,0.0
prior_utilisation,previous_ed_visits_365d_any,false_positive,19619,4498,3694,0.8212538906180524,0.41591231900956094,1.9745841925859704,0.0
prior_utilisation,previous_icu_admissions_any,false_positive,9509,4498,1766,0.3926189417518897,0.201585720039855,1.9476525503605415,7.123620482350871e-247
prior_utilisation,previous_icu_admissions_high,false_positive,9509,4498,1766,0.3926189417518897,0.201585720039855,1.9476525503605415,7.123620482350871e-247
diagnosis,has_personality_disorder,false_positive,904,4498,150,0.03334815473543797,0.01916431705921011,1.740117043169629,4.562440491181429e-13
medical_complexity,charlson_5plus,false_positive,2707,4498,434,0.09648732770120054,0.05738695384876301,1.6813460417411639,3.0526513521047016e-32
diagnosis,depression_and_substance_use_flag,false_positive,5254,4498,815,0.18119164072921298,0.11138199317377202,1.6267588284807204,5.178558814608686e-55
prior_utilisation,previous_nonpsych_admissions_365d_any,false_positive,7621,4498,1179,0.26211649622054245,0.16156112865955777,1.6223982736149074,1.5902397835520577e-82
prior_utilisation,previous_nonpsych_admissions_365d_high,false_positive,7621,4498,1179,0.26211649622054245,0.16156112865955777,1.6223982736149074,1.5902397835520577e-82
care_process,quiet_risk_summary_score_high,false_positive,5811,4498,863,0.19186305024455313,0.12319009560959064,1.557455161432768,5.561964747785618e-49
discharge_pathway,low_aftercare_quality_flag,false_positive,5719,4498,809,0.17985771453979546,0.12123974475843209,1.4834880665425234,1.2836285186898045e-36
demographics,insurance_grouped_Medicaid,false_positive,11809,4498,1644,0.36549577590040017,0.25034449131881875,1.4599713138282477,3.1009645297750664e-78
prior_utilisation,previous_total_admissions_any,false_positive,29723,4498,4070,0.904846598488217,0.6301117211846261,1.4360097869423574,0.0
medical_complexity,charlson_3plus,false_positive,11644,4498,1588,0.3530457981325033,0.24684657946619745,1.4302235781267876,1.9967074150575976e-67
diagnosis,self_harm_and_substance_use_flag,false_positive,1867,4498,252,0.05602489995553579,0.03957940259905451,1.4155064573125755,3.4724928889638427e-09
demographics,race_HISPANIC OR LATINO,false_positive,550,4498,74,0.0164517563361494,0.011659706175404379,1.4109923602409153,0.0021071799059078954
diagnosis,psychosis_and_substance_use_flag,false_positive,1077,4498,144,0.03201422854602046,0.02283182463801912,1.4021756497161848,1.8492674338219577e-05
discharge_pathway,had_substance_use_followup_order,false_positive,307,4498,41,0.009115162294353045,0.00650823599245299,1.400558047514422,0.02862800472935638
diagnosis,has_bipolar_disorder,false_positive,3801,4498,506,0.11249444197421075,0.080579169404931,1.3960734865470916,1.7335641265489092e-16
demographics,age_40_to_64,false_positive,21361,4498,2666,0.5927078701645175,0.4528417883869327,1.308863018750548,3.1348236265121095e-87
demographics,race_HISPANIC/LATINO - PUERTO RICAN,false_positive,1226,4498,152,0.03379279679857715,0.025990545038265037,1.3001957730715192,0.0006530969025214654
diagnosis,has_severe_mental_illness,false_positive,6453,4498,795,0.17674522009782126,0.13680015263615358,1.2919957813783243,2.9879665618246745e-16
demographics,marital_status_SINGLE,false_positive,22190,4498,2643,0.587594486438417,0.47041614551313304,1.2490950662364386,1.9363576168824395e-61
demographics,race_BLACK/AFRICAN AMERICAN,false_positive,6481,4498,770,0.1711871943085816,0.13739373767781052,1.2459606762428797,5.23906539490076e-12
diagnosis,has_substance_use,false_positive,19942,4498,2333,0.5186749666518453,0.42275974645438935,1.2268787910908734,1.4307480256551872e-42
demographics,marital_status_DIVORCED,false_positive,4289,4498,485,0.10782570031124944,0.0909245087023807,1.1858815829755065,3.8224731428288215e-05
diagnosis,has_psychotic_disorder,false_positive,3064,4498,337,0.07492218763895064,0.06495516312988912,1.153444684437644,0.004803024272828206
demographics,gender_M,false_positive,23471,4498,2576,0.5726989773232548,0.49757266116893856,1.150985618819618,3.7193040371726835e-26
diagnosis,has_depression,false_positive,19231,4498,2072,0.4606491774121832,0.4076869262894575,1.1299091231714469,3.356366247215202e-14
diagnosis,has_self_harm_or_suicidal_ideation,false_positive,3648,4498,393,0.08737216540684749,0.07733565114159123,1.1297786223701762,0.00879241065444806
care_process,orders_last_12h_before_discharge_high,false_positive,4729,4498,497,0.11049355269008448,0.1002522736427042,1.1021550801319466,0.017389808080714587
demographics,age_under_40,false_positive,11027,4498,1135,0.25233437083148064,0.2337665090839711,1.0794290928168833,0.0021046292614588413
demographics,language_Spanish,false_positive,1361,4498,139,0.030902623388172522,0.028852472917682476,1.0710563172986671,0.41404661935665044
medical_complexity,medical_complexity_no_aftercare_flag,false_positive,4284,4498,436,0.09693196976433971,0.09081851137351339,1.0673151133878778,0.1407757342576073
diagnosis,has_anxiety_ptsd,false_positive,15048,4498,1521,0.33815028901734107,0.31900956095906385,1.0600004840003319,0.003990593029155525
care_process,num_total_poe_orders_high,false_positive,4742,4498,477,0.10604713205869275,0.10052786669775922,1.054902839801897,0.20473597927464435
care_process,care_team_touchpoints_last_12h_before_discharge_high,false_positive,4750,4498,466,0.1036016007114273,0.10069746242394692,1.0288402330860498,0.5128224020744535
demographics,language_English,false_positive,43738,4498,4251,0.9450867052023122,0.9272222339997032,1.0192666553362812,1.442648906176126e-06
care_process,late_medication_change_intensity_score_high,false_positive,5054,4498,491,0.10915962650066696,0.10714210001907952,1.0188303802261498,0.6638411831418449
care_process,late_medication_change_intensity_score_any,false_positive,29135,4498,2823,0.6276122721209426,0.6176464353098302,1.0161351806492873,0.15274115253986842
care_process,late_order_type_diversity_last_12h_high,false_positive,9714,4498,940,0.2089817696754113,0.2059316105234148,1.014811515066793,0.6083129008991076
discharge_pathway,discharged_to_facility_flag,false_positive,16552,4498,1597,0.3550466874166296,0.35089355748235146,1.0118358683017057,0.5503754688931615
care_process,quiet_risk_summary_score_any,false_positive,47171,4498,4498,1.0,1.0,1.0,
demographics,race_WHITE,false_positive,30368,4498,2895,0.6436193863939529,0.6437853766085094,0.9997421652920558,0.9935583747312887
care_process,num_care_team_touchpoints_any,false_positive,44925,4498,4093,0.9099599822143175,0.9523859998728033,0.9554529175521774,1.3226861139563384e-44
care_process,num_total_poe_orders_any,false_positive,44816,4498,4077,0.906402845709204,0.9500752581034958,0.9540326810725827,3.6019455898197057e-45
care_process,orders_last_24h_before_discharge_any,false_positive,44410,4498,4006,0.8906180524677635,0.9414682749994701,0.9459883844394702,1.8883997729749223e-52
care_process,care_team_touchpoints_last_12h_before_discharge_any,false_positive,43117,4498,3845,0.85482436638506,0.914057365754383,0.9351977221687423,4.862505358313324e-50
care_process,orders_last_12h_before_discharge_any,false_positive,43122,4498,3845,0.85482436638506,0.9141633630832503,0.9350892859039391,2.8806686189486685e-50
discharge_pathway,protective_aftercare_present_flag,false_positive,34278,4498,3056,0.6794130724766563,0.7266752877827479,0.9349610257831948,8.636899219742633e-14
care_process,late_order_type_diversity_last_12h_any,false_positive,43044,4498,3837,0.8530457981325034,0.9125098047529202,0.9348346655447523,1.2253538749008326e-49
demographics,insurance_grouped_Medicare,false_positive,21195,4498,1854,0.41218319253001334,0.44932267706853785,0.9173434005583043,1.5292309465887302e-07
discharge_pathway,home_discharge_with_psych_risk,false_positive,2307,4498,194,0.04313028012449978,0.04890716753937801,0.8818805564598089,0.06397217943714638
demographics,race_WHITE - OTHER EUROPEAN,false_positive,1262,4498,104,0.023121387283236993,0.026753725806109685,0.8642305543086943,0.12387651796649045
demographics,language_Kabuverdianu,false_positive,294,4498,24,0.005335704757670075,0.006232642937397978,0.8560902351158337,0.48141337825500286
discharge_pathway,discharged_home_flag,false_positive,14459,4498,1175,0.26122721209426414,0.3065230756184944,0.8522269051593149,4.826751723095285e-12
demographics,language_Chinese,false_positive,308,4498,25,0.005558025789239662,0.0065294354582264525,0.8512260860526756,0.4513617257127893
demographics,gender_F,false_positive,23700,4498,1922,0.42730102267674525,0.5024273388310615,0.8504732717588501,3.7193040371726835e-26
care_process,num_care_team_touchpoints_high,false_positive,5029,4498,403,0.08959537572254335,0.10661211337474295,0.8403864522187497,0.00011219626622549892
demographics,marital_status_MARRIED,false_positive,14808,4498,1129,0.2510004446420631,0.3139216891734328,0.799563882645243,1.3824169318032002e-21
demographics,insurance_grouped_Private,false_positive,11924,4498,876,0.19475322365495776,0.25278242988276695,0.7704381342693738,5.6159724138626445e-21
demographics,race_OTHER,false_positive,1419,4498,99,0.022009782125389062,0.0300820419325433,0.7316585148955091,0.0010147095890000357
diagnosis,new_psychosis_this_admission_flag,false_positive,1452,4498,98,0.021787461093819474,0.03078162430306756,0.70780738791774,0.0002874169459185621
discharge_pathway,home_discharge_without_followup_order_flag,false_positive,8116,4498,535,0.11894175188972878,0.17205486421742172,0.6913013033995067,4.075335240588346e-23
care_process,orders_last_24h_before_discharge_high,false_positive,4765,4498,312,0.06936416184971098,0.10101545441054885,0.6866688097823119,1.5813200775142705e-13
diagnosis,new_self_harm_this_admission_flag,false_positive,2147,4498,130,0.028901734104046242,0.04551525301562401,0.6349900789110224,2.3664803665857438e-08
medical_complexity,had_icu_stay,false_positive,8070,4498,466,0.1036016007114273,0.17107968879184243,0.605575106215457,1.762033098039953e-36
demographics,insurance_grouped_Other / unknown,false_positive,2243,4498,124,0.027567807914628723,0.04755040172987641,0.579759726768146,4.573989525823382e-11
medical_complexity,age_65plus_x_charlson,false_positive,11407,4498,622,0.1382836816362828,0.24182230607788685,0.5718400584259749,4.732116631865153e-65
demographics,marital_status_WIDOWED,false_positive,4495,4498,227,0.05046687416629613,0.09529159865171398,0.5296046543489109,6.74012132426724e-27
demographics,race_WHITE - RUSSIAN,false_positive,500,4498,24,0.005335704757670075,0.010599732886731255,0.5033810582481102,0.0003881371517044348
demographics,age_65plus,false_positive,14783,4498,697,0.15495775900400177,0.31339170252909626,0.4944539301885793,5.587266953040332e-128
diagnosis,has_cognitive_delirium,false_positive,6322,4498,292,0.06491774121831925,0.13402302261982998,0.48437753416788,2.899988634514178e-46
discharge_pathway,discharged_to_psych_facility_flag,false_positive,571,4498,26,0.005780346820809248,0.012104894956647093,0.4775214358745938,6.162981528177188e-05
demographics,age_70plus,false_positive,11090,4498,430,0.09559804357492219,0.23510207542769923,0.4066235629822051,7.54098619467505e-119
medical_complexity,vital_instability_near_discharge_score,false_positive,1529,4498,59,0.013116940862605602,0.03241398316762418,0.40466920695223596,2.1876761600214236e-14
demographics,age_80plus,false_positive,5476,4498,158,0.035126722987994664,0.1160882745754807,0.3025863130143711,7.415595705497912e-71
demographics,language_Russian,false_positive,569,4498,16,0.0035571365051133837,0.012062496025100167,0.2948922426761044,5.890666035043229e-08
prior_utilisation,low_psych_history_but_prior_admissions,false_positive,10296,4498,182,0.04046242774566474,0.21826969960356998,0.18537812540702714,4.139524896890337e-202
demographics,marital_status_Unknown,false_positive,1389,4498,14,0.0031124944419742106,0.029446057959339425,0.10570156610681461,7.623860253578563e-28
demographics,race_UNKNOWN,false_positive,1278,4498,12,0.0026678523788350376,0.027092917258485085,0.0984704730532297,4.5691062041386823e-26
demographics,race_UNKNOWN,true_negative,1278,33354,1204,0.03609761947592493,0.027092917258485085,1.3323636997643622,6.591224663294663e-78
demographics,marital_status_Unknown,true_negative,1389,33354,1292,0.03873598369011213,0.029446057959339425,1.3154896232154638,1.602600749470088e-76
medical_complexity,vital_instability_near_discharge_score,true_negative,1529,33354,1315,0.03942555615518378,0.03241398316762418,1.2163132173944893,1.5177913174246847e-40
prior_utilisation,low_psych_history_but_prior_admissions,true_negative,10296,33354,8714,0.2612580200275829,0.21826969960356998,1.1969504722922606,5.505051459731184e-270
demographics,age_80plus,true_negative,5476,33354,4618,0.1384541584217785,0.1160882745754807,1.1926627295313574,1.4085655475360423e-122
demographics,language_Russian,true_negative,569,33354,477,0.014301133297355639,0.012062496025100167,1.1855865707725182,6.2582120226336905e-12
demographics,age_70plus,true_negative,11090,33354,9140,0.27403010133717093,0.23510207542769923,1.1655792524955535,1.6007890155535724e-210
demographics,age_65plus,true_negative,14783,33354,11942,0.35803801642981353,0.31339170252909626,1.1424616974234414,3.0880469966062145e-231
diagnosis,has_cognitive_delirium,true_negative,6322,33354,5098,0.1528452359537087,0.13402302261982998,1.140440149505282,1.874548101388054e-77
medical_complexity,age_65plus_x_charlson,true_negative,11407,33354,9049,0.27130179288840917,0.24182230607788685,1.1219055730988996,2.832440369738904e-119
care_process,orders_last_24h_before_discharge_high,true_negative,4765,33354,3777,0.11323979132937578,0.10101545441054885,1.1210145218883494,1.495620405350256e-42
demographics,marital_status_WIDOWED,true_negative,4495,33354,3558,0.10667386220543264,0.09529159865171398,1.119446663869291,5.280971031318543e-39
discharge_pathway,home_discharge_without_followup_order_flag,true_negative,8116,33354,6411,0.19221082928584277,0.17205486421742172,1.1171484756336236,1.7047013017683022e-72
medical_complexity,had_icu_stay,true_negative,8070,33354,6357,0.19059183306350064,0.17107968879184243,1.114052956312068,2.3786896474208216e-68
demographics,race_WHITE - RUSSIAN,true_negative,500,33354,391,0.011722731906218144,0.010599732886731255,1.105945973496432,0.0002612012400713698
demographics,language_Kabuverdianu,true_negative,294,33354,228,0.006835761827666847,0.006232642937397978,1.096767759091404,0.011678018145584421
demographics,insurance_grouped_Other / unknown,true_negative,2243,33354,1708,0.05120825088445164,0.04755040172987641,1.0769257255775606,7.636670118168582e-09
discharge_pathway,home_discharge_with_psych_risk,true_negative,2307,33354,1753,0.052557414403070095,0.04890716753937801,1.0746362352870478,1.2870992178302722e-08
discharge_pathway,discharged_home_flag,true_negative,14459,33354,10977,0.32910595430832884,0.3065230756184944,1.0736743184644983,2.7391649694487376e-61
demographics,race_OTHER,true_negative,1419,33354,1077,0.03228998021226839,0.0300820419325433,1.0733972209957099,1.4760520211002934e-05
demographics,language_Chinese,true_negative,308,33354,233,0.0069856688852911195,0.0065294354582264525,1.0698733343768423,0.06450088571259818
demographics,insurance_grouped_Private,true_negative,11924,33354,8942,0.26809378185524974,0.25278242988276695,1.0605712666801397,1.5642191665995484e-32
demographics,marital_status_MARRIED,true_negative,14808,33354,11094,0.3326137794567368,0.3139216891734328,1.059543800023888,5.2250710754210055e-42
care_process,num_care_team_touchpoints_high,true_negative,5029,33354,3760,0.11273010733345326,0.10661211337474295,1.0573855424590026,2.505267750200164e-11
care_process,care_team_touchpoints_last_12h_before_discharge_high,true_negative,4750,33354,3550,0.10643401091323379,0.10069746242394692,1.0569681534290845,1.40004803390229e-10
care_process,orders_last_12h_before_discharge_any,true_negative,43122,33354,32070,0.9615038676020867,0.9141633630832503,1.0517856068516773,0.0
care_process,care_team_touchpoints_last_12h_before_discharge_any,true_negative,43117,33354,32065,0.9613539605444624,0.914057365754383,1.0517435738303416,0.0
care_process,late_order_type_diversity_last_12h_any,true_negative,43044,33354,32010,0.9597049829105955,0.9125098047529202,1.0517201874564561,0.0
discharge_pathway,protective_aftercare_present_flag,true_negative,34278,33354,25295,0.7583798045211969,0.7266752877827479,1.0436295512885634,3.17799120556029e-127
demographics,gender_F,true_negative,23700,33354,17314,0.5190981591413324,0.5024273388310615,1.0331805596985564,2.563809327193143e-29
care_process,late_order_type_diversity_last_12h_high,true_negative,9714,33354,7095,0.2127181147688433,0.2059316105234148,1.0329551360676454,1.5982403040463743e-08
care_process,orders_last_24h_before_discharge_any,true_negative,44410,33354,32407,0.9716076032859627,0.9414682749994701,1.0320131108894877,0.0
care_process,late_medication_change_intensity_score_high,true_negative,5054,33354,3677,0.11024165017689033,0.10714210001907952,1.02892933923508,0.0007645460324935715
care_process,num_total_poe_orders_any,true_negative,44816,33354,32509,0.9746657072614979,0.9500752581034958,1.0258826329264574,0.0
care_process,num_care_team_touchpoints_any,true_negative,44925,33354,32585,0.9769442945373868,0.9523859998728033,1.0257860727350712,0.0
care_process,orders_last_12h_before_discharge_high,true_negative,4729,33354,3430,0.10283624153025124,0.1002522736427042,1.0257746562113517,0.0038966946734616086
demographics,insurance_grouped_Medicare,true_negative,21195,33354,15365,0.46066438807939075,0.44932267706853785,1.0252417952391102,1.5433138167217825e-14
care_process,late_medication_change_intensity_score_any,true_negative,29135,33354,21104,0.6327277088205313,0.6176464353098302,1.0244173246189558,1.293155048573256e-25
demographics,race_WHITE - OTHER EUROPEAN,true_negative,1262,33354,910,0.027283084487617678,0.026753725806109685,1.0197863536968412,0.28207932402839175
care_process,num_total_poe_orders_high,true_negative,4742,33354,3415,0.10238652035737843,0.10052786669775922,1.0184889396410581,0.0385511950708358
demographics,language_Spanish,true_negative,1361,33354,976,0.02926185764825808,0.028852472917682476,1.014188895757518,0.4265776193833001
demographics,race_WHITE,true_negative,30368,33354,21541,0.6458295856568927,0.6437853766085094,1.0031752958713545,0.15274448179703903
care_process,quiet_risk_summary_score_any,true_negative,47171,33354,33354,1.0,1.0,1.0,
medical_complexity,medical_complexity_no_aftercare_flag,true_negative,4284,33354,3023,0.09063380703963543,0.09081851137351339,0.9979662259259203,0.842027518382649
discharge_pathway,discharged_to_facility_flag,true_negative,16552,33354,11665,0.3497331654374288,0.35089355748235146,0.9966930369048425,0.418013456299972
demographics,language_English,true_negative,43738,33354,30721,0.9210589434550579,0.9272222339997032,0.9933529521633028,1.3857787930440417e-15
diagnosis,has_anxiety_ptsd,true_negative,15048,33354,10385,0.3113569586856149,0.31900956095906385,0.9760113701594325,3.210522165193319e-08
demographics,gender_M,true_negative,23471,33354,16040,0.4809018408586676,0.49757266116893856,0.9664957068358488,2.563809327193143e-29
demographics,age_under_40,true_negative,11027,33354,7513,0.22525034478623254,0.2337665090839711,0.9635697845208465,1.2171624831800939e-11
demographics,race_HISPANIC/LATINO - PUERTO RICAN,true_negative,1226,33354,828,0.0248246087425796,0.025990545038265037,0.9551399828680442,0.014646117046994013
diagnosis,has_substance_use,true_negative,19942,33354,13461,0.40357978053606763,0.42275974645438935,0.9546315227994607,3.6850264874896867e-39
diagnosis,has_depression,true_negative,19231,33354,12968,0.3887989446543143,0.4076869262894575,0.9536703769064874,2.0614301396149936e-38
demographics,marital_status_DIVORCED,true_negative,4289,33354,2890,0.08664627930682976,0.0909245087023807,0.9529474565592135,5.619805411023405e-07
discharge_pathway,had_substance_use_followup_order,true_negative,307,33354,206,0.006176170774120046,0.00650823599245299,0.9489776924625951,0.18331596456720897
demographics,marital_status_SINGLE,true_negative,22190,33354,14520,0.4353300953408886,0.47041614551313304,0.9254148682886462,2.79424807139362e-124
demographics,age_40_to_64,true_negative,21361,33354,13899,0.41671163878395395,0.4528417883869327,0.9202146300771449,2.2421028324016655e-132
demographics,race_HISPANIC OR LATINO,true_negative,550,33354,357,0.010703363914373088,0.011659706175404379,0.9179788712816236,0.0030854050722745724
medical_complexity,charlson_3plus,true_negative,11644,33354,7517,0.22537027043233196,0.24684657946619745,0.9129973399659508,2.61088748409998e-63
diagnosis,new_psychosis_this_admission_flag,true_negative,1452,33354,937,0.028092582598788753,0.03078162430306756,0.9126413317957743,1.7493319159777492e-07
demographics,race_BLACK/AFRICAN AMERICAN,true_negative,6481,33354,4102,0.12298375007495353,0.13739373767781052,0.8951190363810574,3.2966692634126215e-45
prior_utilisation,previous_total_admissions_any,true_negative,29723,33354,18752,0.5622114289140733,0.6301117211846261,0.8922408677894477,0.0
demographics,insurance_grouped_Medicaid,true_negative,11809,33354,7339,0.22003357918090782,0.25034449131881875,0.8789231910866799,3.970202572508262e-123
medical_complexity,charlson_5plus,true_negative,2707,33354,1671,0.05009893865803202,0.05738695384876301,0.873002229567059,4.957838800504188e-26
prior_utilisation,previous_nonpsych_admissions_365d_any,true_negative,7621,33354,4681,0.14034298734784434,0.16156112865955777,0.8686680299416305,3.5274073211040885e-84
prior_utilisation,previous_nonpsych_admissions_365d_high,true_negative,7621,33354,4681,0.14034298734784434,0.16156112865955777,0.8686680299416305,3.5274073211040885e-84
diagnosis,has_bipolar_disorder,true_negative,3801,33354,2315,0.06940696768003837,0.080579169404931,0.8613512424191239,1.6292681926536731e-43
diagnosis,new_self_harm_this_admission_flag,true_negative,2147,33354,1286,0.038556095220963,0.04551525301562401,0.8471027329613627,2.5221946834686635e-29
diagnosis,has_severe_mental_illness,true_negative,6453,33354,3854,0.11554836001678959,0.13680015263615358,0.8446508120799598,1.3943997355678358e-96
diagnosis,depression_and_substance_use_flag,true_negative,5254,33354,3075,0.09219284043892786,0.11138199317377202,0.8277176391976906,5.501642071420595e-94
diagnosis,has_psychotic_disorder,true_negative,3064,33354,1781,0.05339689392576603,0.06495516312988912,0.8220577295601532,2.847074119957978e-56
diagnosis,psychosis_and_substance_use_flag,true_negative,1077,33354,615,0.018438568087785573,0.02283182463801912,0.8075818897575983,4.5425641525550694e-23
discharge_pathway,home_discharge_without_discharge_planning_order_flag,true_negative,309,33354,175,0.005246747016849553,0.006550634923999915,0.8009524386142728,6.987809239474893e-08
diagnosis,has_self_harm_or_suicidal_ideation,true_negative,3648,33354,2021,0.060592432691731125,0.07733565114159123,0.7834993537559345,4.031448327622764e-99
prior_utilisation,previous_icu_admissions_any,true_negative,9509,33354,5139,0.15407447382622774,0.201585720039855,0.7643124413562928,0.0
prior_utilisation,previous_icu_admissions_high,true_negative,9509,33354,5139,0.15407447382622774,0.201585720039855,0.7643124413562928,0.0
diagnosis,has_personality_disorder,true_negative,904,33354,487,0.014600947412604185,0.01916431705921011,0.7618819584070265,4.323612847795562e-29
prior_utilisation,previous_ed_visits_365d_any,true_negative,19619,33354,10557,0.3165137614678899,0.41591231900956094,0.7610107876141411,0.0
diagnosis,self_harm_and_substance_use_flag,true_negative,1867,33354,998,0.02992144870180488,0.03957940259905451,0.75598535442573,1.55625809686693e-62
discharge_pathway,low_aftercare_quality_flag,true_negative,5719,33354,2992,0.08970438328236494,0.12123974475843209,0.7398925448177017,6.362648639732029e-233
prior_utilisation,previous_psych_admissions_365d_any,true_negative,19427,33354,10038,0.30095340888649036,0.41184202158105615,0.7307496397068326,0.0
discharge_pathway,discharged_against_advice,true_negative,527,33354,237,0.007105594531390538,0.011172118462614742,0.6360113845165524,1.1082125759612004e-38
care_process,quiet_risk_summary_score_high,true_negative,5811,33354,2538,0.07609282245008095,0.12319009560959064,0.617686203371669,0.0
prior_utilisation,previous_psych_admissions_90d_any,true_negative,13509,33354,5887,0.17650056964681898,0.28638358313370504,0.6163082664009252,0.0
discharge_pathway,discharged_to_psych_facility_flag,true_negative,571,33354,238,0.007135575942915392,0.012104894956647093,0.5894785513191978,9.17909940048874e-53
prior_utilisation,previous_total_admissions_high,true_negative,5064,33354,1465,0.04392276788391197,0.10735409467681414,0.409139195073462,0.0
prior_utilisation,previous_psych_admissions_365d_high,true_negative,6826,33354,1391,0.04170414343107273,0.14470755336965507,0.2881960371794802,0.0
prior_utilisation,previous_psych_admissions_90d_high,true_negative,5289,33354,933,0.027972656952689332,0.11212397447584321,0.2494797128219528,0.0
prior_utilisation,previous_ed_visits_365d_high,true_negative,4734,33354,801,0.024015110631408525,0.10035827097157152,0.2392937861415656,0.0
discharge_pathway,discharged_to_psych_facility_flag,true_positive,571,4988,274,0.054931836407377706,0.012104894956647093,4.537985385590917,3.4102718004016024e-187
prior_utilisation,previous_ed_visits_365d_high,true_positive,4734,4988,1962,0.3933440256615878,0.10035827097157152,3.919398190638521,0.0
prior_utilisation,previous_psych_admissions_90d_high,true_positive,5289,4988,2180,0.4370489174017642,0.11212397447584321,3.8979078243067913,0.0
care_process,quiet_risk_summary_score_high,true_positive,5811,4988,2187,0.4384522854851644,0.12319009560959064,3.5591520837412993,0.0
prior_utilisation,previous_psych_admissions_365d_high,true_positive,6826,4988,2560,0.5132317562149158,0.14470755336965507,3.5466825626155574,0.0
prior_utilisation,previous_total_admissions_high,true_positive,5064,4988,1684,0.3376102646351243,0.10735409467681414,3.1448289480851987,0.0
diagnosis,new_self_harm_this_admission_flag,true_positive,2147,4988,633,0.12690457097032878,0.04551525301562401,2.788176766297801,1.6166970460172874e-186
discharge_pathway,low_aftercare_quality_flag,true_positive,5719,4988,1652,0.33119486768243783,0.12123974475843209,2.731735111636348,0.0
diagnosis,has_self_harm_or_suicidal_ideation,true_positive,3648,4988,1035,0.20749799518845227,0.07733565114159123,2.683083314428312,1.5817079422016516e-289
diagnosis,self_harm_and_substance_use_flag,true_positive,1867,4988,509,0.1020449077786688,0.03957940259905451,2.5782326431856375,3.9254989021949945e-126
diagnosis,has_psychotic_disorder,true_positive,3064,4988,712,0.14274258219727345,0.06495516312988912,2.197555595570361,1.4873386949999216e-122
prior_utilisation,previous_psych_admissions_90d_any,true_positive,13509,4988,3136,0.6287089013632718,0.28638358313370504,2.195338484433111,0.0
diagnosis,psychosis_and_substance_use_flag,true_positive,1077,4988,239,0.04791499599037691,0.02283182463801912,2.0986056414689593,8.289672083216692e-36
diagnosis,new_psychosis_this_admission_flag,true_positive,1452,4988,309,0.06194867682437851,0.03078162430306756,2.0125213736107157,3.875362378181701e-41
diagnosis,has_personality_disorder,true_positive,904,4988,178,0.035685645549318364,0.01916431705921011,1.8620880378394873,3.713390488219784e-19
diagnosis,has_severe_mental_illness,true_positive,6453,4988,1250,0.25060144346431434,0.13680015263615358,1.831879852728215,8.06382820237074e-135
discharge_pathway,discharged_against_advice,true_positive,527,4988,102,0.02044907778668805,0.011172118462614742,1.8303670745272524,7.000023318663019e-11
prior_utilisation,previous_psych_admissions_365d_any,true_positive,19427,4988,3607,0.7231355252606255,0.41184202158105615,1.755856584241981,0.0
prior_utilisation,previous_ed_visits_365d_any,true_positive,19619,4988,3474,0.6964715316760225,0.41591231900956094,1.6745633631015677,0.0
prior_utilisation,previous_icu_admissions_any,true_positive,9509,4988,1665,0.3338011226944667,0.201585720039855,1.6558768281229035,1.4411215261231611e-133
prior_utilisation,previous_icu_admissions_high,true_positive,9509,4988,1665,0.3338011226944667,0.201585720039855,1.6558768281229035,1.4411215261231611e-133
diagnosis,depression_and_substance_use_flag,true_positive,5254,4988,910,0.18243785084202085,0.11138199317377202,1.63794744234278,1.1546742599612084e-63
diagnosis,has_bipolar_disorder,true_positive,3801,4988,634,0.12710505212510023,0.080579169404931,1.577393426412287,3.6085358992673153e-37
demographics,race_BLACK/AFRICAN AMERICAN,true_positive,6481,4988,1037,0.2078989574979952,0.13739373767781052,1.513161815173265,1.1440332196215779e-52
demographics,insurance_grouped_Medicaid,true_positive,11809,4988,1773,0.3554530874097835,0.25034449131881875,1.419855837599026,3.005321326279729e-73
demographics,race_HISPANIC OR LATINO,true_positive,550,4988,82,0.01643945469125902,0.011659706175404379,1.4099373040752352,0.001131407137816774
discharge_pathway,home_discharge_without_discharge_planning_order_flag,true_positive,309,4988,46,0.009222133119486768,0.006550634923999915,1.4078227876353084,0.017290480152734163
demographics,age_under_40,true_positive,11027,4988,1579,0.3165597433841219,0.2337665090839711,1.3541706407157355,3.1359835800104084e-48
demographics,marital_status_SINGLE,true_positive,22190,4988,3089,0.6192862870890137,0.47041614551313304,1.316464779102112,8.886833930935711e-110
prior_utilisation,previous_total_admissions_any,true_positive,29723,4988,3961,0.7941058540497193,0.6301117211846261,1.2602619937886255,8.067505191148746e-142
demographics,age_40_to_64,true_positive,21361,4988,2835,0.568364073777065,0.4528417883869327,1.2551051787902219,3.456997887896815e-67
medical_complexity,medical_complexity_no_aftercare_flag,true_positive,4284,4988,558,0.11186848436246993,0.09081851137351339,1.2317806432917995,5.180485032030644e-08
prior_utilisation,previous_nonpsych_admissions_365d_any,true_positive,7621,4988,991,0.19867682437850842,0.16156112865955777,1.2297315946409424,5.857496375584193e-14
prior_utilisation,previous_nonpsych_admissions_365d_high,true_positive,7621,4988,991,0.19867682437850842,0.16156112865955777,1.2297315946409424,5.857496375584193e-14
diagnosis,has_substance_use,true_positive,19942,4988,2464,0.49398556535685645,0.42275974645438935,1.1684782420744295,5.7317518424119255e-27
diagnosis,has_depression,true_positive,19231,4988,2344,0.4699278267842823,0.4076869262894575,1.1526683748760533,3.5785698411322504e-21
demographics,marital_status_DIVORCED,true_positive,4289,4988,513,0.1028468323977546,0.0909245087023807,1.1311233226939805,0.0021331400796399187
demographics,gender_M,true_positive,23471,4988,2790,0.5593424218123496,0.49757266116893856,1.1241421916113647,3.2113159119995326e-20
demographics,insurance_grouped_Other / unknown,true_positive,2243,4988,263,0.05272654370489174,0.04755040172987641,1.1088559041923534,0.07485672758157302
demographics,race_HISPANIC/LATINO - PUERTO RICAN,true_positive,1226,4988,143,0.028668805132317562,0.025990545038265037,1.1030474770771221,0.22623229951161597
diagnosis,has_anxiety_ptsd,true_positive,15048,4988,1706,0.34202085004009625,0.31900956095906385,1.072133540486535,0.00024144151958613533
medical_complexity,charlson_5plus,true_positive,2707,4988,302,0.06054530874097835,0.05738695384876301,1.0550361132695567,0.32609878891913724
medical_complexity,charlson_3plus,true_positive,11644,4988,1291,0.2588211708099439,0.24684657946619745,1.0485102583541621,0.03970794767083636
demographics,language_English,true_positive,43738,4988,4751,0.952485966319166,0.9272222339997032,1.027246685199172,4.670674497378421e-13
care_process,quiet_risk_summary_score_any,true_positive,47171,4988,4988,1.0,1.0,1.0,
demographics,race_WHITE,true_positive,30368,4988,2938,0.5890136327185245,0.6437853766085094,0.914922354747284,1.5094902126450515e-17
demographics,language_Spanish,true_positive,1361,4988,131,0.026263031275060144,0.028852472917682476,0.9102523499455268,0.2667403247055559
demographics,race_WHITE - OTHER EUROPEAN,true_positive,1262,4988,121,0.02425821972734563,0.026753725806109685,0.9067230449751352,0.2675947282176354
demographics,race_OTHER,true_positive,1419,4988,134,0.0268644747393745,0.0300820419325433,0.8930402663361765,0.1728851536120461
demographics,insurance_grouped_Private,true_positive,11924,4988,1117,0.22393744987971131,0.25278242988276695,0.8858900912676839,7.827547047621314e-07
demographics,gender_F,true_positive,23700,4988,2198,0.44065757818765033,0.5024273388310615,0.8770573257674958,3.2113159119995326e-20
care_process,num_total_poe_orders_any,true_positive,44816,4988,3971,0.7961106655974338,0.9500752581034958,0.8379448457447463,0.0
care_process,num_care_team_touchpoints_any,true_positive,44925,4988,3978,0.797514033680834,0.9523859998728033,0.8373852973346381,0.0
discharge_pathway,had_substance_use_followup_order,true_positive,307,4988,27,0.00541299117882919,0.00650823599245299,0.8317140289789959,0.3554074344232705
demographics,insurance_grouped_Medicare,true_positive,21195,4988,1835,0.3678829190056135,0.44932267706853785,0.8187499491584711,2.664520961200799e-34
discharge_pathway,discharged_to_facility_flag,true_positive,16552,4988,1413,0.2832798716920609,0.35089355748235146,0.8073099823336277,4.321673589273332e-26
care_process,orders_last_24h_before_discharge_any,true_positive,44410,4988,3748,0.7514033680834001,0.9414682749994701,0.7981186281437078,0.0
care_process,late_medication_change_intensity_score_any,true_positive,29135,4988,2329,0.4669206094627105,0.6176464353098302,0.7559674641827876,1.4952304341989011e-118
care_process,late_medication_change_intensity_score_high,true_positive,5054,4988,401,0.08039294306335204,0.10714210001907952,0.7503394375230271,1.2357231375636442e-10
demographics,race_WHITE - RUSSIAN,true_positive,500,4988,39,0.007818765036086608,0.010599732886731255,0.7376379310344827,0.05058071582094279
care_process,orders_last_12h_before_discharge_high,true_positive,4729,4988,356,0.07137129109863673,0.1002522736427042,0.711916932208457,8.250623239727791e-13
demographics,marital_status_MARRIED,true_positive,14808,4988,1107,0.22193263833199678,0.3139216891734328,0.7069681579388587,1.7617074678621375e-49
care_process,num_total_poe_orders_high,true_positive,4742,4988,347,0.06956696070569367,0.10052786669775922,0.6920166814526099,1.7912481981247894e-14
demographics,language_Chinese,true_positive,308,4988,22,0.004410585404971933,0.0065294354582264525,0.6754926108374384,0.06122856485428975
care_process,late_order_type_diversity_last_12h_high,true_positive,9714,4988,687,0.13773055332798717,0.2059316105234148,0.6688169581052588,2.8082025275901543e-36
care_process,care_team_touchpoints_last_12h_before_discharge_any,true_positive,43117,4988,2989,0.5992381716118684,0.914057365754383,0.6555804854953602,0.0
care_process,orders_last_12h_before_discharge_any,true_positive,43122,4988,2989,0.5992381716118684,0.9141633630832503,0.655504470875735,0.0
care_process,late_order_type_diversity_last_12h_any,true_positive,43044,4988,2981,0.5976343223736968,0.9125098047529202,0.6549346859188192,0.0
discharge_pathway,protective_aftercare_present_flag,true_positive,34278,4988,2323,0.4657177225340818,0.7266752877827479,0.6408883449925658,0.0
discharge_pathway,discharged_home_flag,true_positive,14459,4988,967,0.19386527666399359,0.3065230756184944,0.6324655208186764,2.8218637894559762e-74
discharge_pathway,home_discharge_with_psych_risk,true_positive,2307,4988,149,0.02987169206094627,0.04890716753937801,0.6107835224130457,5.490192540215854e-11
care_process,num_care_team_touchpoints_high,true_positive,5029,4988,311,0.062349639133921414,0.10661211337474295,0.5848269690964818,1.16974926830661e-26
care_process,care_team_touchpoints_last_12h_before_discharge_high,true_positive,4750,4988,291,0.058340016038492384,0.10069746242394692,0.5793593466424682,9.863653235952399e-26
care_process,orders_last_24h_before_discharge_high,true_positive,4765,4988,269,0.05392943063352045,0.10101545441054885,0.5338730687122336,2.4416595951403205e-31
medical_complexity,had_icu_stay,true_positive,8070,4988,446,0.08941459502806737,0.17107968879184243,0.5226488057086699,7.410401710402846e-59
discharge_pathway,home_discharge_without_followup_order_flag,true_positive,8116,4988,432,0.08660785886126704,0.17205486421742172,0.5033734980710729,5.4900746436612e-64
demographics,marital_status_WIDOWED,true_positive,4495,4988,233,0.0467121090617482,0.09529159865171398,0.4902017567412067,6.15028783138872e-35
demographics,language_Kabuverdianu,true_positive,294,4988,14,0.0028067361668003207,0.006232642937397978,0.4503284072249589,0.0015996796391245026
medical_complexity,age_65plus_x_charlson,true_positive,11407,4988,476,0.0954290296712109,0.24182230607788685,0.39462459530294464,1.2914729654426232e-143
diagnosis,has_cognitive_delirium,true_positive,6322,4988,246,0.049318364073777064,0.13402302261982998,0.367984269491322,8.565047537929523e-77
demographics,age_65plus,true_positive,14783,4988,574,0.11507618283881316,0.31339170252909626,0.3671960103287327,1.749376026446222e-223
medical_complexity,vital_instability_near_discharge_score,true_positive,1529,4988,53,0.010625501202886928,0.03241398316762418,0.32780609368304725,5.891765415684461e-20
prior_utilisation,low_psych_history_but_prior_admissions,true_positive,10296,4988,354,0.07097032878909383,0.21826969960356998,0.3251497066152239,4.659909491789467e-156
demographics,language_Russian,true_positive,569,4988,19,0.003809141940657578,0.012062496025100167,0.3157838918853403,2.4341312485762215e-08
demographics,marital_status_Unknown,true_positive,1389,4988,46,0.009222133119486768,0.029446057959339425,0.3131873588043991,6.094761223976756e-19
demographics,age_70plus,true_positive,11090,4988,367,0.0735765838011227,0.23510207542769923,0.3129559093311775,8.666204439530243e-178
demographics,race_UNKNOWN,true_positive,1278,4988,32,0.006415396952686447,0.027092917258485085,0.23679240192110518,2.9137698887801816e-21
demographics,age_80plus,true_positive,5476,4988,131,0.026263031275060144,0.1160882745754807,0.22623328127754969,3.5741440982011064e-97
