subgroup_family,subgroup_name,admissions,readmissions,readmission_rate,mean_predicted_probability,calibration_gap_mean_predicted_minus_observed,absolute_calibration_gap,calibration_direction,brier_score,pr_auc_average_precision,recall_sensitivity,interpretation_reliability
discharge_pathway,home_discharge_without_discharge_planning_order_flag,309,68,0.22006472491909385,0.3371299105099404,0.11706518559084655,0.11706518559084655,overestimates,0.15734808003475081,0.5563480865378473,0.6764705882352942,supporting_interpretation
prior_utilisation,previous_psych_admissions_365d_high,6826,2879,0.42176970407266334,0.5222559348489536,0.10048623077629026,0.10048623077629026,overestimates,0.2135174148666576,0.6816163102861432,0.8891976380687738,main_interpretation
prior_utilisation,previous_psych_admissions_90d_high,5289,2383,0.4505577613915674,0.5496181364517175,0.09906037506015014,0.09906037506015014,overestimates,0.21265444879017917,0.7133764475314095,0.9148132605958875,main_interpretation
diagnosis,psychosis_and_substance_use_flag,1077,318,0.29526462395543174,0.39022340887979956,0.09495878492436782,0.09495878492436782,overestimates,0.12766085873568686,0.8104171014114643,0.7515723270440252,main_interpretation
prior_utilisation,previous_psych_admissions_90d_any,13509,4287,0.31734399289362647,0.40897871993516766,0.09163472704154119,0.09163472704154119,overestimates,0.18185906717911143,0.6309631207156406,0.7315138791695824,main_interpretation
prior_utilisation,previous_ed_visits_365d_high,4734,2161,0.4564850021123785,0.547011192103384,0.09052618999100548,0.09052618999100548,overestimates,0.21901775393374961,0.6902641872452628,0.9079130032392411,main_interpretation
prior_utilisation,previous_total_admissions_high,5064,2035,0.4018562401263823,0.4903856486193119,0.08852940849292956,0.08852940849292956,overestimates,0.20349579898587808,0.6825283350278294,0.8275184275184275,main_interpretation
prior_utilisation,previous_psych_admissions_365d_any,19427,5501,0.2831626087404128,0.3708382956171663,0.08767568687675348,0.08767568687675348,overestimates,0.17087072511310317,0.6046008365214521,0.6556989638247591,main_interpretation
prior_utilisation,previous_ed_visits_365d_any,19619,5368,0.27361231459299656,0.35914791969258775,0.08553560509959118,0.08553560509959118,overestimates,0.16552017801595262,0.6044724508880588,0.6471684053651267,main_interpretation
demographics,race_HISPANIC/LATINO - PUERTO RICAN,1226,246,0.200652528548124,0.28599645170441235,0.08534392315628836,0.08534392315628836,overestimates,0.13117596723014513,0.5699710023557983,0.5813008130081301,main_interpretation
demographics,marital_status_DIVORCED,4289,914,0.21310328747959897,0.29318901678731246,0.08008572930771349,0.08008572930771349,overestimates,0.13310177253428768,0.6045911566355169,0.5612691466083151,main_interpretation
discharge_pathway,home_discharge_with_psych_risk,2307,360,0.15604681404421328,0.23537683216777638,0.0793300181235631,0.0793300181235631,overestimates,0.11751340052745077,0.4337629135512745,0.41388888888888886,main_interpretation
diagnosis,self_harm_and_substance_use_flag,1867,617,0.3304767005891805,0.4094037471035157,0.07892704651433519,0.07892704651433519,overestimates,0.12253718448105472,0.8501417563985108,0.8249594813614263,main_interpretation
diagnosis,depression_and_substance_use_flag,5254,1364,0.2596117244004568,0.338510748360364,0.07889902395990717,0.07889902395990717,overestimates,0.14523130434913079,0.6657642367540485,0.6671554252199413,main_interpretation
demographics,race_HISPANIC OR LATINO,550,119,0.21636363636363637,0.2950111286385786,0.07864749227494222,0.07864749227494222,overestimates,0.12449811955307437,0.6521374363661318,0.6890756302521008,supporting_interpretation
prior_utilisation,previous_nonpsych_admissions_365d_any,7621,1761,0.23107203779031624,0.30930495101263594,0.0782329132223197,0.0782329132223197,overestimates,0.15541307855224912,0.5060347366887541,0.56274843838728,main_interpretation
prior_utilisation,previous_nonpsych_admissions_365d_high,7621,1761,0.23107203779031624,0.30930495101263594,0.0782329132223197,0.0782329132223197,overestimates,0.15541307855224912,0.5060347366887541,0.56274843838728,main_interpretation
diagnosis,has_psychotic_disorder,3064,946,0.3087467362924282,0.3869534911226526,0.07820675483022438,0.07820675483022438,overestimates,0.12074769250497736,0.8311904270120671,0.7526427061310782,main_interpretation
prior_utilisation,previous_icu_admissions_high,9509,2604,0.27384583026606374,0.3516737530600386,0.07782792279397488,0.07782792279397488,overestimates,0.16580326238685822,0.5939962662659428,0.6394009216589862,main_interpretation
prior_utilisation,previous_icu_admissions_any,9509,2604,0.27384583026606374,0.3516737530600386,0.07782792279397488,0.07782792279397488,overestimates,0.16580326238685822,0.5939962662659428,0.6394009216589862,main_interpretation
demographics,language_Spanish,1361,246,0.1807494489346069,0.2585555293354059,0.07780608040079898,0.07780608040079898,overestimates,0.11874212847013829,0.5595788239211079,0.532520325203252,main_interpretation
prior_utilisation,previous_total_admissions_any,29723,6901,0.23217710190761362,0.30960007338341816,0.07742297147580454,0.07742297147580454,overestimates,0.1460989350016292,0.5822049043749429,0.5739747862628605,main_interpretation
demographics,insurance_grouped_Medicaid,11809,2826,0.23930900160894233,0.31666402879855476,0.07735502718961243,0.07735502718961243,overestimates,0.14017105993154863,0.6409662162088579,0.6273885350318471,main_interpretation
discharge_pathway,had_substance_use_followup_order,307,60,0.19543973941368079,0.27156408953924166,0.07612435012556087,0.07612435012556087,overestimates,0.14231381080587405,0.4558065568400266,0.45,supporting_interpretation
demographics,language_Kabuverdianu,294,42,0.14285714285714285,0.2183108871005903,0.07545374424344745,0.07545374424344745,overestimates,0.11165185322837747,0.4226882171994285,0.3333333333333333,supporting_interpretation
medical_complexity,charlson_5plus,2707,602,0.22238640561507203,0.2974744393166645,0.07508803370159248,0.07508803370159248,overestimates,0.15839240468969382,0.441298180039508,0.5016611295681063,main_interpretation
diagnosis,has_severe_mental_illness,6453,1804,0.2795598946226561,0.3534244176944753,0.07386452307181918,0.07386452307181918,overestimates,0.1307382970827976,0.7631138642913055,0.6929046563192904,main_interpretation
diagnosis,has_bipolar_disorder,3801,980,0.2578268876611418,0.3299757567925284,0.07214886913138657,0.07214886913138657,overestimates,0.13754407708401742,0.695519311030472,0.6469387755102041,main_interpretation
medical_complexity,charlson_3plus,11644,2539,0.21805221573342495,0.2901369301248895,0.07208471439146455,0.07208471439146455,overestimates,0.1495252722846027,0.49304749729810815,0.5084679007483262,main_interpretation
diagnosis,has_substance_use,19942,4148,0.20800320930699026,0.2797723463691526,0.07176913706216234,0.07176913706216234,overestimates,0.1273146823671046,0.6119120438974142,0.5940212150433944,main_interpretation
demographics,gender_M,23471,4855,0.20685100762643263,0.2785476039973895,0.07169659637095685,0.07169659637095685,overestimates,0.1267876964815824,0.6113307130540441,0.5746652935118435,main_interpretation
care_process,care_team_touchpoints_last_12h_before_discharge_high,4750,734,0.15452631578947368,0.22567997065040685,0.07115365486093317,0.07115365486093317,overestimates,0.1202020066883212,0.38821117494501334,0.39645776566757496,main_interpretation
demographics,race_BLACK/AFRICAN AMERICAN,6481,1609,0.2482641567659312,0.3193725904115034,0.0711084336455722,0.0711084336455722,overestimates,0.1337226474790976,0.6919440695888543,0.6444996892479801,main_interpretation
discharge_pathway,low_aftercare_quality_flag,5719,1918,0.3353733170134639,0.40568830367931036,0.07031498666584646,0.07031498666584646,overestimates,0.11463118792996961,0.8664648749736266,0.8613138686131386,main_interpretation
demographics,age_40_to_64,21361,4796,0.22452132390805674,0.2947682264397146,0.07024690253165788,0.07024690253165788,overestimates,0.13618423797249768,0.6105544594550312,0.591117597998332,main_interpretation
demographics,language_Chinese,308,50,0.16233766233766234,0.23246089403403508,0.07012323169637275,0.07012323169637275,overestimates,0.11518871495104037,0.4926122113716312,0.44,supporting_interpretation
medical_complexity,medical_complexity_no_aftercare_flag,4284,825,0.19257703081232494,0.26266572938617005,0.07008869857384512,0.07008869857384512,overestimates,0.10612133536241299,0.6846955053307239,0.6763636363636364,main_interpretation
discharge_pathway,discharged_against_advice,527,167,0.31688804554079697,0.38666274506215054,0.06977469952135357,0.06977469952135357,overestimates,0.20705692810901183,0.4783574156122221,0.6107784431137725,supporting_interpretation
discharge_pathway,discharged_to_facility_flag,16552,3290,0.19876752054132432,0.2683052489115185,0.0695377283701942,0.0695377283701942,overestimates,0.13805829691135002,0.4957847561285951,0.42948328267477204,main_interpretation
demographics,marital_status_SINGLE,22190,5027,0.22654348805768365,0.2960042515835303,0.06946076352584662,0.06946076352584662,overestimates,0.12973935706947287,0.6534153221955619,0.6144817982892381,main_interpretation
care_process,quiet_risk_summary_score_high,5811,2410,0.414730683187059,0.48347443247418603,0.06874374928712701,0.06874374928712701,overestimates,0.11310959415071922,0.9128637016939516,0.9074688796680498,main_interpretation
care_process,late_order_type_diversity_last_12h_high,9714,1679,0.17284331892114474,0.24121378354915388,0.06837046462800914,0.06837046462800914,overestimates,0.12993774154615803,0.40594793896452236,0.4091721262656343,main_interpretation
demographics,insurance_grouped_Medicare,21195,3976,0.18759141306912008,0.25591092005071087,0.06831950698159078,0.06831950698159078,overestimates,0.1266488563389923,0.5290279943755272,0.4615191146881288,main_interpretation
diagnosis,has_depression,19231,4191,0.21792938484738184,0.2853672846691129,0.06743789982173104,0.06743789982173104,overestimates,0.13120749706899873,0.6156623960816711,0.5592937246480554,main_interpretation
care_process,late_medication_change_intensity_score_any,29135,5208,0.1787540758537841,0.2457918507467493,0.0670377748929652,0.0670377748929652,overestimates,0.12747868620689373,0.4680046056606716,0.44719662058371734,main_interpretation
discharge_pathway,discharged_home_flag,14459,2307,0.15955460266961755,0.22655932107679042,0.06700471840717287,0.06700471840717287,overestimates,0.11811775928612464,0.429842835640321,0.41915908105765065,main_interpretation
diagnosis,has_self_harm_or_suicidal_ideation,3648,1234,0.33826754385964913,0.40469093995813,0.06642339609848086,0.06642339609848086,overestimates,0.10754705088440908,0.883581753399686,0.8387358184764991,main_interpretation
discharge_pathway,protective_aftercare_present_flag,34278,5927,0.17290973802438883,0.23908909249897137,0.06617935447458254,0.06617935447458254,overestimates,0.12894392546095265,0.41507309006903736,0.3919352117428716,main_interpretation
care_process,orders_last_12h_before_discharge_any,43122,7207,0.16713046704698298,0.23327535687078563,0.06614488982380265,0.06614488982380265,overestimates,0.12374965873428191,0.4257486028456738,0.4147356736506175,main_interpretation
care_process,care_team_touchpoints_last_12h_before_discharge_any,43117,7207,0.1671498480877612,0.23328952406114914,0.06613967597338793,0.06613967597338793,overestimates,0.12376156317969401,0.42575434946210267,0.4147356736506175,main_interpretation
care_process,late_order_type_diversity_last_12h_any,43044,7197,0.16720100362419849,0.23331633946170657,0.06611533583750809,0.06611533583750809,overestimates,0.12383909787851301,0.42508939905811105,0.4142003612616368,main_interpretation
demographics,race_OTHER,1419,243,0.17124735729386892,0.2372394309370164,0.06599207364314749,0.06599207364314749,overestimates,0.09805925329995184,0.6620019450057408,0.551440329218107,main_interpretation
overall,all_test_admissions,47171,9319,0.1975578215428971,0.2634639407639277,0.0659061192210306,0.0659061192210306,overestimates,0.12278740412405476,0.5964790342960908,0.535250563365168,main_interpretation
care_process,quiet_risk_summary_score_any,47171,9319,0.1975578215428971,0.2634639407639277,0.0659061192210306,0.0659061192210306,overestimates,0.12278740412405476,0.5964790342960908,0.535250563365168,main_interpretation
demographics,race_WHITE - RUSSIAN,500,85,0.17,0.23588980090816772,0.0658898009081677,0.0658898009081677,overestimates,0.11167931282989642,0.5648461391586042,0.4588235294117647,supporting_interpretation
diagnosis,new_psychosis_this_admission_flag,1452,417,0.2871900826446281,0.3529594248406803,0.06576934219605224,0.06576934219605224,overestimates,0.09942387642104594,0.8537695007471603,0.7410071942446043,main_interpretation
care_process,num_care_team_touchpoints_any,44925,8247,0.18357262103505842,0.24932301728918174,0.06575039625412332,0.06575039625412332,overestimates,0.1227524605797901,0.5364401610779976,0.4823572208075664,main_interpretation
care_process,num_total_poe_orders_any,44816,8230,0.18363977151017494,0.2493189271501555,0.06567915563998056,0.06567915563998056,overestimates,0.12270709873351104,0.53700197969576,0.4825030376670717,main_interpretation
demographics,language_English,43738,8766,0.20042068681695552,0.2660649377922656,0.06564425097531007,0.06564425097531007,overestimates,0.1236587049603458,0.6015467890464571,0.5419803787360256,main_interpretation
care_process,orders_last_24h_before_discharge_any,44410,7997,0.18007205584327854,0.2456997353450355,0.06562767950175696,0.06562767950175696,overestimates,0.12283515666086853,0.5176726223543198,0.4686757534075278,main_interpretation
medical_complexity,age_65plus_x_charlson,11407,1736,0.15218725344086964,0.2175943754030564,0.06540712196218676,0.06540712196218676,overestimates,0.11844632749898586,0.3820892503632611,0.27419354838709675,main_interpretation
discharge_pathway,home_discharge_without_followup_order_flag,8116,1170,0.1441596845736816,0.2094814261501949,0.0653217415765133,0.0653217415765133,overestimates,0.11077555124839213,0.39505955233229884,0.36923076923076925,main_interpretation
demographics,race_WHITE,30368,5932,0.19533719704952582,0.2600828529230208,0.06474565587349498,0.06474565587349498,overestimates,0.12727092887239078,0.5555571882278715,0.49527983816587995,main_interpretation
demographics,language_Russian,569,76,0.1335676625659051,0.19722544528653763,0.06365778272063252,0.06365778272063252,overestimates,0.10643045489691652,0.39735628012046975,0.25,supporting_interpretation
demographics,age_70plus,11090,1520,0.13706041478809738,0.1997069654854726,0.06264655069737521,0.06264655069737521,overestimates,0.10776774402233727,0.37847726345749133,0.24144736842105263,main_interpretation
demographics,age_under_40,11027,2379,0.21574317584111727,0.278161824087546,0.062418648246428704,0.062418648246428704,overestimates,0.11087603293726674,0.7175175278404943,0.6637242538881883,main_interpretation
demographics,age_65plus,14783,2144,0.14503145504971926,0.20726665971610103,0.06223520466638177,0.06223520466638177,overestimates,0.11231435550334999,0.3907978845348333,0.2677238805970149,main_interpretation
diagnosis,has_anxiety_ptsd,15048,3142,0.20879851143009037,0.2703529236335617,0.061554412203471354,0.061554412203471354,overestimates,0.12802094154856175,0.5968575006008692,0.5429662635264163,main_interpretation
demographics,marital_status_WIDOWED,4495,710,0.15795328142380421,0.2191577958109627,0.06120451438715849,0.06120451438715849,overestimates,0.11850148902097299,0.42111828209584296,0.32816901408450705,main_interpretation
care_process,orders_last_12h_before_discharge_high,4729,802,0.16959187989004018,0.2301138977312844,0.060522017841244224,0.060522017841244224,overestimates,0.12359278320569099,0.42962718345610895,0.44389027431421446,main_interpretation
demographics,marital_status_MARRIED,14808,2585,0.17456780118854673,0.2347642408689237,0.06019643968037697,0.06019643968037697,overestimates,0.11937037143958588,0.5143280098482026,0.42823984526112185,main_interpretation
demographics,gender_F,23700,4464,0.18835443037974683,0.24852602263090745,0.060171592251160616,0.060171592251160616,overestimates,0.11882576438044583,0.5805442484830852,0.4923835125448029,main_interpretation
demographics,age_80plus,5476,700,0.12783053323593865,0.18721656507701176,0.059386031841073106,0.059386031841073106,overestimates,0.10405655004803104,0.3340200584381712,0.18714285714285714,main_interpretation
diagnosis,has_cognitive_delirium,6322,932,0.14742170199304017,0.20667697634479198,0.05925527435175182,0.05925527435175182,overestimates,0.11299346332955902,0.39554125161197157,0.26394849785407726,main_interpretation
care_process,late_medication_change_intensity_score_high,5054,886,0.17530668777206174,0.23343223094251617,0.05812554317045443,0.05812554317045443,overestimates,0.12172235794260557,0.4809667519821582,0.4525959367945824,main_interpretation
prior_utilisation,low_psych_history_but_prior_admissions,10296,1400,0.13597513597513597,0.19405277896470943,0.058077642989573464,0.058077642989573464,overestimates,0.0993583011151097,0.4490938684602007,0.25285714285714284,main_interpretation
diagnosis,has_personality_disorder,904,267,0.29535398230088494,0.35235040513181504,0.056996422830930094,0.056996422830930094,overestimates,0.1583467200073972,0.6757012689362834,0.6666666666666666,supporting_interpretation
care_process,num_total_poe_orders_high,4742,850,0.1792492619148039,0.23592182386947347,0.056672561954669576,0.056672561954669576,overestimates,0.1283102387518198,0.43962105537026136,0.4082352941176471,main_interpretation
care_process,orders_last_24h_before_discharge_high,4765,676,0.14186778593913957,0.19667358607348798,0.05480580013434841,0.05480580013434841,overestimates,0.10446743190746562,0.44007016502480006,0.3979289940828402,main_interpretation
demographics,race_WHITE - OTHER EUROPEAN,1262,248,0.196513470681458,0.2510608196125414,0.0545473489310834,0.0545473489310834,overestimates,0.12576688342052206,0.5598964065394069,0.4879032258064516,main_interpretation
demographics,insurance_grouped_Private,11924,2106,0.17661858436766187,0.23050260165717926,0.05388401728951739,0.05388401728951739,overestimates,0.10568635732049347,0.6188905103546495,0.5303893637226971,main_interpretation
diagnosis,new_self_harm_this_admission_flag,2147,731,0.34047508150908246,0.39214739744874805,0.05167231593966559,0.05167231593966559,overestimates,0.07985668690003966,0.9274422346980641,0.86593707250342,main_interpretation
care_process,num_care_team_touchpoints_high,5029,866,0.17220123284947306,0.22010547357287563,0.047904240723402575,0.047904240723402575,overestimates,0.12270708250223072,0.43756273040759625,0.35912240184757505,main_interpretation
medical_complexity,vital_instability_near_discharge_score,1529,155,0.1013734466971877,0.14835149029556435,0.04697804359837665,0.04697804359837665,overestimates,0.0738142630998809,0.4540588074811952,0.3419354838709677,main_interpretation
demographics,insurance_grouped_Other / unknown,2243,411,0.18323673651359787,0.2299719398386442,0.046735203325046326,0.046735203325046326,overestimates,0.08568789942470922,0.7529368635535937,0.6399026763990268,main_interpretation
medical_complexity,had_icu_stay,8070,1247,0.15452292441140025,0.2009203808297973,0.04639745641839704,0.04639745641839704,overestimates,0.10853522975973444,0.470254563353439,0.35765838011226947,main_interpretation
demographics,marital_status_Unknown,1389,83,0.059755219582433405,0.10117519307315698,0.04141997349072357,0.04141997349072357,overestimates,0.03017577446937493,0.7102197639923268,0.5542168674698795,exploratory_only
demographics,race_UNKNOWN,1278,62,0.048513302034428794,0.08930222477864372,0.040788922744214924,0.040788922744214924,overestimates,0.0296640983841226,0.5876063370938782,0.5161290322580645,exploratory_only
discharge_pathway,discharged_to_psych_facility_flag,571,307,0.5376532399299475,0.5542380951249898,0.01658485519504227,0.01658485519504227,near_observed,0.06423583735450891,0.9761107967001248,0.8925081433224755,supporting_interpretation
