subgroup_family,subgroup_name,subgroup_value,admissions,readmissions,readmission_rate,mean_predicted_probability,threshold,roc_auc,pr_auc_average_precision,brier_score,precision,recall_sensitivity,specificity,f1_score,balanced_accuracy,true_negatives,false_positives,false_negatives,true_positives,model_variant,threshold_role,threshold_selection_metric,training_rows,training_events,test_rows,test_events,common_id_rows,local_matrix_test_rows,selected_threshold,threshold_selection_note,selected_threshold_training_f1,selected_threshold_training_precision,selected_threshold_training_recall,target_recall,selected_threshold_training_specificity,selected_threshold_training_predicted_positive_rate
diagnosis_transfer_learning,has_psychotic_disorder,saved_global_model,3064,946,0.3087467362924282,0.3869534911226526,0.38,0.874628923133436,0.8311904270120671,0.12074769250497736,0.678741658722593,0.7526427061310782,0.8408876298394712,0.7137844611528822,0.7967651679852747,1781,337,234,712,saved_global_model,fixed_final_model_threshold,fixed_final_model_threshold,191320,38039,3064,946,3064,3064,,,,,,,,
diagnosis_transfer_learning,has_psychotic_disorder,subgroup_only_lightgbm_fixed_threshold,3064,946,0.3087467362924282,0.3824932306780772,0.38,0.8585560792722002,0.8146625189069654,0.12615067017223688,0.6613207547169812,0.741014799154334,0.8305004721435316,0.6989032901296112,0.7857576356489329,1759,359,245,701,subgroup_only_lightgbm_fixed_threshold,fixed_final_model_threshold,fixed_final_model_threshold,12373,3924,3064,946,3064,3064,,,,,,,,
diagnosis_transfer_learning,has_psychotic_disorder,subgroup_only_lightgbm_training_f1_threshold,3064,946,0.3087467362924282,0.3824932306780772,0.46,0.8585560792722002,0.8146625189069654,0.12615067017223688,0.7291666666666666,0.7029598308668076,0.8833805476864967,0.7158234660925726,0.7931701892766521,1871,247,281,665,subgroup_only_lightgbm_training_f1_threshold,subgroup_selected_threshold,training_f1,12373,3924,3064,946,3064,3064,0.46,Threshold selected by maximising training-subgroup F1 among usable thresholds.,0.9023972602739726,0.8675917215428034,0.9401121304791029,,,
diagnosis_transfer_learning,has_psychotic_disorder,subgroup_only_lightgbm_training_recall_60_threshold,3064,946,0.3087467362924282,0.3824932306780772,0.78,0.8585560792722002,0.8146625189069654,0.12615067017223688,0.9105263157894737,0.5486257928118393,0.9759206798866855,0.6846965699208444,0.7622732363492624,2067,51,427,519,subgroup_only_lightgbm_training_recall_60_threshold,subgroup_recall_target_threshold,training_recall_target_60,12373,3924,3064,946,3064,3064,0.78,Threshold selected on training subgroup predictions to meet recall target 0.60 with highest available precision.,0.7397815912636505,0.9537409493161706,0.604230377166157,0.6,0.9863889217658894,0.20092136102804495
diagnosis_transfer_learning,has_psychotic_disorder,subgroup_only_lightgbm_training_recall_70_threshold,3064,946,0.3087467362924282,0.3824932306780772,0.7,0.8585560792722002,0.8146625189069654,0.12615067017223688,0.8661538461538462,0.595137420718816,0.9589235127478754,0.7055137844611529,0.7770304667333456,2031,87,383,563,subgroup_only_lightgbm_training_recall_70_threshold,subgroup_recall_target_threshold,training_recall_target_70,12373,3924,3064,946,3064,3064,0.7,Threshold selected on training subgroup predictions to meet recall target 0.70 with highest available precision.,0.8022121961868723,0.9351883271123176,0.7023445463812437,0.7,0.9773937744111729,0.2381799078638972
diagnosis_transfer_learning,has_psychotic_disorder,subgroup_only_lightgbm_training_recall_80_threshold,3064,946,0.3087467362924282,0.3824932306780772,0.62,0.8585560792722002,0.8146625189069654,0.12615067017223688,0.8205841446453408,0.6236786469344608,0.9390934844192634,0.7087087087087087,0.7813860656768621,1989,129,356,590,subgroup_only_lightgbm_training_recall_80_threshold,subgroup_recall_target_threshold,training_recall_target_80,12373,3924,3064,946,3064,3064,0.62,Threshold selected on training subgroup predictions to meet recall target 0.80 with highest available precision.,0.8567928124149197,0.9196376388077148,0.8019877675840978,0.8,0.9674517694401704,0.2765699506991029
diagnosis_transfer_learning,has_psychotic_disorder,global_warm_start_fine_tuned_lightgbm_fixed_threshold,3064,946,0.3087467362924282,0.41131445684500717,0.38,0.8682115642225003,0.8232901128972192,0.1301071719844158,0.6175732217573222,0.7801268498942917,0.7842304060434372,0.6893974778141055,0.7821786279688645,1661,457,208,738,global_warm_start_fine_tuned_lightgbm_fixed_threshold,fixed_final_model_threshold,fixed_final_model_threshold,12373,3924,3064,946,3064,3064,,,,,,,,
diagnosis_transfer_learning,has_psychotic_disorder,global_warm_start_fine_tuned_lightgbm_training_f1_threshold,3064,946,0.3087467362924282,0.41131445684500717,0.48,0.8682115642225003,0.8232901128972192,0.1301071719844158,0.7030927835051546,0.7209302325581395,0.8640226628895185,0.7118997912317327,0.792476447723829,1830,288,264,682,global_warm_start_fine_tuned_lightgbm_training_f1_threshold,subgroup_selected_threshold,training_f1,12373,3924,3064,946,3064,3064,0.48,Threshold selected by maximising training-subgroup F1 among usable thresholds.,0.8001974577317043,0.7757836803062934,0.8261977573904179,,,
diagnosis_transfer_learning,has_psychotic_disorder,global_warm_start_fine_tuned_lightgbm_training_recall_60_threshold,3064,946,0.3087467362924282,0.41131445684500717,0.74,0.8682115642225003,0.8232901128972192,0.1301071719844158,0.8742236024844721,0.595137420718816,0.9617563739376771,0.7081761006289308,0.7784468973282466,2037,81,383,563,global_warm_start_fine_tuned_lightgbm_training_recall_60_threshold,subgroup_recall_target_threshold,training_recall_target_60,12373,3924,3064,946,3064,3064,0.74,Threshold selected on training subgroup predictions to meet recall target 0.60 with highest available precision.,0.7228435728512334,0.9062620053784095,0.6011722731906218,0.6,0.9711208427032785,0.2103774347369272
diagnosis_transfer_learning,has_psychotic_disorder,global_warm_start_fine_tuned_lightgbm_training_recall_70_threshold,3064,946,0.3087467362924282,0.41131445684500717,0.62,0.8682115642225003,0.8232901128972192,0.1301071719844158,0.8052287581699347,0.6511627906976745,0.9296506137865911,0.7200467562828755,0.7904067022421328,1969,149,330,616,global_warm_start_fine_tuned_lightgbm_training_recall_70_threshold,subgroup_recall_target_threshold,training_recall_target_70,12373,3924,3064,946,3064,3064,0.62,Threshold selected on training subgroup predictions to meet recall target 0.70 with highest available precision.,0.7735980981680883,0.8571428571428571,0.7048929663608563,0.7,0.9454373298615221,0.2608098278509658
diagnosis_transfer_learning,has_psychotic_disorder,global_warm_start_fine_tuned_lightgbm_training_recall_80_threshold,3064,946,0.3087467362924282,0.41131445684500717,0.51,0.8682115642225003,0.8232901128972192,0.1301071719844158,0.7293478260869565,0.7093023255813954,0.8824362606232294,0.7191854233654876,0.7958692931023124,1869,249,275,671,global_warm_start_fine_tuned_lightgbm_training_recall_80_threshold,subgroup_recall_target_threshold,training_recall_target_80,12373,3924,3064,946,3064,3064,0.51,Threshold selected on training subgroup predictions to meet recall target 0.80 with highest available precision.,0.7977157360406092,0.7944893832153691,0.8009683995922529,0.8,0.9037755947449402,0.3197284409601552
diagnosis_transfer_learning,has_bipolar_disorder,saved_global_model,3801,980,0.2578268876611418,0.3299757567925284,0.38,0.8174409856108342,0.695519311030472,0.13754407708401742,0.5561403508771929,0.6469387755102041,0.8206309819213045,0.5981132075471698,0.7337848787157543,2315,506,346,634,saved_global_model,fixed_final_model_threshold,fixed_final_model_threshold,191320,38039,3801,980,3801,3801,,,,,,,,
diagnosis_transfer_learning,has_bipolar_disorder,subgroup_only_lightgbm_fixed_threshold,3801,980,0.2578268876611418,0.37131109240162896,0.38,0.7942327586830549,0.6713256470496763,0.15420771981162656,0.4757213230119634,0.689795918367347,0.7359092520382843,0.5630987088713036,0.7128525852028156,2076,745,304,676,subgroup_only_lightgbm_fixed_threshold,fixed_final_model_threshold,fixed_final_model_threshold,15552,4021,3801,980,3801,3801,,,,,,,,
diagnosis_transfer_learning,has_bipolar_disorder,subgroup_only_lightgbm_training_f1_threshold,3801,980,0.2578268876611418,0.37131109240162896,0.52,0.7942327586830549,0.6713256470496763,0.15420771981162656,0.5859802847754655,0.5459183673469388,0.8660049627791563,0.5652403592181722,0.7059616650630476,2443,378,445,535,subgroup_only_lightgbm_training_f1_threshold,subgroup_selected_threshold,training_f1,15552,4021,3801,980,3801,3801,0.52,Threshold selected by maximising training-subgroup F1 among usable thresholds.,0.8720209723546235,0.8371082132235187,0.9099726436209898,,,
diagnosis_transfer_learning,has_bipolar_disorder,subgroup_only_lightgbm_training_recall_60_threshold,3801,980,0.2578268876611418,0.37131109240162896,0.71,0.7942327586830549,0.6713256470496763,0.15420771981162656,0.780040733197556,0.39081632653061227,0.9617157036511875,0.5207341944255608,0.6762660150908999,2713,108,597,383,subgroup_only_lightgbm_training_recall_60_threshold,subgroup_recall_target_threshold,training_recall_target_60,15552,4021,3801,980,3801,3801,0.71,Threshold selected on training subgroup predictions to meet recall target 0.60 with highest available precision.,0.7392660823057495,0.9180811808118081,0.6187515543397165,0.6,0.9807475500823866,0.17425411522633744
diagnosis_transfer_learning,has_bipolar_disorder,subgroup_only_lightgbm_training_recall_70_threshold,3801,980,0.2578268876611418,0.37131109240162896,0.67,0.7942327586830549,0.6713256470496763,0.15420771981162656,0.7336860670194003,0.42448979591836733,0.9464728819567529,0.5378151260504201,0.6854813389375601,2670,151,564,416,subgroup_only_lightgbm_training_recall_70_threshold,subgroup_recall_target_threshold,training_recall_target_70,15552,4021,3801,980,3801,3801,0.67,Threshold selected on training subgroup predictions to meet recall target 0.70 with highest available precision.,0.7902863559797867,0.9071865936190783,0.7000746083063915,0.7,0.9750238487555286,0.1995241769547325
diagnosis_transfer_learning,has_bipolar_disorder,subgroup_only_lightgbm_training_recall_80_threshold,3801,980,0.2578268876611418,0.37131109240162896,0.61,0.7942327586830549,0.6713256470496763,0.15420771981162656,0.672106824925816,0.46224489795918366,0.9216589861751152,0.5477629987908101,0.6919519420671494,2600,221,527,453,subgroup_only_lightgbm_training_recall_80_threshold,subgroup_recall_target_threshold,training_recall_target_80,15552,4021,3801,980,3801,3801,0.61,Threshold selected on training subgroup predictions to meet recall target 0.80 with highest available precision.,0.8431193854966801,0.8846994535519126,0.8052723203183287,0.8,0.9634030006070592,0.2353395061728395
diagnosis_transfer_learning,has_bipolar_disorder,global_warm_start_fine_tuned_lightgbm_fixed_threshold,3801,980,0.2578268876611418,0.4023328696950673,0.38,0.8112859819574764,0.6879314514334713,0.15879129431011957,0.4521633150517977,0.7571428571428571,0.6813186813186813,0.5661961083555894,0.7192307692307692,1922,899,238,742,global_warm_start_fine_tuned_lightgbm_fixed_threshold,fixed_final_model_threshold,fixed_final_model_threshold,15552,4021,3801,980,3801,3801,,,,,,,,
diagnosis_transfer_learning,has_bipolar_disorder,global_warm_start_fine_tuned_lightgbm_training_f1_threshold,3801,980,0.2578268876611418,0.4023328696950673,0.52,0.8112859819574764,0.6879314514334713,0.15879129431011957,0.572926596758818,0.613265306122449,0.8411910669975186,0.5924100542138985,0.7272281865599838,2373,448,379,601,global_warm_start_fine_tuned_lightgbm_training_f1_threshold,subgroup_selected_threshold,training_f1,15552,4021,3801,980,3801,3801,0.52,Threshold selected by maximising training-subgroup F1 among usable thresholds.,0.7546180431414611,0.7244851258581235,0.787366326784382,,,
diagnosis_transfer_learning,has_bipolar_disorder,global_warm_start_fine_tuned_lightgbm_training_recall_60_threshold,3801,980,0.2578268876611418,0.4023328696950673,0.65,0.8112859819574764,0.6879314514334713,0.15879129431011957,0.6930983847283406,0.4816326530612245,0.9259127968805388,0.5683323299217339,0.7037727249708816,2612,209,508,472,global_warm_start_fine_tuned_lightgbm_training_recall_60_threshold,subgroup_recall_target_threshold,training_recall_target_60,15552,4021,3801,980,3801,3801,0.65,Threshold selected on training subgroup predictions to meet recall target 0.60 with highest available precision.,0.6982181040627228,0.8179692718770875,0.6090524745088286,0.6,0.9527361026797329,0.19251543209876543
diagnosis_transfer_learning,has_bipolar_disorder,global_warm_start_fine_tuned_lightgbm_training_recall_70_threshold,3801,980,0.2578268876611418,0.4023328696950673,0.58,0.8112859819574764,0.6879314514334713,0.15879129431011957,0.6301531213191991,0.5459183673469388,0.8886919532080823,0.5850191361399671,0.7173051602775105,2507,314,445,535,global_warm_start_fine_tuned_lightgbm_training_recall_70_threshold,subgroup_recall_target_threshold,training_recall_target_70,15552,4021,3801,980,3801,3801,0.58,Threshold selected on training subgroup predictions to meet recall target 0.70 with highest available precision.,0.7380303620085636,0.7715680954964731,0.7072867445908978,0.7,0.9269794467088718,0.237011316872428
diagnosis_transfer_learning,has_bipolar_disorder,global_warm_start_fine_tuned_lightgbm_training_recall_80_threshold,3801,980,0.2578268876611418,0.4023328696950673,0.5,0.8112859819574764,0.6879314514334713,0.15879129431011957,0.5552608311229,0.6408163265306123,0.8216944345976605,0.5949786830885836,0.7312553805641364,2318,503,352,628,global_warm_start_fine_tuned_lightgbm_training_recall_80_threshold,subgroup_recall_target_threshold,training_recall_target_80,15552,4021,3801,980,3801,3801,0.5,Threshold selected on training subgroup predictions to meet recall target 0.80 with highest available precision.,0.7522850861969224,0.7033751622674167,0.8085053469286247,0.8,0.8811031133466308,0.29719650205761317
diagnosis_transfer_learning,has_depression,saved_global_model,19231,4191,0.21792938484738184,0.2853672846691129,0.38,0.7990146216309519,0.6156623960816711,0.13120749706899873,0.5307971014492754,0.5592937246480554,0.8622340425531915,0.54467294062972,0.7107638836006234,12968,2072,1847,2344,saved_global_model,fixed_final_model_threshold,fixed_final_model_threshold,191320,38039,19231,4191,19231,19231,,,,,,,,
diagnosis_transfer_learning,has_depression,subgroup_only_lightgbm_fixed_threshold,19231,4191,0.21792938484738184,0.40202523954021613,0.38,0.7928192441249486,0.6050653155406377,0.16665570235894162,0.3707826486114299,0.7709377236936292,0.6354388297872341,0.5007361487795429,0.7031882767404316,9557,5483,960,3231,subgroup_only_lightgbm_fixed_threshold,fixed_final_model_threshold,fixed_final_model_threshold,77514,16941,19231,4191,19231,19231,,,,,,,,
diagnosis_transfer_learning,has_depression,subgroup_only_lightgbm_training_f1_threshold,19231,4191,0.21792938484738184,0.40202523954021613,0.54,0.7928192441249486,0.6050653155406377,0.16665570235894162,0.5084239709959479,0.5688379861608208,0.8467420212765957,0.5369369369369369,0.7077900037187083,12735,2305,1807,2384,subgroup_only_lightgbm_training_f1_threshold,subgroup_selected_threshold,training_f1,77514,16941,19231,4191,19231,19231,0.54,Threshold selected by maximising training-subgroup F1 among usable thresholds.,0.6458676014561143,0.5945194598888006,0.7069240304586506,,,
diagnosis_transfer_learning,has_depression,subgroup_only_lightgbm_training_recall_60_threshold,19231,4191,0.21792938484738184,0.40202523954021613,0.6,0.7928192441249486,0.6050653155406377,0.16665570235894162,0.5665317139001349,0.500835122882367,0.893218085106383,0.5316616008105369,0.697026603994375,13434,1606,2092,2099,subgroup_only_lightgbm_training_recall_60_threshold,subgroup_recall_target_threshold,training_recall_target_60,77514,16941,19231,4191,19231,19231,0.6,Threshold selected on training subgroup predictions to meet recall target 0.60 with highest available precision.,0.6321846078908914,0.6527315018545294,0.61289180095626,0.6,0.9088042527198587,0.2052145418892071
diagnosis_transfer_learning,has_depression,subgroup_only_lightgbm_training_recall_70_threshold,19231,4191,0.21792938484738184,0.40202523954021613,0.54,0.7928192441249486,0.6050653155406377,0.16665570235894162,0.5084239709959479,0.5688379861608208,0.8467420212765957,0.5369369369369369,0.7077900037187083,12735,2305,1807,2384,subgroup_only_lightgbm_training_recall_70_threshold,subgroup_recall_target_threshold,training_recall_target_70,77514,16941,19231,4191,19231,19231,0.54,Threshold selected on training subgroup predictions to meet recall target 0.70 with highest available precision.,0.6458676014561143,0.5945194598888006,0.7069240304586506,0.7,0.8651544417479735,0.25987563536909464
diagnosis_transfer_learning,has_depression,subgroup_only_lightgbm_training_recall_80_threshold,19231,4191,0.21792938484738184,0.40202523954021613,0.46,0.7928192441249486,0.6050653155406377,0.16665570235894162,0.43911152531842185,0.6745406824146981,0.7599069148936171,0.5319409163608995,0.7172237986541576,11429,3611,1364,2827,subgroup_only_lightgbm_training_recall_80_threshold,subgroup_recall_target_threshold,training_recall_target_80,77514,16941,19231,4191,19231,19231,0.46,Threshold selected on training subgroup predictions to meet recall target 0.80 with highest available precision.,0.627767885677761,0.5118183510143309,0.8116403990319344,0.8,0.783484390735146,0.34658255282916633
diagnosis_transfer_learning,has_depression,global_warm_start_fine_tuned_lightgbm_fixed_threshold,19231,4191,0.21792938484738184,0.4062713417995537,0.38,0.7967268862608325,0.6090209424020405,0.167777753936152,0.36805477606914355,0.7823908375089478,0.6256648936170213,0.5006106870229008,0.7040278655629846,9410,5630,912,3279,global_warm_start_fine_tuned_lightgbm_fixed_threshold,fixed_final_model_threshold,fixed_final_model_threshold,77514,16941,19231,4191,19231,19231,,,,,,,,
diagnosis_transfer_learning,has_depression,global_warm_start_fine_tuned_lightgbm_training_f1_threshold,19231,4191,0.21792938484738184,0.4062713417995537,0.55,0.7967268862608325,0.6090209424020405,0.167777753936152,0.5156912637828668,0.5802910999761394,0.8481382978723404,0.5460873470304255,0.7142146989242399,12756,2284,1759,2432,global_warm_start_fine_tuned_lightgbm_training_f1_threshold,subgroup_selected_threshold,training_f1,77514,16941,19231,4191,19231,19231,0.55,Threshold selected by maximising training-subgroup F1 among usable thresholds.,0.6244778727237981,0.5809122308004876,0.6751077268165988,,,
diagnosis_transfer_learning,has_depression,global_warm_start_fine_tuned_lightgbm_training_recall_60_threshold,19231,4191,0.21792938484738184,0.4062713417995537,0.6,0.7967268862608325,0.6090209424020405,0.167777753936152,0.5605228758169934,0.5115724170842281,0.8882313829787234,0.5349301397205589,0.6999019000314757,13359,1681,2047,2144,global_warm_start_fine_tuned_lightgbm_training_recall_60_threshold,subgroup_recall_target_threshold,training_recall_target_60,77514,16941,19231,4191,19231,19231,0.6,Threshold selected on training subgroup predictions to meet recall target 0.60 with highest available precision.,0.6145669766880058,0.6291190108191653,0.6006729236762883,0.6,0.9009624750301289,0.2086719818355394
diagnosis_transfer_learning,has_depression,global_warm_start_fine_tuned_lightgbm_training_recall_70_threshold,19231,4191,0.21792938484738184,0.4062713417995537,0.53,0.7967268862608325,0.6090209424020405,0.167777753936152,0.4954002740262282,0.6039131472202338,0.8285904255319149,0.5443010752688172,0.7162517863760743,12462,2578,1660,2531,global_warm_start_fine_tuned_lightgbm_training_recall_70_threshold,subgroup_recall_target_threshold,training_recall_target_70,77514,16941,19231,4191,19231,19231,0.53,Threshold selected on training subgroup predictions to meet recall target 0.70 with highest available precision.,0.6239773442416614,0.5613588110403397,0.7023198158314149,0.7,0.8465157743549107,0.2734344763526589
diagnosis_transfer_learning,has_depression,global_warm_start_fine_tuned_lightgbm_training_recall_80_threshold,19231,4191,0.21792938484738184,0.4062713417995537,0.45,0.7967268862608325,0.6090209424020405,0.167777753936152,0.42602521373713953,0.7015032211882606,0.7366356382978724,0.5301117922827263,0.7190694297430664,11079,3961,1251,2940,global_warm_start_fine_tuned_lightgbm_training_recall_80_threshold,subgroup_recall_target_threshold,training_recall_target_80,77514,16941,19231,4191,19231,19231,0.45,Threshold selected on training subgroup predictions to meet recall target 0.80 with highest available precision.,0.6005260850504165,0.4776317165870498,0.8085709226137773,0.8,0.752678586168755,0.3699847769435199
diagnosis_transfer_learning,has_substance_use,saved_global_model,19942,4148,0.20800320930699026,0.2797723463691526,0.38,0.809586059132351,0.6119120438974142,0.1273146823671046,0.5136543673129039,0.5940212150433944,0.8522856781056097,0.550922302962549,0.7231534465745021,13461,2333,1684,2464,saved_global_model,fixed_final_model_threshold,fixed_final_model_threshold,191320,38039,19942,4148,19942,19942,,,,,,,,
diagnosis_transfer_learning,has_substance_use,subgroup_only_lightgbm_fixed_threshold,19942,4148,0.20800320930699026,0.3927131614359055,0.38,0.8046925342668243,0.5985392077636221,0.1638889309610671,0.3679330619629127,0.7844744455159113,0.6460681271368874,0.5009236453201971,0.7152712863263994,10204,5590,894,3254,subgroup_only_lightgbm_fixed_threshold,fixed_final_model_threshold,fixed_final_model_threshold,80492,17135,19942,4148,19942,19942,,,,,,,,
diagnosis_transfer_learning,has_substance_use,subgroup_only_lightgbm_training_f1_threshold,19942,4148,0.20800320930699026,0.3927131614359055,0.54,0.8046925342668243,0.5985392077636221,0.1638889309610671,0.4887000193162063,0.6099324975891997,0.8324047106496137,0.542627345844504,0.7211686041194068,13147,2647,1618,2530,subgroup_only_lightgbm_training_f1_threshold,subgroup_selected_threshold,training_f1,80492,17135,19942,4148,19942,19942,0.54,Threshold selected by maximising training-subgroup F1 among usable thresholds.,0.6513329040566646,0.5829414476717382,0.7379048730668223,,,
diagnosis_transfer_learning,has_substance_use,subgroup_only_lightgbm_training_recall_60_threshold,19942,4148,0.20800320930699026,0.3927131614359055,0.63,0.8046925342668243,0.5985392077636221,0.1638889309610671,0.5724958494742668,0.498794599807136,0.9021780422945422,0.5331100231898995,0.7004863210508391,14249,1545,2079,2069,subgroup_only_lightgbm_training_recall_60_threshold,subgroup_recall_target_threshold,training_recall_target_60,80492,17135,19942,4148,19942,19942,0.63,Threshold selected on training subgroup predictions to meet recall target 0.60 with highest available precision.,0.6308929224022415,0.6597032036176039,0.6044937262912168,0.6,0.9156683555092571,0.19506286339015058
diagnosis_transfer_learning,has_substance_use,subgroup_only_lightgbm_training_recall_70_threshold,19942,4148,0.20800320930699026,0.3927131614359055,0.56,0.8046925342668243,0.5985392077636221,0.1638889309610671,0.506585824796153,0.5841369334619093,0.850576168165126,0.5426044116000448,0.7173565508135177,13434,2360,1725,2423,subgroup_only_lightgbm_training_recall_70_threshold,subgroup_recall_target_threshold,training_recall_target_70,80492,17135,19942,4148,19942,19942,0.56,Threshold selected on training subgroup predictions to meet recall target 0.70 with highest available precision.,0.6503483436991164,0.5992719401810311,0.7109425153195215,0.7,0.8714269930710103,0.25254683695274066
diagnosis_transfer_learning,has_substance_use,subgroup_only_lightgbm_training_recall_80_threshold,19942,4148,0.20800320930699026,0.3927131614359055,0.48,0.8046925342668243,0.5985392077636221,0.1638889309610671,0.43901675277908253,0.6759884281581485,0.7731416993795112,0.5323208353108685,0.7245650637688299,12211,3583,1344,2804,subgroup_only_lightgbm_training_recall_80_threshold,subgroup_recall_target_threshold,training_recall_target_80,80492,17135,19942,4148,19942,19942,0.48,Threshold selected on training subgroup predictions to meet recall target 0.80 with highest available precision.,0.6378104875804967,0.5263237806035301,0.80922089290925,0.8,0.8030367599475985,0.32729960741440145
diagnosis_transfer_learning,has_substance_use,global_warm_start_fine_tuned_lightgbm_fixed_threshold,19942,4148,0.20800320930699026,0.3952868593507689,0.38,0.8083462080311005,0.6055485701817622,0.16393127821371115,0.3706654696442599,0.7962873674059788,0.6449284538432316,0.5058580289455548,0.7206079106246053,10186,5608,845,3303,global_warm_start_fine_tuned_lightgbm_fixed_threshold,fixed_final_model_threshold,fixed_final_model_threshold,80492,17135,19942,4148,19942,19942,,,,,,,,
diagnosis_transfer_learning,has_substance_use,global_warm_start_fine_tuned_lightgbm_training_f1_threshold,19942,4148,0.20800320930699026,0.3952868593507689,0.54,0.8083462080311005,0.6055485701817622,0.16393127821371115,0.49138261202604366,0.6186113789778206,0.8318348740027859,0.5477054429028816,0.7252231264903033,13138,2656,1582,2566,global_warm_start_fine_tuned_lightgbm_training_f1_threshold,subgroup_selected_threshold,training_f1,80492,17135,19942,4148,19942,19942,0.54,Threshold selected by maximising training-subgroup F1 among usable thresholds.,0.6338708020951012,0.5659010681703571,0.7203968485555879,,,
diagnosis_transfer_learning,has_substance_use,global_warm_start_fine_tuned_lightgbm_training_recall_60_threshold,19942,4148,0.20800320930699026,0.3952868593507689,0.62,0.8083462080311005,0.6055485701817622,0.16393127821371115,0.5625809795283753,0.5233847637415622,0.8931239711282766,0.5422755089296866,0.7082543674349193,14106,1688,1977,2171,global_warm_start_fine_tuned_lightgbm_training_recall_60_threshold,subgroup_recall_target_threshold,training_recall_target_60,80492,17135,19942,4148,19942,19942,0.62,Threshold selected on training subgroup predictions to meet recall target 0.60 with highest available precision.,0.6185505517447062,0.632509911558402,0.6051940472716661,0.6,0.9049039569424058,0.20368483824479452
diagnosis_transfer_learning,has_substance_use,global_warm_start_fine_tuned_lightgbm_training_recall_70_threshold,19942,4148,0.20800320930699026,0.3952868593507689,0.55,0.8083462080311005,0.6055485701817622,0.16393127821371115,0.500993640699523,0.6077627772420443,0.8410155755350133,0.5492374727668845,0.7243891763885288,13283,2511,1627,2521,global_warm_start_fine_tuned_lightgbm_training_recall_70_threshold,subgroup_recall_target_threshold,training_recall_target_70,80492,17135,19942,4148,19942,19942,0.55,Threshold selected on training subgroup predictions to meet recall target 0.70 with highest available precision.,0.6335845896147404,0.5743842832059982,0.7063904289466005,0.7,0.8584371103429771,0.2618024151468469
diagnosis_transfer_learning,has_substance_use,global_warm_start_fine_tuned_lightgbm_training_recall_80_threshold,19942,4148,0.20800320930699026,0.3952868593507689,0.47,0.8083462080311005,0.6055485701817622,0.16393127821371115,0.43317350913994607,0.6969623915139826,0.7604786627833354,0.5342820181112549,0.728720527148659,12011,3783,1257,2891,global_warm_start_fine_tuned_lightgbm_training_recall_80_threshold,subgroup_recall_target_threshold,training_recall_target_80,80492,17135,19942,4148,19942,19942,0.47,Threshold selected on training subgroup predictions to meet recall target 0.80 with highest available precision.,0.6171113650110894,0.5007999418224129,0.8037934053107675,0.8,0.7833072904335748,0.3416737067037718
diagnosis_transfer_learning,has_personality_disorder,saved_global_model,904,267,0.29535398230088494,0.35235040513181504,0.38,0.7946836470110948,0.6757012689362834,0.1583467200073972,0.5426829268292683,0.6666666666666666,0.7645211930926217,0.5983193277310924,0.7155939298796441,487,150,89,178,saved_global_model,fixed_final_model_threshold,fixed_final_model_threshold,191320,38039,904,267,904,904,,,,,,,,
diagnosis_transfer_learning,has_personality_disorder,subgroup_only_lightgbm_fixed_threshold,904,267,0.29535398230088494,0.352321972494302,0.38,0.7607170785340929,0.6180012028629172,0.17379679780391108,0.4839650145772595,0.6217228464419475,0.7221350078492935,0.5442622950819672,0.6719289271456206,460,177,101,166,subgroup_only_lightgbm_fixed_threshold,fixed_final_model_threshold,fixed_final_model_threshold,4288,1436,904,267,904,904,,,,,,,,
diagnosis_transfer_learning,has_personality_disorder,subgroup_only_lightgbm_training_f1_threshold,904,267,0.29535398230088494,0.352321972494302,0.54,0.7607170785340929,0.6180012028629172,0.17379679780391108,0.6060606060606061,0.449438202247191,0.8775510204081632,0.5161290322580645,0.6634946113276772,559,78,147,120,subgroup_only_lightgbm_training_f1_threshold,subgroup_selected_threshold,training_f1,4288,1436,904,267,904,904,0.54,Threshold selected by maximising training-subgroup F1 among usable thresholds.,0.9228687415426252,0.8973684210526316,0.9498607242339833,,,
diagnosis_transfer_learning,has_personality_disorder,subgroup_only_lightgbm_training_recall_60_threshold,904,267,0.29535398230088494,0.352321972494302,0.77,0.7607170785340929,0.6180012028629172,0.17379679780391108,0.7634408602150538,0.26591760299625467,0.9654631083202512,0.39444444444444443,0.6156903556582529,615,22,196,71,subgroup_only_lightgbm_training_recall_60_threshold,subgroup_recall_target_threshold,training_recall_target_60,4288,1436,904,267,904,904,0.77,Threshold selected on training subgroup predictions to meet recall target 0.60 with highest available precision.,0.7462170341547774,0.984036488027366,0.600974930362117,0.6,0.9950911640953717,0.20452425373134328
diagnosis_transfer_learning,has_personality_disorder,subgroup_only_lightgbm_training_recall_70_threshold,904,267,0.29535398230088494,0.352321972494302,0.72,0.7607170785340929,0.6180012028629172,0.17379679780391108,0.7090909090909091,0.29213483146067415,0.9497645211930926,0.41379310344827586,0.6209496763268834,605,32,189,78,subgroup_only_lightgbm_training_recall_70_threshold,subgroup_recall_target_threshold,training_recall_target_70,4288,1436,904,267,904,904,0.72,Threshold selected on training subgroup predictions to meet recall target 0.70 with highest available precision.,0.8160965794768612,0.9666348903717826,0.7061281337047354,0.7,0.9877279102384292,0.24463619402985073
diagnosis_transfer_learning,has_personality_disorder,subgroup_only_lightgbm_training_recall_80_threshold,904,267,0.29535398230088494,0.352321972494302,0.67,0.7607170785340929,0.6180012028629172,0.17379679780391108,0.7022900763358778,0.3445692883895131,0.9387755102040817,0.4623115577889447,0.6416723992967974,598,39,175,92,subgroup_only_lightgbm_training_recall_80_threshold,subgroup_recall_target_threshold,training_recall_target_80,4288,1436,904,267,904,904,0.67,Threshold selected on training subgroup predictions to meet recall target 0.80 with highest available precision.,0.8681526256139025,0.9488026424442609,0.8001392757660167,0.8,0.9782608695652174,0.2824160447761194
diagnosis_transfer_learning,has_personality_disorder,global_warm_start_fine_tuned_lightgbm_fixed_threshold,904,267,0.29535398230088494,0.3832193471839083,0.38,0.7879573609910688,0.6611758393702809,0.16789853648719105,0.4921875,0.7078651685393258,0.6938775510204082,0.5806451612903226,0.700871359779867,442,195,78,189,global_warm_start_fine_tuned_lightgbm_fixed_threshold,fixed_final_model_threshold,fixed_final_model_threshold,4288,1436,904,267,904,904,,,,,,,,
diagnosis_transfer_learning,has_personality_disorder,global_warm_start_fine_tuned_lightgbm_training_f1_threshold,904,267,0.29535398230088494,0.3832193471839083,0.47,0.7879573609910688,0.6611758393702809,0.16789853648719105,0.548951048951049,0.5880149812734082,0.7974882260596546,0.5678119349005425,0.6927516036665314,508,129,110,157,global_warm_start_fine_tuned_lightgbm_training_f1_threshold,subgroup_selected_threshold,training_f1,4288,1436,904,267,904,904,0.47,Threshold selected by maximising training-subgroup F1 among usable thresholds.,0.7846829880728186,0.7142857142857143,0.8704735376044568,,,
diagnosis_transfer_learning,has_personality_disorder,global_warm_start_fine_tuned_lightgbm_training_recall_60_threshold,904,267,0.29535398230088494,0.3832193471839083,0.68,0.7879573609910688,0.6611758393702809,0.16789853648719105,0.7299270072992701,0.37453183520599254,0.9419152276295133,0.49504950495049505,0.6582235314177529,600,37,167,100,global_warm_start_fine_tuned_lightgbm_training_recall_60_threshold,subgroup_recall_target_threshold,training_recall_target_60,4288,1436,904,267,904,904,0.68,Threshold selected on training subgroup predictions to meet recall target 0.60 with highest available precision.,0.7113071371291099,0.8383742911153119,0.6176880222841226,0.6,0.9400420757363254,0.24673507462686567
diagnosis_transfer_learning,has_personality_disorder,global_warm_start_fine_tuned_lightgbm_training_recall_70_threshold,904,267,0.29535398230088494,0.3832193471839083,0.62,0.7879573609910688,0.6611758393702809,0.16789853648719105,0.6666666666666666,0.4344569288389513,0.9089481946624803,0.5260770975056689,0.6717025617507159,579,58,151,116,global_warm_start_fine_tuned_lightgbm_training_recall_70_threshold,subgroup_recall_target_threshold,training_recall_target_70,4288,1436,904,267,904,904,0.62,Threshold selected on training subgroup predictions to meet recall target 0.70 with highest available precision.,0.7524308152580403,0.8126009693053312,0.7005571030640668,0.7,0.9186535764375876,0.2887126865671642
diagnosis_transfer_learning,has_personality_disorder,global_warm_start_fine_tuned_lightgbm_training_recall_80_threshold,904,267,0.29535398230088494,0.3832193471839083,0.54,0.7879573609910688,0.6611758393702809,0.16789853648719105,0.591304347826087,0.5093632958801498,0.8524332810047096,0.5472837022132797,0.6808982884424297,543,94,131,136,global_warm_start_fine_tuned_lightgbm_training_recall_80_threshold,subgroup_recall_target_threshold,training_recall_target_80,4288,1436,904,267,904,904,0.54,Threshold selected on training subgroup predictions to meet recall target 0.80 with highest available precision.,0.782726963617817,0.7647840531561462,0.8015320334261838,0.8,0.8758765778401122,0.3509794776119403
diagnosis_transfer_learning,has_anxiety_ptsd,saved_global_model,15048,3142,0.20879851143009037,0.2703529236335617,0.38,0.8011566147852641,0.5968575006008692,0.12802094154856175,0.5286643941741556,0.5429662635264163,0.8722492860742482,0.5357198932328466,0.7076077748003322,10385,1521,1436,1706,saved_global_model,fixed_final_model_threshold,fixed_final_model_threshold,191320,38039,15048,3142,15048,15048,,,,,,,,
diagnosis_transfer_learning,has_anxiety_ptsd,subgroup_only_lightgbm_fixed_threshold,15048,3142,0.20879851143009037,0.39123049682923255,0.38,0.7944734282325917,0.5838204365429441,0.16389837472893076,0.36553603876438523,0.7683004455760662,0.6480766000335965,0.49538272111635545,0.7081885228048314,7716,4190,728,2414,subgroup_only_lightgbm_fixed_threshold,fixed_final_model_threshold,fixed_final_model_threshold,60846,12470,15048,3142,15048,15048,,,,,,,,
diagnosis_transfer_learning,has_anxiety_ptsd,subgroup_only_lightgbm_training_f1_threshold,15048,3142,0.20879851143009037,0.39123049682923255,0.55,0.7944734282325917,0.5838204365429441,0.16389837472893076,0.5037185354691075,0.560471037555697,0.8542751553838401,0.5305815004519434,0.7073730964697686,10171,1735,1381,1761,subgroup_only_lightgbm_training_f1_threshold,subgroup_selected_threshold,training_f1,60846,12470,15048,3142,15048,15048,0.55,Threshold selected by maximising training-subgroup F1 among usable thresholds.,0.6608956096135583,0.6068553796619265,0.7255012028869287,,,
diagnosis_transfer_learning,has_anxiety_ptsd,subgroup_only_lightgbm_training_recall_60_threshold,15048,3142,0.20879851143009037,0.39123049682923255,0.62,0.7944734282325917,0.5838204365429441,0.16389837472893076,0.5741176470588235,0.46594525779758117,0.9087854863094238,0.5144061841180604,0.6873653720535025,10820,1086,1678,1464,subgroup_only_lightgbm_training_recall_60_threshold,subgroup_recall_target_threshold,training_recall_target_60,60846,12470,15048,3142,15048,15048,0.62,Threshold selected on training subgroup predictions to meet recall target 0.60 with highest available precision.,0.6404877023334034,0.6731771984091913,0.6108259823576584,0.6,0.9235571357698033,0.18596127929527004
diagnosis_transfer_learning,has_anxiety_ptsd,subgroup_only_lightgbm_training_recall_70_threshold,15048,3142,0.20879851143009037,0.39123049682923255,0.56,0.7944734282325917,0.5838204365429441,0.16389837472893076,0.5119331742243437,0.5461489497135582,0.8625902906097765,0.5284878349245458,0.7043696201616674,10270,1636,1426,1716,subgroup_only_lightgbm_training_recall_70_threshold,subgroup_recall_target_threshold,training_recall_target_70,60846,12470,15048,3142,15048,15048,0.56,Threshold selected on training subgroup predictions to meet recall target 0.70 with highest available precision.,0.6589297708784237,0.6162060301507538,0.7080192461908581,0.7,0.8863279312055565,0.23547973572625974
diagnosis_transfer_learning,has_anxiety_ptsd,subgroup_only_lightgbm_training_recall_80_threshold,15048,3142,0.20879851143009037,0.39123049682923255,0.49,0.7944734282325917,0.5838204365429441,0.16389837472893076,0.44964189794091314,0.6394016549968173,0.7934654795901226,0.5279894875164257,0.71643356729347,9447,2459,1133,2009,subgroup_only_lightgbm_training_recall_80_threshold,subgroup_recall_target_threshold,training_recall_target_80,60846,12470,15048,3142,15048,15048,0.49,Threshold selected on training subgroup predictions to meet recall target 0.80 with highest available precision.,0.6481689869144456,0.5409756882949606,0.8083400160384924,0.8,0.8231974532826195,0.3062321270091707
diagnosis_transfer_learning,has_anxiety_ptsd,global_warm_start_fine_tuned_lightgbm_fixed_threshold,15048,3142,0.20879851143009037,0.3971643178816569,0.38,0.7987677021882531,0.5908725252691563,0.1652278175007027,0.36301674322121796,0.7797581158497772,0.6389215521585755,0.4953998584571833,0.7093398340041763,7607,4299,692,2450,global_warm_start_fine_tuned_lightgbm_fixed_threshold,fixed_final_model_threshold,fixed_final_model_threshold,60846,12470,15048,3142,15048,15048,,,,,,,,
diagnosis_transfer_learning,has_anxiety_ptsd,global_warm_start_fine_tuned_lightgbm_training_f1_threshold,15048,3142,0.20879851143009037,0.3971643178816569,0.54,0.7987677021882531,0.5908725252691563,0.1652278175007027,0.49502821822090837,0.5862507956715468,0.8421804132370233,0.5367914906017777,0.7142156044542851,10027,1879,1300,1842,global_warm_start_fine_tuned_lightgbm_training_f1_threshold,subgroup_selected_threshold,training_f1,60846,12470,15048,3142,15048,15048,0.54,Threshold selected by maximising training-subgroup F1 among usable thresholds.,0.62619581066183,0.5625918589047223,0.7060144346431435,,,
diagnosis_transfer_learning,has_anxiety_ptsd,global_warm_start_fine_tuned_lightgbm_training_recall_60_threshold,15048,3142,0.20879851143009037,0.3971643178816569,0.6,0.7987677021882531,0.5908725252691563,0.1652278175007027,0.5484536082474227,0.5079567154678549,0.8896354779102973,0.527428949107733,0.698796096689076,10592,1314,1546,1596,global_warm_start_fine_tuned_lightgbm_training_recall_60_threshold,subgroup_recall_target_threshold,training_recall_target_60,60846,12470,15048,3142,15048,15048,0.6,Threshold selected on training subgroup predictions to meet recall target 0.60 with highest available precision.,0.6160854666397904,0.6194568301580867,0.6127506014434643,0.6,0.9029684140896312,0.2027249120731026
diagnosis_transfer_learning,has_anxiety_ptsd,global_warm_start_fine_tuned_lightgbm_training_recall_70_threshold,15048,3142,0.20879851143009037,0.3971643178816569,0.54,0.7987677021882531,0.5908725252691563,0.1652278175007027,0.49502821822090837,0.5862507956715468,0.8421804132370233,0.5367914906017777,0.7142156044542851,10027,1879,1300,1842,global_warm_start_fine_tuned_lightgbm_training_recall_70_threshold,subgroup_recall_target_threshold,training_recall_target_70,60846,12470,15048,3142,15048,15048,0.54,Threshold selected on training subgroup predictions to meet recall target 0.70 with highest available precision.,0.62619581066183,0.5625918589047223,0.7060144346431435,0.7,0.8585042169670911,0.2571902836669625
diagnosis_transfer_learning,has_anxiety_ptsd,global_warm_start_fine_tuned_lightgbm_training_recall_80_threshold,15048,3142,0.20879851143009037,0.3971643178816569,0.46,0.7987677021882531,0.5908725252691563,0.1652278175007027,0.4265927977839335,0.686187141947804,0.7565933142953133,0.5261102977061981,0.7213902281215586,9008,2898,986,2156,global_warm_start_fine_tuned_lightgbm_training_recall_80_threshold,subgroup_recall_target_threshold,training_recall_target_80,60846,12470,15048,3142,15048,15048,0.46,Threshold selected on training subgroup predictions to meet recall target 0.80 with highest available precision.,0.6055879276856417,0.48263872350559656,0.8125902165196471,0.8,0.7754671738051927,0.34505144134372023
diagnosis_transfer_learning,has_cognitive_delirium,saved_global_model,6322,932,0.14742170199304017,0.20667697634479198,0.38,0.737288493235765,0.39554125161197157,0.11299346332955902,0.45724907063197023,0.26394849785407726,0.9458256029684601,0.3346938775510204,0.6048870504112687,5098,292,686,246,saved_global_model,fixed_final_model_threshold,fixed_final_model_threshold,191320,38039,6322,932,6322,6322,,,,,,,,
diagnosis_transfer_learning,has_cognitive_delirium,subgroup_only_lightgbm_fixed_threshold,6322,932,0.14742170199304017,0.3428775003871554,0.38,0.7131172016211869,0.36002465848982035,0.15907349827752065,0.23998312948123154,0.6105150214592274,0.6656771799628942,0.3445352709657887,0.6380961007110608,3588,1802,363,569,subgroup_only_lightgbm_fixed_threshold,fixed_final_model_threshold,fixed_final_model_threshold,24963,3551,6322,932,6322,6322,,,,,,,,
diagnosis_transfer_learning,has_cognitive_delirium,subgroup_only_lightgbm_training_f1_threshold,6322,932,0.14742170199304017,0.3428775003871554,0.59,0.7131172016211869,0.36002465848982035,0.15907349827752065,0.4033485540334855,0.2843347639484979,0.9272727272727272,0.33354310887350536,0.6058037456106126,4998,392,667,265,subgroup_only_lightgbm_training_f1_threshold,subgroup_selected_threshold,training_f1,24963,3551,6322,932,6322,6322,0.59,Threshold selected by maximising training-subgroup F1 among usable thresholds.,0.8431734317343174,0.7924201139459995,0.9008729935229512,,,
diagnosis_transfer_learning,has_cognitive_delirium,subgroup_only_lightgbm_training_recall_60_threshold,6322,932,0.14742170199304017,0.3428775003871554,0.69,0.7131172016211869,0.36002465848982035,0.15907349827752065,0.5304054054054054,0.1684549356223176,0.9742115027829313,0.255700325732899,0.5713332192026245,5251,139,775,157,subgroup_only_lightgbm_training_recall_60_threshold,subgroup_recall_target_threshold,training_recall_target_60,24963,3551,6322,932,6322,6322,0.69,Threshold selected on training subgroup predictions to meet recall target 0.60 with highest available precision.,0.7248677248677249,0.8778534241089307,0.6172909039707125,0.6,0.9857556510368017,0.10002804150142211
diagnosis_transfer_learning,has_cognitive_delirium,subgroup_only_lightgbm_training_recall_70_threshold,6322,932,0.14742170199304017,0.3428775003871554,0.66,0.7131172016211869,0.36002465848982035,0.15907349827752065,0.49333333333333335,0.1984978540772532,0.9647495361781077,0.28309104820198927,0.5816236951276804,5200,190,747,185,subgroup_only_lightgbm_training_recall_70_threshold,subgroup_recall_target_threshold,training_recall_target_70,24963,3551,6322,932,6322,6322,0.66,Threshold selected on training subgroup predictions to meet recall target 0.70 with highest available precision.,0.7897310513447433,0.8633478115603074,0.7276823430019713,0.7,0.9808985615542687,0.11989744822337059
diagnosis_transfer_learning,has_cognitive_delirium,subgroup_only_lightgbm_training_recall_80_threshold,6322,932,0.14742170199304017,0.3428775003871554,0.63,0.7131172016211869,0.36002465848982035,0.15907349827752065,0.47708333333333336,0.24570815450643776,0.9534322820037106,0.3243626062322946,0.5995702182550742,5139,251,703,229,subgroup_only_lightgbm_training_recall_80_threshold,subgroup_recall_target_threshold,training_recall_target_80,24963,3551,6322,932,6322,6322,0.63,Threshold selected on training subgroup predictions to meet recall target 0.80 with highest available precision.,0.8249249678433614,0.8374927452118398,0.8127288087862574,0.8,0.9738464412478983,0.13804430557224692
diagnosis_transfer_learning,has_cognitive_delirium,global_warm_start_fine_tuned_lightgbm_fixed_threshold,6322,932,0.14742170199304017,0.3826818802697051,0.38,0.7285328099245941,0.3851979480809076,0.17433032765525516,0.227509778357236,0.7489270386266095,0.5602968460111317,0.349,0.6546119423188705,3020,2370,234,698,global_warm_start_fine_tuned_lightgbm_fixed_threshold,fixed_final_model_threshold,fixed_final_model_threshold,24963,3551,6322,932,6322,6322,,,,,,,,
diagnosis_transfer_learning,has_cognitive_delirium,global_warm_start_fine_tuned_lightgbm_training_f1_threshold,6322,932,0.14742170199304017,0.3826818802697051,0.57,0.7285328099245941,0.3851979480809076,0.17433032765525516,0.35810113519091846,0.3723175965665236,0.8846011131725418,0.36507101525512886,0.6284593548695326,4768,622,585,347,global_warm_start_fine_tuned_lightgbm_training_f1_threshold,subgroup_selected_threshold,training_f1,24963,3551,6322,932,6322,6322,0.57,Threshold selected by maximising training-subgroup F1 among usable thresholds.,0.6551724137931034,0.5958035508415955,0.7276823430019713,,,
diagnosis_transfer_learning,has_cognitive_delirium,global_warm_start_fine_tuned_lightgbm_training_recall_60_threshold,6322,932,0.14742170199304017,0.3826818802697051,0.61,0.7285328099245941,0.3851979480809076,0.17433032765525516,0.41143654114365413,0.3165236051502146,0.9217068645640074,0.35779260157671317,0.619115234857111,4968,422,637,295,global_warm_start_fine_tuned_lightgbm_training_recall_60_threshold,subgroup_recall_target_threshold,training_recall_target_60,24963,3551,6322,932,6322,6322,0.61,Threshold selected on training subgroup predictions to meet recall target 0.60 with highest available precision.,0.6386554621848739,0.6577141151894956,0.6206702337369755,0.6,0.9464319073416776,0.13423867323638985
diagnosis_transfer_learning,has_cognitive_delirium,global_warm_start_fine_tuned_lightgbm_training_recall_70_threshold,6322,932,0.14742170199304017,0.3826818802697051,0.58,0.7285328099245941,0.3851979480809076,0.17433032765525516,0.37024608501118567,0.3551502145922747,0.8955473098330241,0.36254107338444685,0.6253487622126495,4827,563,601,331,global_warm_start_fine_tuned_lightgbm_training_recall_70_threshold,subgroup_recall_target_threshold,training_recall_target_70,24963,3551,6322,932,6322,6322,0.58,Threshold selected on training subgroup predictions to meet recall target 0.70 with highest available precision.,0.6538461538461539,0.6105546054238945,0.7037454238242749,0.7,0.9255557631234822,0.16396266474382085
diagnosis_transfer_learning,has_cognitive_delirium,global_warm_start_fine_tuned_lightgbm_training_recall_80_threshold,6322,932,0.14742170199304017,0.3826818802697051,0.53,0.7285328099245941,0.3851979480809076,0.17433032765525516,0.32097791798107256,0.4366952789699571,0.8402597402597403,0.37,0.6384775096148487,4529,861,525,407,global_warm_start_fine_tuned_lightgbm_training_recall_80_threshold,subgroup_recall_target_threshold,training_recall_target_80,24963,3551,6322,932,6322,6322,0.53,Threshold selected on training subgroup predictions to meet recall target 0.80 with highest available precision.,0.6459585838343354,0.5341557724176027,0.8169529709940861,0.8,0.8818419577806837,0.21756199174778673
diagnosis_transfer_learning,has_self_harm_or_suicidal_ideation,saved_global_model,3648,1234,0.33826754385964913,0.40469093995813,0.38,0.9135559855462263,0.883581753399686,0.10754705088440908,0.7247899159663865,0.8387358184764991,0.8371996685998343,0.777610818933133,0.8379677435381667,2021,393,199,1035,saved_global_model,fixed_final_model_threshold,fixed_final_model_threshold,191320,38039,3648,1234,3648,3648,,,,,,,,
diagnosis_transfer_learning,has_self_harm_or_suicidal_ideation,subgroup_only_lightgbm_fixed_threshold,3648,1234,0.33826754385964913,0.3874342652839595,0.38,0.9072526013167382,0.8780778432154039,0.10734972460420522,0.7228654124457308,0.8095623987034035,0.8413421706710853,0.7637614678899083,0.8254522846872444,2031,383,235,999,subgroup_only_lightgbm_fixed_threshold,fixed_final_model_threshold,fixed_final_model_threshold,15279,5522,3648,1234,3648,3648,,,,,,,,
diagnosis_transfer_learning,has_self_harm_or_suicidal_ideation,subgroup_only_lightgbm_training_f1_threshold,3648,1234,0.33826754385964913,0.3874342652839595,0.48,0.9072526013167382,0.8780778432154039,0.10734972460420522,0.7903494176372712,0.7698541329011345,0.8956089478044739,0.7799671592775042,0.8327315403528042,2162,252,284,950,subgroup_only_lightgbm_training_f1_threshold,subgroup_selected_threshold,training_f1,15279,5522,3648,1234,3648,3648,0.48,Threshold selected by maximising training-subgroup F1 among usable thresholds.,0.9005858334812711,0.8831824512534819,0.9186888808402752,,,
diagnosis_transfer_learning,has_self_harm_or_suicidal_ideation,subgroup_only_lightgbm_training_recall_60_threshold,3648,1234,0.33826754385964913,0.3874342652839595,0.85,0.9072526013167382,0.8780778432154039,0.10734972460420522,0.9434447300771208,0.5948136142625607,0.9817729908864954,0.7296222664015904,0.788293302574528,2370,44,500,734,subgroup_only_lightgbm_training_recall_60_threshold,subgroup_recall_target_threshold,training_recall_target_60,15279,5522,3648,1234,3648,3648,0.85,Threshold selected on training subgroup predictions to meet recall target 0.60 with highest available precision.,0.7530508098513423,0.9719358533791523,0.6146323795726186,0.6,0.9899559290765604,0.22854898880816807
diagnosis_transfer_learning,has_self_harm_or_suicidal_ideation,subgroup_only_lightgbm_training_recall_70_threshold,3648,1234,0.33826754385964913,0.3874342652839595,0.76,0.9072526013167382,0.8780778432154039,0.10734972460420522,0.915606936416185,0.6418152350081038,0.9697597348798674,0.7546450690805145,0.8057874849439857,2341,73,442,792,subgroup_only_lightgbm_training_recall_70_threshold,subgroup_recall_target_threshold,training_recall_target_70,15279,5522,3648,1234,3648,3648,0.76,Threshold selected on training subgroup predictions to meet recall target 0.70 with highest available precision.,0.8075880758807588,0.9513752455795678,0.7015574067366896,0.7,0.979706877113867,0.2665095883238432
diagnosis_transfer_learning,has_self_harm_or_suicidal_ideation,subgroup_only_lightgbm_training_recall_80_threshold,3648,1234,0.33826754385964913,0.3874342652839595,0.65,0.9072526013167382,0.8780778432154039,0.10734972460420522,0.8752556237218814,0.6936790923824959,0.9494614747307374,0.7739602169981917,0.8215702835566167,2292,122,378,856,subgroup_only_lightgbm_training_recall_80_threshold,subgroup_recall_target_threshold,training_recall_target_80,15279,5522,3648,1234,3648,3648,0.65,Threshold selected on training subgroup predictions to meet recall target 0.80 with highest available precision.,0.8629283489096573,0.9330526315789474,0.8026077508149221,0.8,0.9674080147586348,0.3108842201714772
diagnosis_transfer_learning,has_self_harm_or_suicidal_ideation,global_warm_start_fine_tuned_lightgbm_fixed_threshold,3648,1234,0.33826754385964913,0.40704387395764313,0.38,0.9115501954428449,0.8791419729716544,0.1100607686294039,0.7027758970886933,0.8411669367909238,0.8181441590720795,0.765769088897086,0.8296555479315016,1975,439,196,1038,global_warm_start_fine_tuned_lightgbm_fixed_threshold,fixed_final_model_threshold,fixed_final_model_threshold,15279,5522,3648,1234,3648,3648,,,,,,,,
diagnosis_transfer_learning,has_self_harm_or_suicidal_ideation,global_warm_start_fine_tuned_lightgbm_training_f1_threshold,3648,1234,0.33826754385964913,0.40704387395764313,0.53,0.9115501954428449,0.8791419729716544,0.1100607686294039,0.8,0.7649918962722853,0.9022369511184756,0.7821043910521955,0.8336144236953804,2178,236,290,944,global_warm_start_fine_tuned_lightgbm_training_f1_threshold,subgroup_selected_threshold,training_f1,15279,5522,3648,1234,3648,3648,0.53,Threshold selected by maximising training-subgroup F1 among usable thresholds.,0.8297775760326827,0.8319679592208266,0.8275986961245926,,,
diagnosis_transfer_learning,has_self_harm_or_suicidal_ideation,global_warm_start_fine_tuned_lightgbm_training_recall_60_threshold,3648,1234,0.33826754385964913,0.40704387395764313,0.85,0.9115501954428449,0.8791419729716544,0.1100607686294039,0.9325699745547074,0.5940032414910859,0.9780447390223695,0.7257425742574257,0.7860239902567276,2361,53,501,733,global_warm_start_fine_tuned_lightgbm_training_recall_60_threshold,subgroup_recall_target_threshold,training_recall_target_60,15279,5522,3648,1234,3648,3648,0.85,Threshold selected on training subgroup predictions to meet recall target 0.60 with highest available precision.,0.7393617021276596,0.952598515134209,0.6041289387902934,0.6,0.9829865737419289,0.22920348190326592
diagnosis_transfer_learning,has_self_harm_or_suicidal_ideation,global_warm_start_fine_tuned_lightgbm_training_recall_70_threshold,3648,1234,0.33826754385964913,0.40704387395764313,0.72,0.9115501954428449,0.8791419729716544,0.1100607686294039,0.8751334044823906,0.6645056726094003,0.9515327257663628,0.7554122524182404,0.8080191991878816,2297,117,414,820,global_warm_start_fine_tuned_lightgbm_training_recall_70_threshold,subgroup_recall_target_threshold,training_recall_target_70,15279,5522,3648,1234,3648,3648,0.72,Threshold selected on training subgroup predictions to meet recall target 0.70 with highest available precision.,0.7951929931764945,0.9085408424482196,0.7069902209344441,0.7,0.9597212257866148,0.28123568296354473
diagnosis_transfer_learning,has_self_harm_or_suicidal_ideation,global_warm_start_fine_tuned_lightgbm_training_recall_80_threshold,3648,1234,0.33826754385964913,0.40704387395764313,0.57,0.9115501954428449,0.8791419729716544,0.1100607686294039,0.8231597845601436,0.7431118314424635,0.9183927091963546,0.7810902896081772,0.830752270319409,2217,197,317,917,global_warm_start_fine_tuned_lightgbm_training_recall_80_threshold,subgroup_recall_target_threshold,training_recall_target_80,15279,5522,3648,1234,3648,3648,0.57,Threshold selected on training subgroup predictions to meet recall target 0.80 with highest available precision.,0.8241645722796239,0.8479218540509481,0.801702281781963,0.8,0.918622527416214,0.3417108449505858
diagnosis_transfer_learning,has_severe_mental_illness,saved_global_model,6453,1804,0.2795598946226561,0.3534244176944753,0.38,0.8426543342654333,0.7631138642913055,0.1307382970827976,0.6112469437652812,0.6929046563192904,0.8289954828995483,0.6495193556767992,0.7609500696094194,3854,795,554,1250,saved_global_model,fixed_final_model_threshold,fixed_final_model_threshold,191320,38039,6453,1804,6453,6453,,,,,,,,
diagnosis_transfer_learning,has_severe_mental_illness,subgroup_only_lightgbm_fixed_threshold,6453,1804,0.2795598946226561,0.3889005193393535,0.38,0.8282636181922155,0.74783814665601,0.14379880283299623,0.5456431535269709,0.7289356984478935,0.7644654764465476,0.624110109159943,0.7467005874472206,3554,1095,489,1315,subgroup_only_lightgbm_fixed_threshold,fixed_final_model_threshold,fixed_final_model_threshold,26364,7476,6453,1804,6453,6453,,,,,,,,
diagnosis_transfer_learning,has_severe_mental_illness,subgroup_only_lightgbm_training_f1_threshold,6453,1804,0.2795598946226561,0.3889005193393535,0.47,0.8282636181922155,0.74783814665601,0.14379880283299623,0.635048231511254,0.6568736141906873,0.8535168853516886,0.6457765667574932,0.755195249771188,3968,681,619,1185,subgroup_only_lightgbm_training_f1_threshold,subgroup_selected_threshold,training_f1,26364,7476,6453,1804,6453,6453,0.47,Threshold selected by maximising training-subgroup F1 among usable thresholds.,0.8230015797788309,0.7799736495388669,0.8710540395933655,,,
diagnosis_transfer_learning,has_severe_mental_illness,subgroup_only_lightgbm_training_recall_60_threshold,6453,1804,0.2795598946226561,0.3889005193393535,0.7,0.8282636181922155,0.74783814665601,0.14379880283299623,0.8093525179856115,0.49889135254988914,0.9543987954398796,0.6172839506172839,0.7266450739948844,4437,212,904,900,subgroup_only_lightgbm_training_recall_60_threshold,subgroup_recall_target_threshold,training_recall_target_60,26364,7476,6453,1804,6453,6453,0.7,Threshold selected on training subgroup predictions to meet recall target 0.60 with highest available precision.,0.7240251973526832,0.8963474827245804,0.6072766185125735,0.6,0.9722045743329097,0.19211803975117583
diagnosis_transfer_learning,has_severe_mental_illness,subgroup_only_lightgbm_training_recall_70_threshold,6453,1804,0.2795598946226561,0.3889005193393535,0.62,0.8282636181922155,0.74783814665601,0.14379880283299623,0.7521105141980046,0.5432372505543237,0.9305226930522693,0.6308336015448986,0.7368799718032966,4326,323,824,980,subgroup_only_lightgbm_training_recall_70_threshold,subgroup_recall_target_threshold,training_recall_target_70,26364,7476,6453,1804,6453,6453,0.62,Threshold selected on training subgroup predictions to meet recall target 0.70 with highest available precision.,0.7799573874072442,0.86519967400163,0.7100053504547886,0.7,0.9562155866158407,0.23270368684569867
diagnosis_transfer_learning,has_severe_mental_illness,subgroup_only_lightgbm_training_recall_80_threshold,6453,1804,0.2795598946226561,0.3889005193393535,0.54,0.8282636181922155,0.74783814665601,0.14379880283299623,0.6883280757097792,0.6047671840354767,0.893740589374059,0.6438477426969608,0.7492538867047678,4155,494,713,1091,subgroup_only_lightgbm_training_recall_80_threshold,subgroup_recall_target_threshold,training_recall_target_80,26364,7476,6453,1804,6453,6453,0.54,Threshold selected on training subgroup predictions to meet recall target 0.80 with highest available precision.,0.814829876643622,0.8259137125583952,0.8040395933654361,0.8,0.9329203727234223,0.27605826126536187
diagnosis_transfer_learning,has_severe_mental_illness,global_warm_start_fine_tuned_lightgbm_fixed_threshold,6453,1804,0.2795598946226561,0.4081743525585863,0.38,0.8386023697249819,0.758137393340625,0.14657648897871722,0.5212007504690431,0.7699556541019955,0.7255323725532372,0.6216155739539047,0.7477440133276163,3373,1276,415,1389,global_warm_start_fine_tuned_lightgbm_fixed_threshold,fixed_final_model_threshold,fixed_final_model_threshold,26364,7476,6453,1804,6453,6453,,,,,,,,
diagnosis_transfer_learning,has_severe_mental_illness,global_warm_start_fine_tuned_lightgbm_training_f1_threshold,6453,1804,0.2795598946226561,0.4081743525585863,0.5,0.8386023697249819,0.758137393340625,0.14657648897871722,0.6286307053941909,0.6718403547671841,0.8459883845988384,0.6495176848874598,0.7589143696830112,3933,716,592,1212,global_warm_start_fine_tuned_lightgbm_training_f1_threshold,subgroup_selected_threshold,training_f1,26364,7476,6453,1804,6453,6453,0.5,Threshold selected by maximising training-subgroup F1 among usable thresholds.,0.745529396629358,0.718091697645601,0.7751471375066881,,,
diagnosis_transfer_learning,has_severe_mental_illness,global_warm_start_fine_tuned_lightgbm_training_recall_60_threshold,6453,1804,0.2795598946226561,0.4081743525585863,0.66,0.8386023697249819,0.758137393340625,0.14657648897871722,0.7705559906029757,0.5454545454545454,0.9369756936975694,0.6387536514118792,0.7412151195760575,4356,293,820,984,global_warm_start_fine_tuned_lightgbm_training_recall_60_threshold,subgroup_recall_target_threshold,training_recall_target_60,26364,7476,6453,1804,6453,6453,0.66,Threshold selected on training subgroup predictions to meet recall target 0.60 with highest available precision.,0.7029618745649988,0.8331805682859762,0.6079454253611557,0.6,0.9518212621770437,0.20691093915945988
diagnosis_transfer_learning,has_severe_mental_illness,global_warm_start_fine_tuned_lightgbm_training_recall_70_threshold,6453,1804,0.2795598946226561,0.4081743525585863,0.57,0.8386023697249819,0.758137393340625,0.14657648897871722,0.686799501867995,0.6114190687361419,0.891804689180469,0.6469208211143695,0.7516118789583055,4146,503,701,1103,global_warm_start_fine_tuned_lightgbm_training_recall_70_threshold,subgroup_recall_target_threshold,training_recall_target_70,26364,7476,6453,1804,6453,6453,0.57,Threshold selected on training subgroup predictions to meet recall target 0.70 with highest available precision.,0.7372185987797181,0.7748783724015922,0.7030497592295345,0.7,0.9191550190597204,0.25728265817023216
diagnosis_transfer_learning,has_severe_mental_illness,global_warm_start_fine_tuned_lightgbm_training_recall_80_threshold,6453,1804,0.2795598946226561,0.4081743525585863,0.47,0.8386023697249819,0.758137393340625,0.14657648897871722,0.6025949062950504,0.6951219512195121,0.8221122822112282,0.6455598455598456,0.7586171167153701,3822,827,550,1254,global_warm_start_fine_tuned_lightgbm_training_recall_80_threshold,subgroup_recall_target_threshold,training_recall_target_80,26364,7476,6453,1804,6453,6453,0.47,Threshold selected on training subgroup predictions to meet recall target 0.80 with highest available precision.,0.7433955292813597,0.6888052036973639,0.8073836276083467,0.8,0.8556226175349428,0.332385070550751
