subgroup_family,subgroup_name,subgroup_value,admissions,readmissions,readmission_rate,mean_predicted_probability,threshold,roc_auc,pr_auc_average_precision,brier_score,precision,recall_sensitivity,specificity,f1_score,balanced_accuracy,true_negatives,false_positives,false_negatives,true_positives,pr_auc_difference_from_overall,recall_difference_from_overall,subgroup_size_flag,event_support_flag,interpretation_reliability
care_process,quiet_risk_summary_score_high,included,5811,2410,0.414730683187059,0.48347443247418603,0.38,0.924169361952367,0.9128637016939516,0.11310959415071922,0.7170491803278689,0.9074688796680498,0.7462511026168774,0.8010989010989011,0.8268599911424637,2538,863,223,2187,0.31638466739786075,0.3722183163028818,large,high_event_support,main_interpretation
care_process,quiet_risk_summary_score_any,included,47171,9319,0.1975578215428971,0.2634639407639277,0.38,0.80138249913702,0.5964790342960908,0.12278740412405476,0.5258275353152013,0.535250563365168,0.8811687625488746,0.5304972081893113,0.7082096629570213,33354,4498,4331,4988,0.0,0.0,large,high_event_support,main_interpretation
care_process,num_total_poe_orders_any,included,44816,8230,0.18363977151017494,0.2493189271501555,0.38,0.7835933032567817,0.53700197969576,0.12270709873351104,0.4934145129224652,0.4825030376670717,0.8885639315585196,0.4878977761395749,0.6855334846127956,32509,4077,4259,3971,-0.059477054600330814,-0.052747525698096265,large,high_event_support,main_interpretation
care_process,num_care_team_touchpoints_any,included,44925,8247,0.18357262103505842,0.24932301728918174,0.38,0.7834733353657088,0.5364401610779976,0.1227524605797901,0.49287572791475653,0.4823572208075664,0.8884072195866732,0.48755974996935897,0.6853822201971198,32585,4093,4269,3978,-0.0600388732180932,-0.052893342557601586,large,high_event_support,main_interpretation
care_process,orders_last_24h_before_discharge_any,included,44410,7997,0.18007205584327854,0.2456997353450355,0.38,0.7787605732370988,0.5176726223543198,0.12283515666086853,0.4833634253288625,0.4686757534075278,0.8899843462499657,0.4759062916640213,0.6793300498287468,32407,4006,4249,3748,-0.07880641194177107,-0.06657480995764015,large,high_event_support,main_interpretation
care_process,late_medication_change_intensity_score_high,included,5054,886,0.17530668777206174,0.23343223094251617,0.38,0.793860727546869,0.4809667519821582,0.12172235794260557,0.4495515695067265,0.4525959367945824,0.8821976967370442,0.45106861642294716,0.6673968167658133,3677,491,485,401,-0.11551228231393262,-0.08265462657058559,large,high_event_support,main_interpretation
care_process,late_medication_change_intensity_score_any,included,29135,5208,0.1787540758537841,0.2457918507467493,0.38,0.76563238593682,0.4680046056606716,0.12747868620689373,0.45205745341614906,0.44719662058371734,0.8820161324027249,0.44961389961389964,0.6646063764932211,21104,2823,2879,2329,-0.12847442863541925,-0.08805394278145062,large,high_event_support,main_interpretation
care_process,orders_last_24h_before_discharge_high,included,4765,676,0.14186778593913957,0.19667358607348798,0.38,0.7854222831930378,0.44007016502480006,0.10446743190746562,0.4629948364888124,0.3979289940828402,0.9236977256052825,0.42800318217979316,0.6608133598440613,3777,312,407,269,-0.15640886927129077,-0.13732156928232775,moderate,high_event_support,main_interpretation
care_process,num_total_poe_orders_high,included,4742,850,0.1792492619148039,0.23592182386947347,0.38,0.7718511577292788,0.43962105537026136,0.1283102387518198,0.4211165048543689,0.4082352941176471,0.8774409044193217,0.4145758661887694,0.6428380992684843,3415,477,503,347,-0.15685797892582948,-0.12701526924752088,moderate,high_event_support,main_interpretation
care_process,num_care_team_touchpoints_high,included,5029,866,0.17220123284947306,0.22010547357287563,0.38,0.7777376192666173,0.43756273040759625,0.12270708250223072,0.43557422969187676,0.35912240184757505,0.903194811434062,0.39367088607594936,0.6311586066408186,3760,403,555,311,-0.1589163038884946,-0.17612816151759292,large,high_event_support,main_interpretation
care_process,orders_last_12h_before_discharge_high,included,4729,802,0.16959187989004018,0.2301138977312844,0.38,0.7781107455451008,0.42962718345610895,0.12359278320569099,0.41735052754982416,0.44389027431421446,0.8734402852049911,0.43021148036253776,0.6586652797596028,3430,497,446,356,-0.16685185083998189,-0.0913602890509535,moderate,high_event_support,main_interpretation
care_process,care_team_touchpoints_last_12h_before_discharge_any,included,43117,7207,0.1671498480877612,0.23328952406114914,0.38,0.7585479393100638,0.42575434946210267,0.12376156317969401,0.43737196371085746,0.4147356736506175,0.892926761347814,0.425753151484937,0.6538312174992158,32065,3845,4218,2989,-0.17072468483398817,-0.12051488971455049,large,high_event_support,main_interpretation
care_process,orders_last_12h_before_discharge_any,included,43122,7207,0.16713046704698298,0.23327535687078563,0.38,0.7585661966731841,0.4257486028456738,0.12374965873428191,0.43737196371085746,0.4147356736506175,0.8929416678268133,0.425753151484937,0.6538386707387154,32070,3845,4218,2989,-0.17073043145041705,-0.12051488971455049,large,high_event_support,main_interpretation
care_process,late_order_type_diversity_last_12h_any,included,43044,7197,0.16720100362419849,0.23331633946170657,0.38,0.7583148982809504,0.42508939905811105,0.12383909787851301,0.4372249926664711,0.4142003612616368,0.8929617541216838,0.4254013556903318,0.6535810576916603,32010,3837,4216,2981,-0.1713896352379798,-0.12105020210353118,large,high_event_support,main_interpretation
care_process,late_order_type_diversity_last_12h_high,included,9714,1679,0.17284331892114474,0.24121378354915388,0.38,0.7432668199320053,0.40594793896452236,0.12993774154615803,0.4222495390288875,0.4091721262656343,0.8830118232731798,0.41560798548094374,0.646091974769407,7095,940,992,687,-0.19053109533156848,-0.12607843709953365,large,high_event_support,main_interpretation
care_process,care_team_touchpoints_last_12h_before_discharge_high,included,4750,734,0.15452631578947368,0.22567997065040685,0.38,0.7564235564553773,0.38821117494501334,0.1202020066883212,0.3844121532364597,0.39645776566757496,0.8839641434262948,0.3903420523138833,0.6402109545469349,3550,466,443,291,-0.2082678593510775,-0.138792797697593,moderate,high_event_support,main_interpretation
demographics,insurance_grouped_Other / unknown,included,2243,411,0.18323673651359787,0.2299719398386442,0.38,0.8789232248536427,0.7529368635535937,0.08568789942470922,0.6795865633074936,0.6399026763990268,0.9323144104803494,0.6591478696741855,0.7861085434396881,1708,124,148,263,0.15645782925750285,0.1046521130338588,moderate,moderate_event_support,main_interpretation
demographics,age_under_40,included,11027,2379,0.21574317584111727,0.278161824087546,0.38,0.8568988828008254,0.7175175278404943,0.11087603293726674,0.581798084008843,0.6637242538881883,0.8687557816836263,0.6200667582957,0.7662400177859073,7513,1135,800,1579,0.12103849354440344,0.12847369052302038,large,high_event_support,main_interpretation
demographics,marital_status_Unknown,included,1389,83,0.059755219582433405,0.10117519307315698,0.38,0.9035129799442795,0.7102197639923268,0.03017577446937493,0.7666666666666667,0.5542168674698795,0.9892802450229708,0.6433566433566433,0.7717485562464252,1292,14,37,46,0.11374072969623594,0.018966304104711562,moderate,limited_event_support,exploratory_only
demographics,race_BLACK/AFRICAN AMERICAN,included,6481,1609,0.2482641567659312,0.3193725904115034,0.38,0.8228481315588322,0.6919440695888543,0.1337226474790976,0.57387935805202,0.6444996892479801,0.8419540229885057,0.6071428571428571,0.7432268561182429,4102,770,572,1037,0.09546503529276351,0.1092491258828121,large,high_event_support,main_interpretation
demographics,race_OTHER,included,1419,243,0.17124735729386892,0.2372394309370164,0.38,0.8387678116514096,0.6620019450057408,0.09805925329995184,0.575107296137339,0.551440329218107,0.9158163265306123,0.5630252100840336,0.7336283278743596,1077,99,109,134,0.06552291070965,0.016189765852939075,moderate,moderate_event_support,main_interpretation
demographics,marital_status_SINGLE,included,22190,5027,0.22654348805768365,0.2960042515835303,0.38,0.8168736460472883,0.6534153221955619,0.12973935706947287,0.5389043963712491,0.6144817982892381,0.8460059430169551,0.574216934659355,0.7302438706530966,14520,2643,1938,3089,0.05693628789947103,0.07923123492407014,large,high_event_support,main_interpretation
demographics,race_HISPANIC OR LATINO,included,550,119,0.21636363636363637,0.2950111286385786,0.38,0.8420519019672835,0.6521374363661318,0.12449811955307437,0.5256410256410257,0.6890756302521008,0.8283062645011601,0.5963636363636363,0.7586909473766305,357,74,37,82,0.05565840207004091,0.15382506688693287,small,moderate_event_support,supporting_interpretation
demographics,insurance_grouped_Medicaid,included,11809,2826,0.23930900160894233,0.31666402879855476,0.38,0.8037324807675172,0.6409662162088579,0.14017105993154863,0.5188762071992976,0.6273885350318471,0.8169876433262829,0.5679961556943777,0.7221880891790651,7339,1644,1053,1773,0.044487181912767015,0.09213797166667914,large,high_event_support,main_interpretation
demographics,insurance_grouped_Private,included,11924,2106,0.17661858436766187,0.23050260165717926,0.38,0.8254647209797613,0.6188905103546495,0.10568635732049347,0.5604616156547918,0.5303893637226971,0.9107761254838053,0.5450109782873872,0.7205827446032511,8942,876,989,1117,0.022411476058558644,-0.0048611996424708925,large,high_event_support,main_interpretation
demographics,gender_M,included,23471,4855,0.20685100762643263,0.2785476039973895,0.38,0.8045877061336559,0.6113307130540441,0.1267876964815824,0.5199403652627655,0.5746652935118435,0.8616244091104426,0.5459348400352216,0.718144851311143,16040,2576,2065,2790,0.014851678757953235,0.039414730146675514,large,high_event_support,main_interpretation
demographics,age_40_to_64,included,21361,4796,0.22452132390805674,0.2947682264397146,0.38,0.7967759504789055,0.6105544594550312,0.13618423797249768,0.515360843483003,0.591117597998332,0.8390582553576819,0.5506458191706323,0.7150879266780069,13899,2666,1961,2835,0.014075425158940336,0.055867034633164,large,high_event_support,main_interpretation
demographics,marital_status_DIVORCED,included,4289,914,0.21310328747959897,0.29318901678731246,0.38,0.7848341032498583,0.6045911566355169,0.13310177253428768,0.5140280561122245,0.5612691466083151,0.8562962962962963,0.5366108786610879,0.7087827214523057,2890,485,401,513,0.008112122339426042,0.026018583243147098,moderate,high_event_support,main_interpretation
demographics,language_English,included,43738,8766,0.20042068681695552,0.2660649377922656,0.38,0.8020304513223694,0.6015467890464571,0.1236587049603458,0.527771606309709,0.5419803787360256,0.8784456136337642,0.5347816298964431,0.7102129961848949,30721,4251,4015,4751,0.005067754750366249,0.006729815370857595,large,high_event_support,main_interpretation
demographics,race_UNKNOWN,included,1278,62,0.048513302034428794,0.08930222477864372,0.38,0.8516022920203735,0.5876063370938782,0.0296640983841226,0.7272727272727273,0.5161290322580645,0.9901315789473685,0.6037735849056604,0.7531303056027165,1204,12,30,32,-0.00887269720221262,-0.019121531107103462,moderate,limited_event_support,exploratory_only
demographics,gender_F,included,23700,4464,0.18835443037974683,0.24852602263090745,0.38,0.7976480683992305,0.5805442484830852,0.11882576438044583,0.5334951456310679,0.4923835125448029,0.9000831773757538,0.5121155638397018,0.6962333449602783,17314,1922,2266,2198,-0.01593478581300567,-0.04286705082036507,large,high_event_support,main_interpretation
demographics,race_HISPANIC/LATINO - PUERTO RICAN,included,1226,246,0.200652528548124,0.28599645170441235,0.38,0.7920939107350257,0.5699710023557983,0.13117596723014513,0.4847457627118644,0.5813008130081301,0.8448979591836735,0.5286506469500925,0.7130993860959018,828,152,103,143,-0.026508031940292498,0.046050249642962116,moderate,moderate_event_support,main_interpretation
demographics,race_WHITE - RUSSIAN,included,500,85,0.17,0.23588980090816772,0.38,0.771566265060241,0.5648461391586042,0.11167931282989642,0.6190476190476191,0.4588235294117647,0.9421686746987952,0.527027027027027,0.7004961020552799,391,24,46,39,-0.03163289513748668,-0.07642703395340328,small,limited_event_support,supporting_interpretation
demographics,race_WHITE - OTHER EUROPEAN,included,1262,248,0.196513470681458,0.2510608196125414,0.38,0.7808145638480627,0.5598964065394069,0.12576688342052206,0.5377777777777778,0.4879032258064516,0.8974358974358975,0.5116279069767442,0.6926695616211745,910,104,127,121,-0.03658262775668397,-0.04734733755871634,moderate,moderate_event_support,main_interpretation
demographics,language_Spanish,included,1361,246,0.1807494489346069,0.2585555293354059,0.38,0.8146633125524082,0.5595788239211079,0.11874212847013829,0.48518518518518516,0.532520325203252,0.8753363228699551,0.5077519379844961,0.7039283240366035,976,139,115,131,-0.03690021037498292,-0.0027302381619159766,moderate,moderate_event_support,main_interpretation
demographics,race_WHITE,included,30368,5932,0.19533719704952582,0.2600828529230208,0.38,0.7809906321405238,0.5555571882278715,0.12727092887239078,0.5036859249099949,0.49527983816587995,0.8815272548698642,0.4994475138121547,0.6884035465178721,21541,2895,2994,2938,-0.04092184606821936,-0.039970725199288015,large,high_event_support,main_interpretation
demographics,insurance_grouped_Medicare,included,21195,3976,0.18759141306912008,0.25591092005071087,0.38,0.769407416681984,0.5290279943755272,0.1266488563389923,0.49742477636215776,0.4615191146881288,0.8923282420581915,0.47879973907371165,0.6769236783731601,15365,1854,2141,1835,-0.06745103992056367,-0.07373144867703918,large,high_event_support,main_interpretation
demographics,marital_status_MARRIED,included,14808,2585,0.17456780118854673,0.2347642408689237,0.38,0.7723246484455297,0.5143280098482026,0.11937037143958588,0.4950805008944544,0.42823984526112185,0.907633150617688,0.45924082140634725,0.6679364979394049,11094,1129,1478,1107,-0.08215102444788824,-0.10701071810404611,large,high_event_support,main_interpretation
demographics,language_Chinese,included,308,50,0.16233766233766234,0.23246089403403508,0.38,0.7711627906976745,0.4926122113716312,0.11518871495104037,0.46808510638297873,0.44,0.9031007751937985,0.4536082474226804,0.6715503875968992,233,25,28,22,-0.10386682292445965,-0.09525056336516796,small,limited_event_support,supporting_interpretation
demographics,language_Kabuverdianu,included,294,42,0.14285714285714285,0.2183108871005903,0.38,0.7069160997732427,0.4226882171994285,0.11165185322837747,0.3684210526315789,0.3333333333333333,0.9047619047619048,0.35,0.6190476190476191,228,24,28,14,-0.17379081709666233,-0.20191723003183465,small,limited_event_support,supporting_interpretation
demographics,marital_status_WIDOWED,included,4495,710,0.15795328142380421,0.2191577958109627,0.38,0.7363793327999701,0.42111828209584296,0.11850148902097299,0.5065217391304347,0.32816901408450705,0.9400264200792602,0.39829059829059826,0.6340977170818836,3558,227,477,233,-0.17536075220024788,-0.20708154928066091,moderate,high_event_support,main_interpretation
demographics,language_Russian,included,569,76,0.1335676625659051,0.19722544528653763,0.38,0.7085246076652076,0.39735628012046975,0.10643045489691652,0.5428571428571428,0.25,0.9675456389452333,0.34234234234234234,0.6087728194726166,477,16,57,19,-0.1991227541756211,-0.28525056336516796,small,limited_event_support,supporting_interpretation
demographics,age_65plus,included,14783,2144,0.14503145504971926,0.20726665971610103,0.38,0.7348735420334832,0.3907978845348333,0.11231435550334999,0.45161290322580644,0.2677238805970149,0.9448532320594983,0.33616398243045387,0.6062885563282566,11942,697,1570,574,-0.20568114976125756,-0.26752668276815306,large,high_event_support,main_interpretation
demographics,age_70plus,included,11090,1520,0.13706041478809738,0.1997069654854726,0.38,0.73191538799978,0.37847726345749133,0.10776774402233727,0.4604767879548306,0.24144736842105263,0.955067920585162,0.31678895123003886,0.5982576445031074,9140,430,1153,367,-0.2180017708385995,-0.29380319494411533,large,high_event_support,main_interpretation
demographics,age_80plus,included,5476,700,0.12783053323593865,0.18721656507701176,0.38,0.7183402129696099,0.3340200584381712,0.10405655004803104,0.4532871972318339,0.18714285714285714,0.9669179229480737,0.2649140546006067,0.5770303900454654,4618,158,569,131,-0.26245897585791966,-0.3481077062223108,large,high_event_support,main_interpretation
diagnosis,new_self_harm_this_admission_flag,included,2147,731,0.34047508150908246,0.39214739744874805,0.38,0.9426565265443978,0.9274422346980641,0.07985668690003966,0.8296199213630406,0.86593707250342,0.9081920903954802,0.8473895582329317,0.8870645814494501,1286,130,98,633,0.33096320040197325,0.33068650913825204,moderate,high_event_support,main_interpretation
diagnosis,has_self_harm_or_suicidal_ideation,included,3648,1234,0.33826754385964913,0.40469093995813,0.38,0.9135559855462263,0.883581753399686,0.10754705088440908,0.7247899159663865,0.8387358184764991,0.8371996685998343,0.777610818933133,0.8379677435381667,2021,393,199,1035,0.2871027191035952,0.3034852551113312,moderate,high_event_support,main_interpretation
diagnosis,new_psychosis_this_admission_flag,included,1452,417,0.2871900826446281,0.3529594248406803,0.38,0.8914167216951077,0.8537695007471603,0.09942387642104594,0.7592137592137592,0.7410071942446043,0.9053140096618357,0.75,0.82316060195322,937,98,108,309,0.25729046645106946,0.2057566308794363,moderate,moderate_event_support,main_interpretation
diagnosis,self_harm_and_substance_use_flag,included,1867,617,0.3304767005891805,0.4094037471035157,0.38,0.8902807131280389,0.8501417563985108,0.12253718448105472,0.668856767411301,0.8249594813614263,0.7984,0.7387518142235123,0.8116797406807131,998,252,108,509,0.2536627221024199,0.2897089179962583,moderate,high_event_support,main_interpretation
diagnosis,has_psychotic_disorder,included,3064,946,0.3087467362924282,0.3869534911226526,0.38,0.874628923133436,0.8311904270120671,0.12074769250497736,0.678741658722593,0.7526427061310782,0.8408876298394712,0.7137844611528822,0.7967651679852747,1781,337,234,712,0.2347113927159763,0.21739214276591023,moderate,high_event_support,main_interpretation
diagnosis,psychosis_and_substance_use_flag,included,1077,318,0.29526462395543174,0.39022340887979956,0.38,0.8633753449175926,0.8104171014114643,0.12766085873568686,0.6240208877284595,0.7515723270440252,0.8102766798418972,0.68188302425107,0.7809245034429613,615,144,79,239,0.21393806711537344,0.21632176367885725,moderate,moderate_event_support,main_interpretation
diagnosis,has_severe_mental_illness,included,6453,1804,0.2795598946226561,0.3534244176944753,0.38,0.8426543342654333,0.7631138642913055,0.1307382970827976,0.6112469437652812,0.6929046563192904,0.8289954828995483,0.6495193556767992,0.7609500696094194,3854,795,554,1250,0.16663482999521462,0.15765409295412247,large,high_event_support,main_interpretation
diagnosis,has_bipolar_disorder,included,3801,980,0.2578268876611418,0.3299757567925284,0.38,0.8174409856108342,0.695519311030472,0.13754407708401742,0.5561403508771929,0.6469387755102041,0.8206309819213045,0.5981132075471698,0.7337848787157543,2315,506,346,634,0.0990402767343812,0.1116882121450361,moderate,high_event_support,main_interpretation
diagnosis,has_personality_disorder,included,904,267,0.29535398230088494,0.35235040513181504,0.38,0.7946836470110948,0.6757012689362834,0.1583467200073972,0.5426829268292683,0.6666666666666666,0.7645211930926217,0.5983193277310924,0.7155939298796441,487,150,89,178,0.07922223464019251,0.13141610330149867,small,moderate_event_support,supporting_interpretation
diagnosis,depression_and_substance_use_flag,included,5254,1364,0.2596117244004568,0.338510748360364,0.38,0.8101810040030457,0.6657642367540485,0.14523130434913079,0.527536231884058,0.6671554252199413,0.7904884318766067,0.5891874393007446,0.728821928548274,3075,815,454,910,0.06928520245795766,0.13190486185477335,large,high_event_support,main_interpretation
diagnosis,has_depression,included,19231,4191,0.21792938484738184,0.2853672846691129,0.38,0.7990146216309519,0.6156623960816711,0.13120749706899873,0.5307971014492754,0.5592937246480554,0.8622340425531915,0.54467294062972,0.7107638836006234,12968,2072,1847,2344,0.019183361785580222,0.024043161282887415,large,high_event_support,main_interpretation
diagnosis,has_substance_use,included,19942,4148,0.20800320930699026,0.2797723463691526,0.38,0.809586059132351,0.6119120438974142,0.1273146823671046,0.5136543673129039,0.5940212150433944,0.8522856781056097,0.550922302962549,0.7231534465745021,13461,2333,1684,2464,0.015433009601323322,0.05877065167822648,large,high_event_support,main_interpretation
diagnosis,has_anxiety_ptsd,included,15048,3142,0.20879851143009037,0.2703529236335617,0.38,0.8011566147852641,0.5968575006008692,0.12802094154856175,0.5286643941741556,0.5429662635264163,0.8722492860742482,0.5357198932328466,0.7076077748003322,10385,1521,1436,1706,0.00037846630477833543,0.00771570016124834,large,high_event_support,main_interpretation
diagnosis,has_cognitive_delirium,included,6322,932,0.14742170199304017,0.20667697634479198,0.38,0.737288493235765,0.39554125161197157,0.11299346332955902,0.45724907063197023,0.26394849785407726,0.9458256029684601,0.3346938775510204,0.6048870504112687,5098,292,686,246,-0.20093778268411927,-0.2713020655110907,large,high_event_support,main_interpretation
discharge_pathway,discharged_to_psych_facility_flag,included,571,307,0.5376532399299475,0.5542380951249898,0.38,0.9641076892705556,0.9761107967001248,0.06423583735450891,0.9133333333333333,0.8925081433224755,0.9015151515151515,0.9028006589785832,0.8970116474188135,238,26,33,274,0.37963176240403396,0.35725757995730756,small,moderate_event_support,supporting_interpretation
discharge_pathway,low_aftercare_quality_flag,included,5719,1918,0.3353733170134639,0.40568830367931036,0.38,0.9087231860119133,0.8664648749736266,0.11463118792996961,0.6712718407151564,0.8613138686131386,0.7871612733491187,0.7545101621374743,0.8242375709811287,2992,809,266,1652,0.2699858406775357,0.32606330524797067,large,high_event_support,main_interpretation
discharge_pathway,home_discharge_without_discharge_planning_order_flag,included,309,68,0.22006472491909385,0.3371299105099404,0.38,0.7606175250183062,0.5563480865378473,0.15734808003475081,0.4107142857142857,0.6764705882352942,0.7261410788381742,0.5111111111111111,0.7013058335367341,175,66,22,46,-0.04013094775824355,0.1412200248701262,small,limited_event_support,supporting_interpretation
discharge_pathway,discharged_to_facility_flag,included,16552,3290,0.19876752054132432,0.2683052489115185,0.38,0.7404721490979781,0.4957847561285951,0.13805829691135002,0.46943521594684384,0.42948328267477204,0.8795807570502187,0.44857142857142857,0.6545320198624953,11665,1597,1877,1413,-0.10069427816749571,-0.10576728069039593,large,high_event_support,main_interpretation
discharge_pathway,discharged_against_advice,included,527,167,0.31688804554079697,0.38666274506215054,0.38,0.6790086493679308,0.4783574156122221,0.20705692810901183,0.4533333333333333,0.6107784431137725,0.6583333333333333,0.5204081632653061,0.6345558882235529,237,123,65,102,-0.11812161868386872,0.07552787974860453,small,moderate_event_support,supporting_interpretation
discharge_pathway,had_substance_use_followup_order,included,307,60,0.19543973941368079,0.27156408953924166,0.38,0.7485155195681512,0.4558065568400266,0.14231381080587405,0.39705882352941174,0.45,0.8340080971659919,0.421875,0.642004048582996,206,41,33,27,-0.14067247745606426,-0.08525056336516795,small,limited_event_support,supporting_interpretation
discharge_pathway,home_discharge_with_psych_risk,included,2307,360,0.15604681404421328,0.23537683216777638,0.38,0.7718455743879472,0.4337629135512745,0.11751340052745077,0.43440233236151604,0.41388888888888886,0.9003595274781715,0.4238975817923186,0.6571242081835302,1753,194,211,149,-0.16271612074481634,-0.1213616744762791,moderate,moderate_event_support,main_interpretation
discharge_pathway,discharged_home_flag,included,14459,2307,0.15955460266961755,0.22655932107679042,0.38,0.7641259049867692,0.429842835640321,0.11811775928612464,0.45144724556489263,0.41915908105765065,0.9033080974325214,0.4347044279613396,0.661233589245086,10977,1175,1340,967,-0.16663619865576984,-0.11609148230751731,large,high_event_support,main_interpretation
discharge_pathway,protective_aftercare_present_flag,included,34278,5927,0.17290973802438883,0.23908909249897137,0.38,0.7428777460489998,0.41507309006903736,0.12894392546095265,0.4318646588585239,0.3919352117428716,0.8922083877111918,0.4109322483637007,0.6420717997270318,25295,3056,3604,2323,-0.18140594422705347,-0.14331535162229636,large,high_event_support,main_interpretation
discharge_pathway,home_discharge_without_followup_order_flag,included,8116,1170,0.1441596845736816,0.2094814261501949,0.38,0.7553834095008871,0.39505955233229884,0.11077555124839213,0.4467425025853154,0.36923076923076925,0.9229772530953066,0.4043051006083294,0.646104011163038,6411,535,738,432,-0.201419481963792,-0.1660197941343987,large,high_event_support,main_interpretation
medical_complexity,medical_complexity_no_aftercare_flag,included,4284,825,0.19257703081232494,0.26266572938617005,0.38,0.860348147564106,0.6846955053307239,0.10612133536241299,0.5613682092555332,0.6763636363636364,0.8739520092512287,0.6135239142385926,0.7751578228074325,3023,436,267,558,0.08821647103463304,0.14111307299846843,moderate,high_event_support,main_interpretation
medical_complexity,charlson_3plus,included,11644,2539,0.21805221573342495,0.2901369301248895,0.38,0.7484960697685032,0.49304749729810815,0.1495252722846027,0.44841959013546373,0.5084679007483262,0.8255903349807798,0.4765596160944998,0.667029117864553,7517,1588,1248,1291,-0.10343153699798269,-0.026782662616841812,large,high_event_support,main_interpretation
medical_complexity,had_icu_stay,included,8070,1247,0.15452292441140025,0.2009203808297973,0.38,0.7937492896626239,0.470254563353439,0.10853522975973444,0.48903508771929827,0.35765838011226947,0.93170159753774,0.413154238073182,0.6446799888250048,6357,466,801,446,-0.12622447094265182,-0.1775921832528985,large,high_event_support,main_interpretation
medical_complexity,vital_instability_near_discharge_score,included,1529,155,0.1013734466971877,0.14835149029556435,0.38,0.8690566746490115,0.4540588074811952,0.0738142630998809,0.4732142857142857,0.3419354838709677,0.9570596797671034,0.3970037453183521,0.6494975818190356,1315,59,102,53,-0.14242022681489563,-0.19331507949420024,moderate,moderate_event_support,main_interpretation
medical_complexity,charlson_5plus,included,2707,602,0.22238640561507203,0.2974744393166645,0.38,0.7274934699063297,0.441298180039508,0.15839240468969382,0.41032608695652173,0.5016611295681063,0.7938242280285036,0.4514200298953662,0.6477426787983049,1671,434,300,302,-0.15518085425658285,-0.033589433797061696,moderate,high_event_support,main_interpretation
medical_complexity,age_65plus_x_charlson,included,11407,1736,0.15218725344086964,0.2175943754030564,0.38,0.7301742894215068,0.3820892503632611,0.11844632749898586,0.4335154826958106,0.27419354838709675,0.9356840037224693,0.3359209597741708,0.6049387760547831,9049,622,1260,476,-0.21438978393282976,-0.2610570149780712,large,high_event_support,main_interpretation
overall,all_test_admissions,included,47171,9319,0.1975578215428971,0.2634639407639277,0.38,0.80138249913702,0.5964790342960908,0.12278740412405476,0.5258275353152013,0.535250563365168,0.8811687625488746,0.5304972081893113,0.7082096629570213,33354,4498,4331,4988,0.0,0.0,large,high_event_support,main_interpretation
prior_utilisation,previous_psych_admissions_90d_high,included,5289,2383,0.4505577613915674,0.5496181364517175,0.38,0.7428474347573819,0.7133764475314095,0.21265444879017917,0.5249217433180833,0.9148132605958875,0.3210598761183758,0.6670746634026927,0.6179365683571316,933,1973,203,2180,0.11689741323531866,0.37956269723071956,large,high_event_support,main_interpretation
prior_utilisation,previous_ed_visits_365d_high,included,4734,2161,0.4564850021123785,0.547011192103384,0.38,0.7197210270827604,0.6902641872452628,0.21901775393374961,0.5254418853776112,0.9079130032392411,0.3113097551496308,0.665648854961832,0.609611379194436,801,1772,199,1962,0.093785152949172,0.3726624398740731,moderate,high_event_support,main_interpretation
prior_utilisation,previous_total_admissions_high,included,5064,2035,0.4018562401263823,0.4903856486193119,0.38,0.7489113832461473,0.6825283350278294,0.20349579898587808,0.5184729064039408,0.8275184275184275,0.4836579729283592,0.637516562559152,0.6555882002233934,1465,1564,351,1684,0.08604930073173855,0.29226786415325956,large,high_event_support,main_interpretation
prior_utilisation,previous_psych_admissions_365d_high,included,6826,2879,0.42176970407266334,0.5222559348489536,0.38,0.7323547071641241,0.6816163102861432,0.2135174148666576,0.5003909304143862,0.8891976380687738,0.3524195591588548,0.6404002501563477,0.6208085986138143,1391,2556,319,2560,0.08513727599005239,0.35394707470360587,large,high_event_support,main_interpretation
prior_utilisation,previous_psych_admissions_90d_any,included,13509,4287,0.31734399289362647,0.40897871993516766,0.38,0.7627129919290677,0.6309631207156406,0.18185906717911143,0.4846237057641786,0.7315138791695824,0.6383647798742138,0.5830079940509388,0.6849393295218982,5887,3335,1151,3136,0.03448408641954981,0.19626331580441447,large,high_event_support,main_interpretation
prior_utilisation,previous_psych_admissions_365d_any,included,19427,5501,0.2831626087404128,0.3708382956171663,0.38,0.7594504836285952,0.6046008365214521,0.17087072511310317,0.4812541694462975,0.6556989638247591,0.7208099956915123,0.5550938750384734,0.6882544797581357,10038,3888,1894,3607,0.008121802225361296,0.12044840045959115,large,high_event_support,main_interpretation
prior_utilisation,previous_ed_visits_365d_any,included,19619,5368,0.27361231459299656,0.35914791969258775,0.38,0.7665219796325637,0.6044724508880588,0.16552017801595262,0.48465401785714285,0.6471684053651267,0.7407901199915795,0.5542437779195916,0.6939792626783531,10557,3694,1894,3474,0.00799341659196795,0.11191784199995869,large,high_event_support,main_interpretation
prior_utilisation,previous_icu_admissions_any,included,9509,2604,0.27384583026606374,0.3516737530600386,0.38,0.7636473603246161,0.5939962662659428,0.16580326238685822,0.48528125910813175,0.6394009216589862,0.744243301955105,0.551781275890638,0.6918221118070456,5139,1766,939,1665,-0.0024827680301480193,0.10415035829381825,large,high_event_support,main_interpretation
prior_utilisation,previous_icu_admissions_high,included,9509,2604,0.27384583026606374,0.3516737530600386,0.38,0.7636473603246161,0.5939962662659428,0.16580326238685822,0.48528125910813175,0.6394009216589862,0.744243301955105,0.551781275890638,0.6918221118070456,5139,1766,939,1665,-0.0024827680301480193,0.10415035829381825,large,high_event_support,main_interpretation
prior_utilisation,previous_total_admissions_any,included,29723,6901,0.23217710190761362,0.30960007338341816,0.38,0.777201782801193,0.5822049043749429,0.1460989350016292,0.49321379653841363,0.5739747862628605,0.8216633073350276,0.5305384409322261,0.697819046798944,18752,4070,2940,3961,-0.01427412992114796,0.038724222897692506,large,high_event_support,main_interpretation
prior_utilisation,previous_nonpsych_admissions_365d_any,included,7621,1761,0.23107203779031624,0.30930495101263594,0.38,0.7543603056749094,0.5060347366887541,0.15541307855224912,0.45668202764976956,0.56274843838728,0.7988054607508532,0.5041974052403968,0.6807769495690665,4681,1179,770,991,-0.09044429760733674,0.027497875022111984,large,high_event_support,main_interpretation
prior_utilisation,previous_nonpsych_admissions_365d_high,included,7621,1761,0.23107203779031624,0.30930495101263594,0.38,0.7543603056749094,0.5060347366887541,0.15541307855224912,0.45668202764976956,0.56274843838728,0.7988054607508532,0.5041974052403968,0.6807769495690665,4681,1179,770,991,-0.09044429760733674,0.027497875022111984,large,high_event_support,main_interpretation
prior_utilisation,low_psych_history_but_prior_admissions,included,10296,1400,0.13597513597513597,0.19405277896470943,0.38,0.7447120696300102,0.4490938684602007,0.0993583011151097,0.6604477611940298,0.25285714285714284,0.9795413669064749,0.365702479338843,0.6161992548818088,8714,182,1046,354,-0.14738516583589012,-0.28239342050802513,large,high_event_support,main_interpretation
