processed_feature_name,coefficient,absolute_coefficient,direction
cat__discharge_location_Unknown / not modelled,-0.9390098378563342,0.9390098378563342,Lower predicted risk
cat__discharge_location_Unknown,0.7097915996521472,0.7097915996521472,Higher predicted risk
cat__race_UNKNOWN,-0.6347109792773329,0.6347109792773329,Lower predicted risk
cat__marital_status_Unknown,-0.46830676151744366,0.46830676151744366,Lower predicted risk
num__had_followup_or_outpatient_referral_order,0.2658602625094477,0.2658602625094477,Higher predicted risk
cat__race_UNABLE TO OBTAIN,-0.2610715984780941,0.2610715984780941,Lower predicted risk
num__late_orders_but_followup_present_flag,-0.250487184132816,0.250487184132816,Lower predicted risk
num__late_order_intensity_score_last_12h,-0.2296624762289464,0.2296624762289464,Lower predicted risk
cat__discharge_location_grouped_Unknown / not modelled,-0.22921823820419782,0.22921823820419782,Lower predicted risk
cat__last_service_TRAUM,-0.227185052559531,0.227185052559531,Lower predicted risk
cat__discharge_location_grouped_Other,0.21870358660331687,0.21870358660331687,Higher predicted risk
cat__last_service_OMED,0.20933963043710527,0.20933963043710527,Higher predicted risk
cat__first_service_NSURG,0.204740792858924,0.204740792858924,Higher predicted risk
cat__last_icu_careunit_Medical/Surgical Intensive Care Unit (MICU/SICU),-0.1952271741105692,0.1952271741105692,Lower predicted risk
num__order_activity_last_12h_to_total_ratio,0.19058706848427556,0.19058706848427556,Higher predicted risk
num__ed_to_admission_hours_filled,-0.1833085996276031,0.1833085996276031,Lower predicted risk
cat__discharge_location_CHRONIC/LONG TERM ACUTE CARE,-0.17516953779060757,0.17516953779060757,Lower predicted risk
num__late_orders_but_discharge_planning_present_flag,0.16889522076954147,0.16889522076954147,Higher predicted risk
num__prescriptions_per_hospital_day,0.16079210103491595,0.16079210103491595,Higher predicted risk
cat__last_service_NMED,-0.1581755354588034,0.1581755354588034,Lower predicted risk
num__discharged_home_with_services_flag,0.15807323655123634,0.15807323655123634,Higher predicted risk
num__late_orders_and_psych_facility_discharge_flag,-0.15729228020206718,0.15729228020206718,Lower predicted risk
num__late_orders_but_psych_facility_discharge_flag,-0.15729228020206718,0.15729228020206718,Lower predicted risk
num__discharged_to_snf_flag,0.15724382348472873,0.15724382348472873,Higher predicted risk
num__hospital_los_days,-0.15349601456343584,0.15349601456343584,Lower predicted risk
num__had_followup_or_discharge_planning_order,-0.15162237242781668,0.15162237242781668,Lower predicted risk
cat__first_service_NMED,-0.1510807317930346,0.1510807317930346,Lower predicted risk
cat__first_service_SURG,0.14898233429622706,0.14898233429622706,Higher predicted risk
cat__last_service_VSURG,0.147821770029203,0.147821770029203,Higher predicted risk
num__low_aftercare_quality_flag,-0.14723195273154369,0.14723195273154369,Lower predicted risk
cat__first_service_VSURG,0.14138532403973755,0.14138532403973755,Higher predicted risk
num__heart_rate_vital_relative_range,-0.14073481084871534,0.14073481084871534,Lower predicted risk
cat__admission_type_SURGICAL SAME DAY ADMISSION,-0.14019885756574305,0.14019885756574305,Lower predicted risk
cat__admission_location_CLINIC REFERRAL,-0.1394848959380901,0.1394848959380901,Lower predicted risk
num__psych_diagnosis_without_psych_discharge_flag,-0.1379418238394763,0.1379418238394763,Lower predicted risk
num__discharged_to_psych_facility_or_transfer_flag,0.1379418238394758,0.1379418238394758,Higher predicted risk
num__discharged_to_psych_facility_flag,0.1379418238394758,0.1379418238394758,Higher predicted risk
cat__first_service_ORTHO,-0.1346999582736118,0.1346999582736118,Lower predicted risk
num__late_orders_without_prior_psych_history_flag,-0.1337853548421086,0.1337853548421086,Lower predicted risk
num__hcpcs_observation_to_total_ratio,0.13373564992654205,0.13373564992654205,Higher predicted risk
num__age_65plus,-0.13316666613188513,0.13316666613188513,Lower predicted risk
num__discharged_against_advice,0.13181722577074276,0.13181722577074276,Higher predicted risk
num__ed_to_admission_hours,0.13057401767206464,0.13057401767206464,Higher predicted risk
cat__first_service_OBS,0.12830282132427587,0.12830282132427587,Higher predicted risk
num__safety_order_density_per_day,0.12399232480327395,0.12399232480327395,Higher predicted risk
num__mean_previous_admission_gap_days,-0.12098323610703049,0.12098323610703049,Lower predicted risk
cat__discharge_location_grouped_Facility / rehab / long-term care,-0.1205971151142843,0.1205971151142843,Lower predicted risk
num__new_orders_last_24h_per_hospital_day,0.11956265941628984,0.11956265941628984,Higher predicted risk
num__medical_complexity_score,-0.11940217132677805,0.11940217132677805,Lower predicted risk
num__num_unique_poe_order_categories,0.11837709746217828,0.11837709746217828,Higher predicted risk
num__emar_infusion_administration_count,-0.1160362479375841,0.1160362479375841,Lower predicted risk
num__discontinued_orders_last_24h_before_discharge,-0.1146553138857692,0.1146553138857692,Lower predicted risk
cat__race_OTHER,-0.11392663252549162,0.11392663252549162,Lower predicted risk
num__orders_last_24h_before_discharge,-0.10923811074269126,0.10923811074269126,Lower predicted risk
num__low_order_activity_with_smi_flag,0.10892249547379029,0.10892249547379029,Higher predicted risk
num__hemoglobin_lab_first_value,-0.10857097792220512,0.10857097792220512,Lower predicted risk
num__no_late_orders_but_self_harm_flag,0.10854211599867868,0.10854211599867868,Higher predicted risk
num__low_order_activity_with_self_harm_flag,0.10854211599867868,0.10854211599867868,Higher predicted risk
num__has_previous_hospital_admission,-0.10557028004560513,0.10557028004560513,Lower predicted risk
num__icu_event_density_per_day,-0.10531911842556756,0.10531911842556756,Lower predicted risk
num__discharged_to_residential_care_flag,0.1037438542522694,0.1037438542522694,Higher predicted risk
num__had_discharge_planning_order,-0.10328241787696993,0.10328241787696993,Lower predicted risk
num__late_psych_safety_without_psych_facility_discharge_flag,0.10201108738418446,0.10201108738418446,Higher predicted risk
num__new_smi_this_admission_flag,0.10164353851976206,0.10164353851976206,Higher predicted risk
num__discontinued_pharmacy_orders_per_hospital_day,-0.10059666076933692,0.10059666076933692,Lower predicted risk
num__discharged_to_acute_hospital_flag,0.09862144069487562,0.09862144069487562,Higher predicted risk
num__emar_administered_event_count,0.09795310098024189,0.09795310098024189,Higher predicted risk
num__quiet_smi_psychosis_low_activity_score,0.09738526477571284,0.09738526477571284,Higher predicted risk
num__late_orders_but_supervised_discharge_flag,0.09502754740737658,0.09502754740737658,Higher predicted risk
num__facility_discharge_and_late_orders_flag,0.09502754740737658,0.09502754740737658,Higher predicted risk
num__late_orders_but_facility_discharge_flag,0.09502754740737658,0.09502754740737658,Higher predicted risk
num__ed_length_of_stay_hours_filled,-0.09429497310512779,0.09429497310512779,Lower predicted risk
num__psychosis_or_self_harm_low_aftercare_quality_flag,0.09199983799014941,0.09199983799014941,Higher predicted risk
num__ed_visit_to_admission_ratio_365d,0.09113124164770658,0.09113124164770658,Higher predicted risk
num__new_safety_order_last_24h_before_discharge_flag,0.09033031129499358,0.09033031129499358,Higher predicted risk
num__safety_order_near_discharge_flag,0.09033031129499358,0.09033031129499358,Higher predicted risk
num__orders_last_6h_before_discharge,-0.09006548925478863,0.09006548925478863,Lower predicted risk
num__admission_source_high_acuity_flag,0.0899006647576589,0.0899006647576589,Higher predicted risk
num__care_team_touchpoints_after_72h,0.08978749423411005,0.08978749423411005,Higher predicted risk
num__home_discharge_and_late_orders_flag,0.08964670459747538,0.08964670459747538,Higher predicted risk
num__no_recent_psych_history_and_discharge_to_facility,0.08907275529953523,0.08907275529953523,Higher predicted risk
num__min_previous_admission_gap_days,0.0881538274822479,0.0881538274822479,Higher predicted risk
num__late_discharge_admin_orders_last_6h,0.08739949695714129,0.08739949695714129,Higher predicted risk
num__previous_ed_visits_365d,0.08528075484115802,0.08528075484115802,Higher predicted risk
num__ed_length_of_stay_hours,0.08380979201615114,0.08380979201615114,Higher predicted risk
num__late_psych_safety_without_followup_flag,0.0829068959079388,0.0829068959079388,Higher predicted risk
num__num_care_team_touchpoints,-0.08207225696257796,0.08207225696257796,Lower predicted risk
num__num_unique_order_subtypes,-0.08115199180117925,0.08115199180117925,Lower predicted risk
num__polypharmacy_5plus,0.08108380072398885,0.08108380072398885,Higher predicted risk
num__num_unique_careunits,-0.08064800413903943,0.08064800413903943,Lower predicted risk
cat__drg_severity_category_Minor,-0.07961694460236216,0.07961694460236216,Lower predicted risk
num__potassium_lab_min_value,0.07782989646210552,0.07782989646210552,Higher predicted risk
num__systolic_bp_arterial_vital_relative_range,-0.07781327192307907,0.07781327192307907,Lower predicted risk
num__orders_after_72h_to_total_ratio,0.07714623050396477,0.07714623050396477,Higher predicted risk
num__last_order_within_12h_of_discharge_flag,-0.07624812438077215,0.07624812438077215,Lower predicted risk
num__low_late_order_activity_flag,0.07624812438077215,0.07624812438077215,Higher predicted risk
num__new_orders_last_12h_before_discharge_flag,-0.07624812438077215,0.07624812438077215,Lower predicted risk
num__has_severe_mental_illness,-0.07597402684920425,0.07597402684920425,Lower predicted risk
num__previous_psych_to_total_admission_ratio,0.0733429760543639,0.0733429760543639,Higher predicted risk
num__late_discontinued_medication_orders,0.07333827652314327,0.07333827652314327,Higher predicted risk
num__num_critical_or_priority_labs,0.07196763571716609,0.07196763571716609,Higher predicted risk
num__icu_complexity_without_psych_history_flag,-0.07154302122517701,0.07154302122517701,Lower predicted risk
num__previous_discharge_to_facility_flag,-0.07113571888531917,0.07113571888531917,Lower predicted risk
num__care_team_touchpoints_last_12h_before_discharge,-0.06954879562379317,0.06954879562379317,Lower predicted risk
num__late_lab_orders_last_6h,0.06933286622629005,0.06933286622629005,Higher predicted risk
num__icu_or_procedure_without_psych_marker_flag,0.06930984691338901,0.06930984691338901,Higher predicted risk
num__elixhauser_individual_group_count,0.06929063125587967,0.06929063125587967,Higher predicted risk
num__lab_activity_near_discharge_flag,0.06903286876164787,0.06903286876164787,Higher predicted risk
num__discharged_home_without_services_flag,0.0689603348693961,0.0689603348693961,Higher predicted risk
num__discharged_home_flag,0.0689603348693961,0.0689603348693961,Higher predicted risk
cat__drg_mortality_category_Minor,-0.0680230903587478,0.0680230903587478,Lower predicted risk
num__discharged_to_rehab_flag,0.0679582372776584,0.0679582372776584,Higher predicted risk
num__hemoglobin_lab_first_24h_min,-0.0667242879266647,0.0667242879266647,Lower predicted risk
num__previous_2plus_psych_admissions,0.06625676131404117,0.06625676131404117,Higher predicted risk
num__has_previous_psych_admission,0.06612272048916336,0.06612272048916336,Higher predicted risk
num__urea_nitrogen_lab_min_value,0.06579074249783727,0.06579074249783727,Higher predicted risk
num__previous_ed_visits_90d,-0.0655895942202352,0.0655895942202352,Lower predicted risk
num__days_since_latest_body_measure_missing,-0.06522456726885786,0.06522456726885786,Lower predicted risk
num__platelet_lab_value_range,0.06446379333982277,0.06446379333982277,Higher predicted risk
num__substance_use_without_followup_or_withdrawal_plan_flag,-0.06434630908021888,0.06434630908021888,Lower predicted risk
num__home_discharge_with_discharge_planning_order_flag,0.06427697020933655,0.06427697020933655,Higher predicted risk
num__num_icu_procedure_events,0.06415631294807041,0.06415631294807041,Higher predicted risk
num__has_depression,0.06385581031442603,0.06385581031442603,Higher predicted risk
num__num_abnormal_lab_flags,-0.06334277530777133,0.06334277530777133,Lower predicted risk
cat__last_service_MED,-0.06288238958677979,0.06288238958677979,Lower predicted risk
num__num_medication_route_types,-0.06282741974911633,0.06282741974911633,Lower predicted risk
num__glucose_lab_first_72h_min,-0.06258539971691901,0.06258539971691901,Lower predicted risk
num__hemoglobin_lab_mean_value,-0.062186694120341945,0.062186694120341945,Lower predicted risk
num__older_medical_complexity_score,0.061760965166292536,0.061760965166292536,Higher predicted risk
num__care_team_touchpoint_density_per_day,-0.06167881667126035,0.06167881667126035,Lower predicted risk
cat__first_service_MED,0.061538418486322105,0.061538418486322105,Higher predicted risk
num__vital_72h_mean_instability_score,-0.06106699929716293,0.06106699929716293,Lower predicted risk
cat__time_since_previous_psych_category_181-365 days,-0.060922073818576616,0.060922073818576616,Lower predicted risk
cat__gender_F,-0.060870448178099,0.060870448178099,Lower predicted risk
num__num_prn_benzodiazepine_orders,0.06058369228530809,0.06058369228530809,Higher predicted risk
num__late_order_severity_x_low_aftercare_score,-0.05992208535909958,0.05992208535909958,Lower predicted risk
num__num_scheduled_pharmacy_orders,0.05989284268138878,0.05989284268138878,Higher predicted risk
num__new_antipsychotic_started_flag,0.05922134451696928,0.05922134451696928,Higher predicted risk
cat__psych_medication_burden_category_3+ classes,-0.05895199398546379,0.05895199398546379,Lower predicted risk
num__psych_diagnosis_group_count_increased_from_previous_flag,-0.058923300561807807,0.058923300561807807,Lower predicted risk
num__hemoglobin_lab_first_72h_max,0.05887454681751459,0.05887454681751459,Higher predicted risk
num__creatinine_lab_first_24h_mean,-0.05862052693530264,0.05862052693530264,Lower predicted risk
num__potassium_lab_first_72h_mean,0.058514074042186434,0.058514074042186434,Higher predicted risk
num__discharged_to_facility_flag,-0.05847749555034857,0.05847749555034857,Lower predicted risk
num__days_since_previous_psych_admission_filled,-0.058337593239610575,0.058337593239610575,Lower predicted risk
num__new_safety_order_last_12h_before_discharge_flag,-0.05786249034128938,0.05786249034128938,Lower predicted risk
num__procedures_per_hospital_day,-0.05744171120764013,0.05744171120764013,Lower predicted risk
cat__time_since_previous_psych_category_91-180 days,0.05734098198859216,0.05734098198859216,Higher predicted risk
num__late_followup_or_aftercare_orders_last_6h,-0.05695211780681396,0.05695211780681396,Lower predicted risk
num__sodium_lab_last_to_first_ratio,-0.05624137841374501,0.05624137841374501,Lower predicted risk
num__glucose_lab_value_change,-0.056092436108003824,0.056092436108003824,Lower predicted risk
num__num_discontinued_orders,0.05608513433315142,0.05608513433315142,Higher predicted risk
num__previous_admission_had_facility_discharge,0.05579414506379643,0.05579414506379643,Higher predicted risk
num__spo2_vital_first_value,-0.05544637112410081,0.05544637112410081,Lower predicted risk
num__heart_rate_vital_last_value,0.05476336190673379,0.05476336190673379,Higher predicted risk
num__safety_order_proportion,-0.05459791017537287,0.05459791017537287,Lower predicted risk
num__abnormal_labs_without_psych_history_flag,0.054571741839726545,0.054571741839726545,Higher predicted risk
num__depression_on_current_and_previous_admission_flag,-0.05446124711231845,0.05446124711231845,Lower predicted risk
num__frequent_psych_admitter_and_discharge_planning,-0.05421608649486382,0.05421608649486382,Lower predicted risk
num__hemoglobin_lab_last_to_first_ratio,-0.05404934073326517,0.05404934073326517,Lower predicted risk
num__low_psych_marker_medical_instability_flag,0.053935585601666974,0.053935585601666974,Higher predicted risk
num__num_psych_diagnoses,0.05354937288086919,0.05354937288086919,Higher predicted risk
num__hemoglobin_lab_min_value,0.05346479019150797,0.05346479019150797,Higher predicted risk
num__num_inputevent_rate_changes,-0.05317658751807108,0.05317658751807108,Lower predicted risk
num__glucose_lab_first_24h_min,0.05306933480800983,0.05306933480800983,Higher predicted risk
num__sodium_lab_mean_value,0.053007491102905716,0.053007491102905716,Higher predicted risk
num__late_care_team_touchpoint_share,0.05283802345191756,0.05283802345191756,Higher predicted risk
num__prior_psych_admission_no_followup_flag,0.052608574810564655,0.052608574810564655,Higher predicted risk
num__platelet_lab_rate_of_change_per_day,-0.05240491461815712,0.05240491461815712,Lower predicted risk
num__late_discharge_hour_with_no_followup_flag,0.05235061362683604,0.05235061362683604,Higher predicted risk
num__potassium_lab_last_to_first_ratio,-0.052296449636520685,0.052296449636520685,Lower predicted risk
num__care_team_touchpoints_last_24h_before_discharge,0.05220056940759337,0.05220056940759337,Higher predicted risk
num__psychosis_without_followup_order_flag,0.05175967834682519,0.05175967834682519,Higher predicted risk
num__high_medical_activity_low_psych_activity_flag,-0.05167644929956554,0.05167644929956554,Lower predicted risk
num__heart_rate_vital_first_value,0.05164884376119188,0.05164884376119188,Higher predicted risk
cat__discharge_location_grouped_Home health care,0.05152790377656446,0.05152790377656446,Higher predicted risk
cat__discharge_location_HOME HEALTH CARE,0.05152790377656446,0.05152790377656446,Higher predicted risk
num__late_orders_and_self_harm_flag,-0.051513718156702734,0.051513718156702734,Lower predicted risk
num__platelet_lab_std_value,-0.05126751659804228,0.05126751659804228,Lower predicted risk
num__num_procedures,0.050855848314850675,0.050855848314850675,Higher predicted risk
num__urea_nitrogen_lab_last_value,-0.050836480760501374,0.050836480760501374,Lower predicted risk
num__no_recent_psych_history_and_high_charlson,0.050822872810630464,0.050822872810630464,Higher predicted risk
num__wbc_lab_first_72h_min,-0.050807446690358034,0.050807446690358034,Lower predicted risk
num__emar_not_given_rate,-0.05068026439351906,0.05068026439351906,Lower predicted risk
num__sodium_lab_count,0.050601278332118214,0.050601278332118214,Higher predicted risk
num__num_careunit_transfers,0.050363085829998225,0.050363085829998225,Higher predicted risk
num__had_steroid_exposure,0.0503287571566371,0.0503287571566371,Higher predicted risk
num__high_drg_severity,0.050087088470339575,0.050087088470339575,Higher predicted risk
num__late_medication_change_home_discharge_flag,0.04959984699618441,0.04959984699618441,Higher predicted risk
num__medicine_service_involved_anytime,0.049340500511644424,0.049340500511644424,Higher predicted risk
num__safety_orders_without_self_harm_flag,-0.04918579375062909,0.04918579375062909,Lower predicted risk
num__has_any_psych_medication,-0.04915120009765063,0.04915120009765063,Lower predicted risk
num__quiet_medical_frailty_low_psych_history_score,0.04914601917333892,0.04914601917333892,Higher predicted risk
num__unmanaged_psychiatric_discharge_risk_score,0.04912928438272757,0.04912928438272757,Higher predicted risk
num__hemoglobin_lab_first_24h_max,0.04911722000912876,0.04911722000912876,Higher predicted risk
num__platelet_lab_mean_value,0.048983279675949926,0.048983279675949926,Higher predicted risk
num__late_activity_with_low_aftercare_quality_flag,0.04889730471090039,0.04889730471090039,Higher predicted risk
num__num_prescription_rows,0.048750931311810505,0.048750931311810505,Higher predicted risk
num__previous_3plus_psych_admissions,0.04865916928132837,0.04865916928132837,Higher predicted risk
num__previous_total_admissions_90d,0.048621410821739965,0.048621410821739965,Higher predicted risk
num__admissions_per_90d,0.048621410821737564,0.048621410821737564,Higher predicted risk
num__home_discharge_without_followup_order_flag,0.048591660837338756,0.048591660837338756,Higher predicted risk
num__sodium_lab_first_72h_min,-0.048208131692807084,0.048208131692807084,Lower predicted risk
num__late_lab_order_share_last_12h,0.04811067981086642,0.04811067981086642,Higher predicted risk
num__num_social_work_case_management_orders,-0.047789986608315106,0.047789986608315106,Lower predicted risk
num__elixhauser_psychoses,0.047756396333662486,0.047756396333662486,Higher predicted risk
num__potassium_lab_max_value,-0.04742891039138968,0.04742891039138968,Lower predicted risk
num__num_psych_med_classes,0.04734396441736241,0.04734396441736241,Higher predicted risk
num__vital_72h_abnormal_window_count,0.04729183235233823,0.04729183235233823,Higher predicted risk
num__previous_psych_admissions_90d,0.04723082891501276,0.04723082891501276,Higher predicted risk
num__glucose_lab_max_value,-0.04721823100652213,0.04721823100652213,Lower predicted risk
num__vital_72h_max_instability_score,0.047209036112194604,0.047209036112194604,Higher predicted risk
num__had_antidepressant,0.04718663070471616,0.04718663070471616,Higher predicted risk
num__has_dementia,0.04716070218260987,0.04716070218260987,Higher predicted risk
num__safety_orders_last_12h_before_discharge,-0.04673603221942848,0.04673603221942848,Lower predicted risk
num__late_psych_safety_orders_last_12h,-0.04673603221942848,0.04673603221942848,Lower predicted risk
num__order_activity_last_24h_to_total_ratio,-0.046543658944436,0.046543658944436,Lower predicted risk
num__previous_psych_admissions_60d,0.0465267016890683,0.0465267016890683,Higher predicted risk
cat__nonpsych_diagnosis_burden_category_11+,-0.046448846130799366,0.046448846130799366,Lower predicted risk
num__num_change_dose_rate_inputevents,0.04642520084214421,0.04642520084214421,Higher predicted risk
num__medical_complexity_late_workup_home_discharge_flag,0.045788302006900934,0.045788302006900934,Higher predicted risk
num__potassium_lab_value_range,0.04574184486501362,0.04574184486501362,Higher predicted risk
num__late_discharge_hour_with_late_orders_flag,-0.045531836939168374,0.045531836939168374,Lower predicted risk
num__num_unique_order_providers,0.045476500513156576,0.045476500513156576,Higher predicted risk
num__late_order_type_diversity_x_low_aftercare_flag,-0.0453605142927657,0.0453605142927657,Lower predicted risk
cat__first_service_OMED,0.04532875687932385,0.04532875687932385,Higher predicted risk
cat__discharge_location_SKILLED NURSING FACILITY,0.04507356063872213,0.04507356063872213,Higher predicted risk
num__glucose_lab_first_value,-0.04501681297692049,0.04501681297692049,Lower predicted risk
num__abnormal_labs_last_12h_before_discharge,-0.04501030822626375,0.04501030822626375,Lower predicted risk
num__num_med_orders_with_duration,0.04496385629788525,0.04496385629788525,Higher predicted risk
num__vital_72h_longest_abnormal_run_hours,-0.04492094847424943,0.04492094847424943,Lower predicted risk
num__num_prn_psychotropic_orders,-0.044737922902423725,0.044737922902423725,Lower predicted risk
num__order_activity_last_6h_to_total_ratio,-0.04463092981532334,0.04463092981532334,Lower predicted risk
num__has_cancer,0.044629020712871045,0.044629020712871045,Higher predicted risk
num__num_lab_events_last_48h_before_discharge,-0.04430133670403272,0.04430133670403272,Lower predicted risk
cat__psych_diagnosis_burden_category_5+ diagnoses,-0.04408067627729555,0.04408067627729555,Lower predicted risk
num__has_multiple_psych_diagnosis_groups,0.04380216628774592,0.04380216628774592,Higher predicted risk
num__previous_psych_admissions_365d,0.04365862586964033,0.04365862586964033,Higher predicted risk
num__glucose_lab_mean_value,0.04363613200919708,0.04363613200919708,Higher predicted risk
num__prior_discharge_instability_score,0.04340549573276464,0.04340549573276464,Higher predicted risk
cat__drg_severity_category_Major,-0.04333914281468781,0.04333914281468781,Lower predicted risk
num__late_medication_orders_last_12h,0.04298236196472723,0.04298236196472723,Higher predicted risk
num__num_stopped_emar_events,0.04286838629801114,0.04286838629801114,Higher predicted risk
num__psych_service_involved_anytime,-0.0423376001491162,0.0423376001491162,Lower predicted risk
num__medical_to_psych_service_transfer,-0.0423376001491162,0.0423376001491162,Lower predicted risk
num__potassium_lab_mean_value,-0.042276678613920794,0.042276678613920794,Lower predicted risk
num__wbc_lab_value_change,-0.04222480171843467,0.04222480171843467,Lower predicted risk
num__num_opioid_prescriptions,0.04187984426354834,0.04187984426354834,Higher predicted risk
num__urea_nitrogen_lab_first_72h_mean,-0.041852483998680495,0.041852483998680495,Lower predicted risk
cat__psych_diagnosis_burden_category_1 diagnosis,-0.041827441351622564,0.041827441351622564,Lower predicted risk
num__drg_mortality,-0.041373178014430134,0.041373178014430134,Lower predicted risk
num__recent_psych_admission_30d,0.041267026734796645,0.041267026734796645,Higher predicted risk
num__heart_rate_vital_value_range,-0.04121025511778289,0.04121025511778289,Lower predicted risk
num__recent_psych_admission_90d_x_substance_use,0.041090152070054765,0.041090152070054765,Higher predicted risk
num__emergency_admission_with_recent_psych_history_flag,0.040786997908674974,0.040786997908674974,Higher predicted risk
num__late_order_discontinuation_share,-0.040502877523346394,0.040502877523346394,Lower predicted risk
num__potassium_lab_first_24h_min,0.040364196686624845,0.040364196686624845,Higher predicted risk
num__spo2_vital_relative_range,-0.04003453715328768,0.04003453715328768,Lower predicted risk
num__mean_oxygen_flow_rate,-0.04003223899266975,0.04003223899266975,Lower predicted risk
num__protective_aftercare_present_flag,-0.039974001491329375,0.039974001491329375,Lower predicted risk
num__glucose_lab_first_24h_mean,-0.0399649949550613,0.0399649949550613,Lower predicted risk
num__wbc_lab_first_24h_min,0.039953077496475795,0.039953077496475795,Higher predicted risk
num__quiet_risk_summary_score,0.03989141668042024,0.03989141668042024,Higher predicted risk
num__psychiatric_aftercare_planning_score,0.03985875628172409,0.03985875628172409,Higher predicted risk
num__emar_administration_record_count,-0.03963783943448319,0.03963783943448319,Lower predicted risk
num__no_recent_psych_history_and_long_ed_los,0.03962390061779457,0.03962390061779457,Higher predicted risk
num__home_discharge_with_followup_order_flag,0.03959172175922465,0.03959172175922465,Higher predicted risk
num__previous_ed_visits_180d,0.03949474747928062,0.03949474747928062,Higher predicted risk
num__systolic_bp_arterial_vital_max_value,-0.039343271965002355,0.039343271965002355,Lower predicted risk
cat__last_careunit_before_discharge_UNKNOWN,-0.039180128835779614,0.039180128835779614,Lower predicted risk
num__systolic_bp_arterial_vital_value_range,-0.03908960391032754,0.03908960391032754,Lower predicted risk
num__num_floor_stock_pharmacy_orders,-0.03907958076583144,0.03907958076583144,Lower predicted risk
num__num_orders_first_6h,-0.03901266383338407,0.03901266383338407,Lower predicted risk
num__num_unique_order_providers_first_72h,0.03882292963649207,0.03882292963649207,Higher predicted risk
num__potassium_lab_first_24h_mean,-0.038634913248234926,0.038634913248234926,Lower predicted risk
num__pharmacy_logistics_complexity_score,-0.038612088137276304,0.038612088137276304,Lower predicted risk
num__mean_bp_arterial_vital_rate_of_change_per_day,0.03855025344477875,0.03855025344477875,Higher predicted risk
num__heart_rate_vital_mean_value,-0.03850670735038453,0.03850670735038453,Lower predicted risk
num__platelet_lab_first_72h_max,0.03831255369682044,0.03831255369682044,Higher predicted risk
cat__marital_status_SINGLE,-0.03830990294567413,0.03830990294567413,Lower predicted risk
num__microbiology_test_count,-0.03808669463911057,0.03808669463911057,Lower predicted risk
num__previous_icu_admissions_30d,-0.03789417033559711,0.03789417033559711,Lower predicted risk
num__rass_extreme_flag,-0.037685874951265116,0.037685874951265116,Lower predicted risk
num__age_65plus_x_charlson,-0.037603959146346164,0.037603959146346164,Lower predicted risk
num__num_recurrent_psych_diagnosis_groups,-0.03752432197825893,0.03752432197825893,Lower predicted risk
num__num_stopped_inputevents,-0.037442156596009815,0.037442156596009815,Lower predicted risk
num__num_hcpcs_events,0.037312893040336505,0.037312893040336505,Higher predicted risk
num__late_consult_orders_last_6h,0.03728996151476262,0.03728996151476262,Higher predicted risk
num__facility_discharge_with_discharge_planning_flag,-0.03723664530923133,0.03723664530923133,Lower predicted risk
num__previous_admission_late_order_share,0.03713142901904234,0.03713142901904234,Higher predicted risk
num__late_admin_to_total_late_order_ratio,-0.036957527415945504,0.036957527415945504,Lower predicted risk
num__late_discharge_admin_order_share_last_12h,-0.036957527415945504,0.036957527415945504,Lower predicted risk
num__previous_total_admissions_60d,0.03693911793341034,0.03693911793341034,Higher predicted risk
num__num_unique_pharmacy_medications,-0.03662746730972254,0.03662746730972254,Lower predicted risk
num__num_orders_first_12h,0.03659260387101452,0.03659260387101452,Higher predicted risk
num__heart_rate_vital_rate_of_change_per_day,-0.03646541721650916,0.03646541721650916,Lower predicted risk
num__quiet_self_harm_low_activity_score,-0.03646107839473006,0.03646107839473006,Lower predicted risk
num__systolic_bp_noninvasive_vital_first_value,-0.03643988586463251,0.03643988586463251,Lower predicted risk
num__late_medication_change_without_followup_flag,0.0363275920995665,0.0363275920995665,Higher predicted risk
num__potassium_lab_first_72h_min,-0.03620127415091079,0.03620127415091079,Lower predicted risk
num__mean_previous_los_days_filled,0.036099341427645454,0.036099341427645454,Higher predicted risk
cat__nonpsych_diagnosis_burden_category_6-10,-0.03599883199687075,0.03599883199687075,Lower predicted risk
num__hemoglobin_lab_std_value,-0.035876770473658955,0.035876770473658955,Lower predicted risk
num__glucose_lab_first_24h_count,0.03575443513737446,0.03575443513737446,Higher predicted risk
num__elixhauser_solid_tumour,0.03565555894367196,0.03565555894367196,Higher predicted risk
num__potassium_lab_value_change,0.035647701530994225,0.035647701530994225,Higher predicted risk
num__icu_event_interruption_score,0.03562897762704594,0.03562897762704594,Higher predicted risk
cat__anchor_year_group_2020 - 2022,-0.03542812359168952,0.03542812359168952,Lower predicted risk
num__night_discharge_flag,0.03538788785864137,0.03538788785864137,Higher predicted risk
num__safety_orders_first_24h,-0.03536230575586595,0.03536230575586595,Lower predicted risk
num__potassium_lab_first_72h_max,-0.03516293172247988,0.03516293172247988,Lower predicted risk
num__public_insurance_flag,0.034983033224014234,0.034983033224014234,Higher predicted risk
num__wbc_lab_last_value,0.03496667629645407,0.03496667629645407,Higher predicted risk
num__vital_72h_hourly_rows,-0.03487305131515908,0.03487305131515908,Lower predicted risk
cat__service_transfer_category_1 transfer,-0.03445716338640291,0.03445716338640291,Lower predicted risk
num__has_psychotic_disorder,-0.034420950877619934,0.034420950877619934,Lower predicted risk
cat__anchor_year_group_2011 - 2013,-0.034241622887241245,0.034241622887241245,Lower predicted risk
num__discharge_planning_and_social_work_flag,0.034209416221116604,0.034209416221116604,Higher predicted risk
cat__first_service_PSYCH,-0.034201009064182906,0.034201009064182906,Lower predicted risk
num__num_transfer_events,-0.03406654499528966,0.03406654499528966,Lower predicted risk
num__num_verified_pharmacy_orders,-0.033906150679641305,0.033906150679641305,Lower predicted risk
num__num_pharmacy_records,-0.033904222346261795,0.033904222346261795,Lower predicted risk
num__late_order_type_diversity_last_12h,0.033841003412684804,0.033841003412684804,Higher predicted risk
num__wbc_lab_rate_of_change_per_day,0.03383117617499771,0.03383117617499771,Higher predicted risk
num__previous_nonpsych_admissions_365d,-0.03371708262893193,0.03371708262893193,Lower predicted risk
num__low_order_activity_with_psychosis_flag,0.03309553163464914,0.03309553163464914,Higher predicted risk
num__no_late_orders_but_psychosis_flag,0.03309553163464914,0.03309553163464914,Higher predicted risk
cat__discharge_season_winter,-0.03296269192030386,0.03296269192030386,Lower predicted risk
num__careunit_change_last_24h_before_discharge_flag,0.032847152706865834,0.032847152706865834,Higher predicted risk
num__hemoglobin_lab_last_value,-0.032676871789619366,0.032676871789619366,Lower predicted risk
num__heart_rate_vital_max_value,-0.03254264840593552,0.03254264840593552,Lower predicted risk
num__new_substance_use_this_admission_flag,-0.03231593199145874,0.03231593199145874,Lower predicted risk
num__wbc_lab_first_24h_max,-0.03225713807051705,0.03225713807051705,Lower predicted risk
num__emar_administration_count_first_72h,0.031860985730338916,0.031860985730338916,Higher predicted risk
num__antidepressant_antipsychotic_combination,-0.031715252828440114,0.031715252828440114,Lower predicted risk
num__urea_nitrogen_lab_first_24h_min,0.03167589661461527,0.03167589661461527,Higher predicted risk
num__num_unique_procedure_codes,0.03160138626086611,0.03160138626086611,Higher predicted risk
num__recent_icu_admission_30d_flag,0.031561281820746995,0.031561281820746995,Higher predicted risk
num__late_lab_order_share_last_6h,-0.03148819160230912,0.03148819160230912,Lower predicted risk
num__care_team_touchpoints_last_6h_before_discharge,0.031448331491255345,0.031448331491255345,Higher predicted risk
num__weekend_or_friday_discharge_with_no_followup_flag,0.03143867463008747,0.03143867463008747,Higher predicted risk
num__had_psych_consult_order,-0.03134523299364853,0.03134523299364853,Lower predicted risk
num__num_lab_events_first_24h,-0.031295156858418084,0.031295156858418084,Lower predicted risk
num__low_order_activity_with_prior_psych_365d_flag,-0.031252246013956896,0.031252246013956896,Lower predicted risk
num__urea_nitrogen_lab_first_24h_max,0.031172235764400896,0.031172235764400896,Higher predicted risk
num__sodium_lab_last_value,-0.03096618233904739,0.03096618233904739,Lower predicted risk
num__previous_total_admissions_365d,0.030917252137560747,0.030917252137560747,Higher predicted risk
num__admissions_per_365d,0.030917252137556833,0.030917252137556833,Higher predicted risk
num__orders_first_72h_to_total_ratio,-0.030895863066537303,0.030895863066537303,Lower predicted risk
num__depression_without_antidepressant_continuity_flag,0.030847621705732853,0.030847621705732853,Higher predicted risk
num__previous_admission_had_late_medication_orders,-0.0307721902533,0.0307721902533,Lower predicted risk
num__previous_admission_had_late_orders,-0.0307721902533,0.0307721902533,Lower predicted risk
num__potassium_lab_first_value,-0.030519472306007964,0.030519472306007964,Lower predicted risk
num__num_medication_frequency_types,0.030444286110075817,0.030444286110075817,Higher predicted risk
num__late_safety_orders_and_self_harm_flag,-0.030158152494552472,0.030158152494552472,Lower predicted risk
num__self_harm_with_late_safety_order_flag,-0.030158152494552472,0.030158152494552472,Lower predicted risk
num__num_outputevents,0.03005830479997143,0.03005830479997143,Higher predicted risk
num__safety_orders_first_72h,0.030030571939047217,0.030030571939047217,Higher predicted risk
num__physical_comorbidity_count,0.02958096321099005,0.02958096321099005,Higher predicted risk
num__elixhauser_comorbidity_group_count_simplified,0.02958096321099005,0.02958096321099005,Higher predicted risk
num__respiratory_culture_positive,-0.02949298526944797,0.02949298526944797,Lower predicted risk
num__mostly_psych_readmission_pattern_flag,0.02946010394712327,0.02946010394712327,Higher predicted risk
num__late_routine_care_order_share_last_12h,-0.029450860380660616,0.029450860380660616,Lower predicted risk
num__self_harm_without_aftercare_or_safety_plan_flag,0.029432518007856585,0.029432518007856585,Higher predicted risk
num__discharge_medication_continuity_score,0.029427740178222073,0.029427740178222073,Higher predicted risk
num__glucose_lab_min_value,0.029310348480697992,0.029310348480697992,Higher predicted risk
num__hemoglobin_lab_first_72h_mean,0.02911252879529954,0.02911252879529954,Higher predicted risk
num__late_nonroutine_order_count_last_12h,0.0288389653940892,0.0288389653940892,Higher predicted risk
num__home_discharge_without_discharge_planning_order_flag,0.028758903031917554,0.028758903031917554,Higher predicted risk
num__weekend_discharge,-0.02872108683672133,0.02872108683672133,Lower predicted risk
num__num_provider_order_changes,-0.028718920676600597,0.028718920676600597,Lower predicted risk
num__hemoglobin_lab_max_value,0.02860877659793443,0.02860877659793443,Higher predicted risk
num__emar_new_iv_bag_count,0.02860664551423255,0.02860664551423255,Higher predicted risk
num__psychosis_on_current_and_previous_admission_flag,-0.028370515937372255,0.028370515937372255,Lower predicted risk
num__had_antipsychotic,-0.028323487200339923,0.028323487200339923,Lower predicted risk
num__has_cognitive_delirium,-0.028188971327637098,0.028188971327637098,Lower predicted risk
num__creatinine_lab_first_24h_max,0.0281756021836034,0.0281756021836034,Higher predicted risk
num__prior_psych_90d_x_substance_use,-0.02816874444787597,0.02816874444787597,Lower predicted risk
num__heart_rate_vital_min_value,0.028160756364372146,0.028160756364372146,Higher predicted risk
num__num_unique_hcpcs_codes,0.028098402116641708,0.028098402116641708,Higher predicted risk
num__glucose_lab_rate_of_change_per_day,0.028085251016335022,0.028085251016335022,Higher predicted risk
num__previous_psych_admissions,0.027937725457250845,0.027937725457250845,Higher predicted risk
num__previous_icu_admissions_90d,-0.027928330677569464,0.027928330677569464,Lower predicted risk
num__previous_icu_admissions,0.02771706646545309,0.02771706646545309,Higher predicted risk
num__hemoglobin_lab_coefficient_of_variation,0.02771571861949818,0.02771571861949818,Higher predicted risk
num__prn_psychotropic_orders_last_24h_before_discharge,0.027695108480929796,0.027695108480929796,Higher predicted risk
num__home_discharge_low_aftercare_quality_flag,-0.027657494645735237,0.027657494645735237,Lower predicted risk
num__previous_psych_admissions_from_all_hosp,0.027125326300228937,0.027125326300228937,Higher predicted risk
num__vital_72h_abnormal_window_percentage,0.027117146977623553,0.027117146977623553,Higher predicted risk
num__late_routine_care_orders_last_6h,0.027074353152118473,0.027074353152118473,Higher predicted risk
num__substance_use_home_discharge_no_followup_flag,0.027057377557418157,0.027057377557418157,Higher predicted risk
num__polypharmacy_10plus,0.026934460093849488,0.026934460093849488,Higher predicted risk
num__abnormal_labs_last_24h_before_discharge,0.026844499012426484,0.026844499012426484,Higher predicted risk
num__num_abnormal_lab_flags_last_48h,0.026844499012426484,0.026844499012426484,Higher predicted risk
num__platelet_lab_first_24h_mean,-0.026609673761476296,0.026609673761476296,Lower predicted risk
num__late_discontinued_lab_orders,-0.02657283160519984,0.02657283160519984,Lower predicted risk
num__recent_psych_admission_365d,0.026570080420652138,0.026570080420652138,Higher predicted risk
num__num_discontinued_pharmacy_orders,-0.026465517135232076,0.026465517135232076,Lower predicted risk
num__safety_orders_last_6h_before_discharge,-0.026448963997755787,0.026448963997755787,Lower predicted risk
num__late_psych_safety_orders_last_6h,-0.026448963997755787,0.026448963997755787,Lower predicted risk
num__last_safety_order_hours_from_admission,-0.026429808722020682,0.026429808722020682,Lower predicted risk
num__std_previous_admission_gap_days,0.026428454948769987,0.026428454948769987,Higher predicted risk
num__orders_last_12h_before_discharge,0.02631842976274587,0.02631842976274587,Higher predicted risk
cat__psych_medication_burden_category_1 class,0.02630252940026476,0.02630252940026476,Higher predicted risk
num__previous_ed_visits_30d,-0.026235191261023985,0.026235191261023985,Lower predicted risk
num__previous_admission_had_home_discharge_no_followup,-0.02611064190861346,0.02611064190861346,Lower predicted risk
num__late_clinical_order_count_last_12h,0.026099680565149115,0.026099680565149115,Higher predicted risk
num__late_orders_without_self_harm_flag,-0.026085174774448737,0.026085174774448737,Lower predicted risk
num__new_antidepressant_started_flag,0.02606098499359785,0.02606098499359785,Higher predicted risk
num__urea_nitrogen_lab_first_24h_mean,-0.02596883236431582,0.02596883236431582,Lower predicted risk
num__num_distinct_specimen_types,0.025886971076174315,0.025886971076174315,Higher predicted risk
num__has_substance_use,-0.025885958892850086,0.025885958892850086,Lower predicted risk
num__admission_hour,0.02583154680548988,0.02583154680548988,Higher predicted risk
num__previous_icu_admissions_180d,0.025725270791336578,0.025725270791336578,Higher predicted risk
num__late_order_type_diversity_last_6h,-0.025460774399664293,0.025460774399664293,Lower predicted risk
num__admitted_from_hospital_transfer_flag,-0.02529211598589148,0.02529211598589148,Lower predicted risk
num__previous_2plus_total_admissions_365d,-0.02511446037876474,0.02511446037876474,Lower predicted risk
num__previous_total_admissions,0.025027843544799675,0.025027843544799675,Higher predicted risk
num__potassium_lab_first_24h_max,0.02491282656517171,0.02491282656517171,Higher predicted risk
num__orders_after_72h_count,-0.024899236817745616,0.024899236817745616,Lower predicted risk
num__respiratory_rate_vital_mean_value,-0.02488973356578717,0.02488973356578717,Lower predicted risk
cat__anchor_year_group_2008 - 2010,0.024871555729437438,0.024871555729437438,Higher predicted risk
num__potassium_lab_std_value,0.024726088364068973,0.024726088364068973,Higher predicted risk
num__night_admission,-0.02466511418601115,0.02466511418601115,Lower predicted risk
num__orders_per_hospital_day,-0.024487562381819306,0.024487562381819306,Lower predicted risk
num__previous_weight_kg_before_admission_missing,0.024355544812331105,0.024355544812331105,Higher predicted risk
num__weight_change_recent_missing,0.024355544812331105,0.024355544812331105,Higher predicted risk
num__std_previous_admission_gap_days_filled,0.0243394200255331,0.0243394200255331,Higher predicted risk
num__care_team_touchpoints_per_hospital_day,-0.024270716198049023,0.024270716198049023,Lower predicted risk
num__elixhauser_hypertension,-0.024129580904318357,0.024129580904318357,Lower predicted risk
num__wbc_lab_max_value,-0.023868840829377624,0.023868840829377624,Lower predicted risk
num__late_medication_change_intensity_score,0.02374687545886906,0.02374687545886906,Higher predicted risk
num__medical_workup_near_discharge_score,0.02366737468876354,0.02366737468876354,Higher predicted risk
num__recent_psych_admission_90d,0.02352521071147219,0.02352521071147219,Higher predicted risk
num__age_65plus_x_discharge_to_facility,0.023486318691277937,0.023486318691277937,Higher predicted risk
num__medications_per_hospital_day,0.023453368909331883,0.023453368909331883,Higher predicted risk
cat__last_service_PSYCH,-0.023325225212817737,0.023325225212817737,Lower predicted risk
num__had_one_hr_max_order,-0.02326331488180517,0.02326331488180517,Lower predicted risk
num__wbc_lab_coefficient_of_variation,-0.023232344840215625,0.023232344840215625,Lower predicted risk
num__late_order_severity_score_last_12h,0.02314175020337866,0.02314175020337866,Higher predicted risk
num__ed_admission_with_self_harm_flag,0.022899235535592734,0.022899235535592734,Higher predicted risk
num__safety_orders_last_24h_before_discharge,-0.022867100005269432,0.022867100005269432,Lower predicted risk
num__late_discontinued_safety_orders,-0.022867100005269432,0.022867100005269432,Lower predicted risk
num__late_safety_order_flag,-0.022825118664600495,0.022825118664600495,Lower predicted risk
cat__psych_diagnosis_burden_category_3-4 diagnoses,0.0228175907088289,0.0228175907088289,Higher predicted risk
num__sodium_lab_abnormal,0.022787338472111344,0.022787338472111344,Higher predicted risk
num__medication_order_count_first_72h,-0.022772584037553566,0.022772584037553566,Lower predicted risk
num__num_antibiotic_prescriptions,-0.022766459288222324,0.022766459288222324,Lower predicted risk
num__orders_last_48h_before_discharge,0.022758701227405503,0.022758701227405503,Higher predicted risk
cat__discharge_location_OTHER FACILITY,0.022735294756991622,0.022735294756991622,Higher predicted risk
num__late_consult_orders_last_12h,0.022706287551025904,0.022706287551025904,Higher predicted risk
num__hemoglobin_lab_value_change,0.02259486287930372,0.02259486287930372,Higher predicted risk
num__previous_admission_los_days_filled,0.022505978798749084,0.022505978798749084,Higher predicted risk
num__previous_admission_late_order_count,-0.022434662960519623,0.022434662960519623,Lower predicted risk
num__had_prn_benzodiazepine,-0.022322889521146184,0.022322889521146184,Lower predicted risk
cat__psych_medication_burden_category_2 classes,-0.022300203002671024,0.022300203002671024,Lower predicted risk
num__previous_psych_admissions_7d,-0.02225633177297903,0.02225633177297903,Lower predicted risk
num__previous_total_admissions_7d,-0.022234076995358513,0.022234076995358513,Lower predicted risk
num__home_discharge_without_medication_or_followup_plan_flag,-0.022228395684634153,0.022228395684634153,Lower predicted risk
num__medicaid_flag,0.022203651959946412,0.022203651959946412,Higher predicted risk
num__psychosis_with_late_safety_order_flag,-0.02212497231812121,0.02212497231812121,Lower predicted risk
num__glucose_lab_first_72h_max,-0.022019946111612093,0.022019946111612093,Lower predicted risk
num__platelet_lab_first_72h_mean,-0.021888016185146998,0.021888016185146998,Lower predicted risk
num__num_unique_enter_providers,0.021883788138212668,0.021883788138212668,Higher predicted risk
num__psych_facility_discharge_and_safety_orders_flag,0.021728738721637306,0.021728738721637306,Higher predicted risk
num__elixhauser_lymphoma,0.021690613195039652,0.021690613195039652,Higher predicted risk
num__wbc_lab_min_value,0.021689903677789547,0.021689903677789547,Higher predicted risk
num__previous_bmi_before_admission_filled,-0.02160132751168054,0.02160132751168054,Lower predicted risk
num__previous_bmi_before_admission,-0.02160132751168054,0.02160132751168054,Lower predicted risk
cat__admission_location_EMERGENCY ROOM,-0.021596108780655862,0.021596108780655862,Lower predicted risk
num__num_prn_pharmacy_orders,-0.021573219267097588,0.021573219267097588,Lower predicted risk
num__emar_administration_count_first_24h,-0.021554574995940406,0.021554574995940406,Lower predicted risk
num__previous_icu_admissions_60d,0.021533181388043512,0.021533181388043512,Higher predicted risk
num__psychosis_without_antipsychotic_continuity_flag,-0.021449614051947518,0.021449614051947518,Lower predicted risk
num__had_social_work_case_management_order,0.021425758006400352,0.021425758006400352,Higher predicted risk
num__max_previous_los_days,-0.021314587838823146,0.021314587838823146,Lower predicted risk
num__num_rass_sedation_chart_events,0.021229016676650902,0.021229016676650902,Higher predicted risk
num__no_psychotropic_discharge_med_in_psychosis_flag,0.02097349131497585,0.02097349131497585,Higher predicted risk
num__sodium_lab_rate_of_change_per_day,0.02090944801856612,0.02090944801856612,Higher predicted risk
num__provider_changes_last_24h_before_discharge,0.020856635114705716,0.020856635114705716,Higher predicted risk
num__emar_missed_or_not_given_count_first_24h,0.020838787910306012,0.020838787910306012,Higher predicted risk
num__glucose_lab_std_value,0.02081194008122166,0.02081194008122166,Higher predicted risk
num__had_therapy_or_counselling_followup_order,0.020754552906176248,0.020754552906176248,Higher predicted risk
num__num_paused_procedureevents,0.02074558063911481,0.02074558063911481,Higher predicted risk
num__aftercare_quality_score,-0.020726020469452974,0.020726020469452974,Lower predicted risk
num__previous_admission_had_psych_facility_discharge,-0.02071694672822512,0.02071694672822512,Lower predicted risk
num__wbc_lab_first_value,0.02068359631918353,0.02068359631918353,Higher predicted risk
cat__discharge_season_autumn,0.02059283238494783,0.02059283238494783,Higher predicted risk
num__num_paused_inputevents,0.020535287260185917,0.020535287260185917,Higher predicted risk
num__elixhauser_rheumatoid_collagen,-0.020217204422169403,0.020217204422169403,Lower predicted risk
num__pain_max_score,0.02017885428493794,0.02017885428493794,Higher predicted risk
num__emar_started_stopped_activity_last_24h,-0.02013588638553117,0.02013588638553117,Lower predicted risk
num__platelet_lab_first_24h_max,-0.020132701091450246,0.020132701091450246,Lower predicted risk
cat__nonpsych_diagnosis_burden_category_1-5,-0.020118011798347935,0.020118011798347935,Lower predicted risk
num__older_medical_complexity_home_discharge_flag,0.019988404435935168,0.019988404435935168,Higher predicted risk
num__respiratory_rate_vital_rate_of_change_per_day,0.019978175480118352,0.019978175480118352,Higher predicted risk
num__previous_ed_visits_60d,0.019958508910514167,0.019958508910514167,Higher predicted risk
num__hypotension_72h_hour_percentage,-0.019757764090260376,0.019757764090260376,Lower predicted risk
num__late_medication_change_without_discharge_med_plan_flag,-0.019706339776231183,0.019706339776231183,Lower predicted risk
num__latest_bmi_before_admission_filled,-0.019702386122434957,0.019702386122434957,Lower predicted risk
num__latest_bmi_before_admission,-0.01964097174338537,0.01964097174338537,Lower predicted risk
num__recent_icu_admission_60d_flag,-0.019613857118973593,0.019613857118973593,Lower predicted risk
num__late_imaging_order_share_last_12h,0.019495278669341493,0.019495278669341493,Higher predicted risk
num__hemoglobin_lab_rate_of_change_per_day,0.019438324473691235,0.019438324473691235,Higher predicted risk
num__new_psychosis_this_admission_flag,-0.019200881755788414,0.019200881755788414,Lower predicted risk
num__platelet_lab_first_value,0.01895617674877216,0.01895617674877216,Higher predicted risk
num__sodium_lab_first_72h_max,-0.018942289341593296,0.018942289341593296,Lower predicted risk
num__previous_long_los_flag,-0.01885533780211665,0.01885533780211665,Lower predicted risk
num__num_abnormal_labs,0.018744400560615458,0.018744400560615458,Higher predicted risk
num__sodium_lab_first_24h_max,-0.018700835136646474,0.018700835136646474,Lower predicted risk
num__spo2_vital_last_value,-0.018662632968080323,0.018662632968080323,Lower predicted risk
num__previous_nonpsych_admissions_60d,-0.01862644611793937,0.01862644611793937,Lower predicted risk
num__previous_total_admissions_14d,0.01861282695831186,0.01861282695831186,Higher predicted risk
num__spo2_vital_value_change,-0.018585223612526687,0.018585223612526687,Lower predicted risk
num__smi_without_followup_order_flag,-0.018551297175338953,0.018551297175338953,Lower predicted risk
num__mean_bp_noninvasive_vital_value_change,0.018483458228186575,0.018483458228186575,Higher predicted risk
num__previous_icu_admissions_14d,0.01846859000148911,0.01846859000148911,Higher predicted risk
num__emar_delayed_or_not_given_last_24h,0.018451231587229788,0.018451231587229788,Higher predicted risk
num__platelet_lab_min_value,-0.01832852404143502,0.01832852404143502,Lower predicted risk
cat__discharge_season_summer,-0.018303137634039762,0.018303137634039762,Lower predicted risk
num__num_vital_types_measured,0.01827872647295373,0.01827872647295373,Higher predicted risk
num__mean_bp_noninvasive_vital_first_value,-0.018244257143429244,0.018244257143429244,Lower predicted risk
num__days_since_previous_hospital_admission_filled,0.018236418514940372,0.018236418514940372,Higher predicted risk
num__late_psych_safety_activity_score_near_discharge,-0.018161822573936115,0.018161822573936115,Lower predicted risk
num__spo2_72h_observed_hours,0.01807538774907036,0.01807538774907036,Higher predicted risk
num__had_iv_prescription,-0.01804793433869884,0.01804793433869884,Lower predicted risk
num__creatinine_lab_coefficient_of_variation,0.017931001682264754,0.017931001682264754,Higher predicted risk
num__psychotropic_change_without_aftercare_plan_flag,-0.01786923199734591,0.01786923199734591,Lower predicted risk
num__antipsychotic_plus_benzodiazepine,0.017825158653792205,0.017825158653792205,Higher predicted risk
num__late_medical_to_psych_order_ratio_last_12h,-0.01775666491142969,0.01775666491142969,Lower predicted risk
num__days_since_latest_body_measure,-0.01773864279852287,0.01773864279852287,Lower predicted risk
num__spo2_vital_rate_of_change_per_day,-0.01772224460950336,0.01772224460950336,Lower predicted risk
num__days_since_latest_body_measure_filled,-0.017721219961927777,0.017721219961927777,Lower predicted risk
num__psych_and_medical_comorbidity_flag,0.017636343046569074,0.017636343046569074,Higher predicted risk
num__creatinine_lab_first_72h_mean,0.01747929167692781,0.01747929167692781,Higher predicted risk
num__urea_nitrogen_lab_mean_value,-0.017442961542479752,0.017442961542479752,Lower predicted risk
num__ed_only_crisis_pattern_score,0.017416458314726768,0.017416458314726768,Higher predicted risk
num__potassium_lab_rate_of_change_per_day,-0.01739743783640545,0.01739743783640545,Lower predicted risk
num__late_clinical_order_count_last_6h,0.017382614707069803,0.017382614707069803,Higher predicted risk
num__previous_total_admissions_30d,0.01736065551076462,0.01736065551076462,Higher predicted risk
num__late_order_activity_flag,0.017262729467786793,0.017262729467786793,Higher predicted risk
num__had_central_line_procedure,0.017259760875868516,0.017259760875868516,Higher predicted risk
num__discontinued_orders_per_hospital_day,-0.01724498146080149,0.01724498146080149,Lower predicted risk
cat__discharge_location_HOME,0.017227993679463684,0.017227993679463684,Higher predicted risk
num__num_started_emar_events,0.01708761589502613,0.01708761589502613,Higher predicted risk
num__discontinued_orders_last_12h_before_discharge,0.017048902909763426,0.017048902909763426,Higher predicted risk
cat__discharge_season_spring,-0.017039882335445636,0.017039882335445636,Lower predicted risk
num__num_positive_blood_culture,0.01701676302963026,0.01701676302963026,Higher predicted risk
num__num_orders_first_24h,0.016807429973150333,0.016807429973150333,Higher predicted risk
num__self_harm_and_late_safety_order_flag,-0.016802565289017624,0.016802565289017624,Lower predicted risk
num__self_harm_and_substance_use_flag,0.01669591436067854,0.01669591436067854,Higher predicted risk
num__platelet_lab_last_to_first_ratio,0.016687945787832618,0.016687945787832618,Higher predicted risk
num__discharge_dayofweek,0.016631431117997336,0.016631431117997336,Higher predicted risk
num__glucose_lab_value_range,0.01659514150960442,0.01659514150960442,Higher predicted risk
num__late_consult_order_share_last_12h,-0.016531238570879705,0.016531238570879705,Lower predicted risk
num__previous_psych_admissions_14d,0.016520260028407212,0.016520260028407212,Higher predicted risk
num__no_late_orders_but_recent_psych_admission_flag,-0.01650506652499434,0.01650506652499434,Lower predicted risk
num__low_order_activity_with_recent_psych_admission_flag,-0.01650506652499434,0.01650506652499434,Lower predicted risk
num__elixhauser_valvular_disease,0.016504799323872596,0.016504799323872596,Higher predicted risk
num__sodium_lab_std_value,-0.016498203111331083,0.016498203111331083,Lower predicted risk
num__elixhauser_liver_disease,0.016412235820837225,0.016412235820837225,Higher predicted risk
num__elixhauser_depression,-0.01639046725002208,0.01639046725002208,Lower predicted risk
num__num_total_poe_orders,-0.016302670266469643,0.016302670266469643,Lower predicted risk
num__systolic_bp_noninvasive_vital_last_value,-0.01622849158004683,0.01622849158004683,Lower predicted risk
num__elixhauser_peripheral_vascular,0.016192892386850864,0.016192892386850864,Higher predicted risk
num__recent_icu_admission_365d_flag,-0.016135880418755025,0.016135880418755025,Lower predicted risk
num__consult_order_proportion,-0.01611457781428711,0.01611457781428711,Lower predicted risk
num__depression_and_previous_psych_365d,-0.01610111519306225,0.01610111519306225,Lower predicted risk
num__had_benzodiazepine,0.016084954978554646,0.016084954978554646,Higher predicted risk
num__previous_ed_visits_7d,0.015971519714404678,0.015971519714404678,Higher predicted risk
num__quiet_home_discharge_psych_risk_flag,-0.01587539309375374,0.01587539309375374,Lower predicted risk
num__late_lab_activity_without_facility_discharge_flag,-0.015864522149651637,0.015864522149651637,Lower predicted risk
num__mean_bp_arterial_vital_mean_value,0.015800099996753213,0.015800099996753213,Higher predicted risk
num__bipolar_without_mood_stabiliser_continuity_flag,-0.015795942382354152,0.015795942382354152,Lower predicted risk
num__num_lab_events_last_24h_before_discharge,0.015767266761977147,0.015767266761977147,Higher predicted risk
num__smi_without_psychotropic_continuity_flag,0.015759367918778498,0.015759367918778498,Higher predicted risk
num__had_long_acting_injectable_antipsychotic,0.015638682472485985,0.015638682472485985,Higher predicted risk
num__max_oxygen_flow_rate,0.015626300801727534,0.015626300801727534,Higher predicted risk
num__wbc_lab_mean_value,-0.015607134316716294,0.015607134316716294,Lower predicted risk
num__emar_nonpsychotropic_not_given_count,-0.015603301324073747,0.015603301324073747,Lower predicted risk
num__elixhauser_renal_failure,-0.015469128336100616,0.015469128336100616,Lower predicted risk
num__emar_not_given_event_count,-0.015450116494195294,0.015450116494195294,Lower predicted risk
cat__psych_diagnosis_burden_category_2 diagnoses,0.015377647415249603,0.015377647415249603,Higher predicted risk
num__previous_nonpsych_admissions_180d,-0.015318148091081596,0.015318148091081596,Lower predicted risk
num__hemoglobin_lab_first_24h_mean,-0.01530221521234953,0.01530221521234953,Lower predicted risk
num__charlson_comorbidity_index_simplified,0.01517370193139022,0.01517370193139022,Higher predicted risk
num__systolic_bp_arterial_vital_rate_of_change_per_day,0.01517111974629631,0.01517111974629631,Higher predicted risk
num__new_benzodiazepine_started_flag,0.01506864810234204,0.01506864810234204,Higher predicted risk
num__had_benzodiazepine_order,0.01506864810234204,0.01506864810234204,Higher predicted risk
num__friday_discharge,-0.015050996711438431,0.015050996711438431,Lower predicted risk
num__elixhauser_deficiency_anaemia,-0.014959922905612771,0.014959922905612771,Lower predicted risk
num__late_lab_orders_last_12h,-0.014903812309779106,0.014903812309779106,Lower predicted risk
num__previous_3plus_total_admissions_365d,0.014894420654796577,0.014894420654796577,Higher predicted risk
num__high_utiliser_previous_year,0.014894420654796577,0.014894420654796577,Higher predicted risk
num__age_65plus_x_elixhauser_group_count,0.014846206840557293,0.014846206840557293,Higher predicted risk
num__poe_order_density_first_72h,0.014834192808390136,0.014834192808390136,Higher predicted risk
num__num_orders_first_72h,0.014834192808389197,0.014834192808389197,Higher predicted risk
num__num_psych_related_poe_orders,0.014794877254929896,0.014794877254929896,Higher predicted risk
num__previous_nonpsych_admissions_90d,0.01475855036014584,0.01475855036014584,Higher predicted risk
cat__discharge_location_grouped_Psych facility,0.014642989754299934,0.014642989754299934,Higher predicted risk
cat__discharge_location_PSYCH FACILITY,0.014642989754299934,0.014642989754299934,Higher predicted risk
num__previous_psych_admissions_30d,0.014628944039317646,0.014628944039317646,Higher predicted risk
num__recent_psych_admission_90d_x_severe_mental_illness,0.014609407967808005,0.014609407967808005,Higher predicted risk
num__spo2_72h_min,0.014507082595356489,0.014507082595356489,Higher predicted risk
num__psychosis_home_discharge_no_followup_flag,-0.01443146782002817,0.01443146782002817,Lower predicted risk
num__vital_72h_hours_with_3plus_instability_indicators,-0.01442379074936666,0.01442379074936666,Lower predicted risk
num__late_icu_intervention_activity,-0.014405666440578918,0.014405666440578918,Lower predicted risk
num__wbc_lab_std_value,0.01438988829967458,0.01438988829967458,Higher predicted risk
num__not_married_flag,0.014280003409336961,0.014280003409336961,Higher predicted risk
num__single_or_divorced_or_widowed,0.014280003409336961,0.014280003409336961,Higher predicted risk
num__elixhauser_drug_abuse,-0.014247902809761953,0.014247902809761953,Lower predicted risk
num__heart_rate_72h_std,0.014200487360562952,0.014200487360562952,Higher predicted risk
num__anchor_age,0.014177632960554966,0.014177632960554966,Higher predicted risk
num__urea_nitrogen_lab_rate_of_change_per_day,0.014106021313811093,0.014106021313811093,Higher predicted risk
num__vital_72h_hours_with_2plus_instability_indicators,0.014004314353662587,0.014004314353662587,Higher predicted risk
num__admitted_from_emergency_transfer_flag,-0.01392954134413353,0.01392954134413353,Lower predicted risk
num__mean_bp_arterial_vital_value_range,0.013889889063010502,0.013889889063010502,Higher predicted risk
num__respiratory_rate_vital_value_change,-0.013867395111390426,0.013867395111390426,Lower predicted risk
num__mean_bp_arterial_vital_max_value,0.01385677622169466,0.01385677622169466,Higher predicted risk
num__spo2_vital_max_value,0.013814895698337448,0.013814895698337448,Higher predicted risk
num__has_opioid_related_disorder,-0.01378332663271057,0.01378332663271057,Lower predicted risk
cat__time_since_previous_psych_category_365+ days,0.013758752166019036,0.013758752166019036,Higher predicted risk
num__tachycardia_72h_hour_percentage,0.013747054720572138,0.013747054720572138,Higher predicted risk
num__elixhauser_fluid_electrolyte,-0.013705963811027622,0.013705963811027622,Lower predicted risk
num__has_liver_disease,0.013696663037438571,0.013696663037438571,Higher predicted risk
num__glucose_lab_first_72h_mean,0.013668885614186888,0.013668885614186888,Higher predicted risk
num__late_nonroutine_order_share_last_12h,-0.013623720820078867,0.013623720820078867,Lower predicted risk
num__spo2_vital_value_range,0.013614174978120057,0.013614174978120057,Higher predicted risk
num__platelet_lab_value_change,0.013448029398593906,0.013448029398593906,Higher predicted risk
num__discharge_month,0.013370040393452378,0.013370040393452378,Higher predicted risk
num__had_prn_antipsychotic,0.013364546723571033,0.013364546723571033,Higher predicted risk
num__antipsychotic_plus_mood_stabiliser,-0.013349247946314305,0.013349247946314305,Lower predicted risk
num__safety_orders_after_72h,-0.013290569104697362,0.013290569104697362,Lower predicted risk
num__num_steroid_prescriptions,0.01318324655198143,0.01318324655198143,Higher predicted risk
cat__gender_M,0.013157568673257325,0.013157568673257325,Higher predicted risk
cat__discharge_location_AGAINST ADVICE,0.013054258682712228,0.013054258682712228,Higher predicted risk
num__hypotension_last_24h_before_discharge_flag,-0.01300345194360609,0.01300345194360609,Lower predicted risk
num__max_previous_los_days_filled,0.012879281271039248,0.012879281271039248,Higher predicted risk
num__num_stopped_procedureevents,-0.01286313362078231,0.01286313362078231,Lower predicted risk
num__height_change_recent_filled,-0.012815187470678002,0.012815187470678002,Lower predicted risk
num__height_change_recent,-0.012815187470678002,0.012815187470678002,Lower predicted risk
num__num_discharge_med_proc_type_orders,-0.01272313018869529,0.01272313018869529,Lower predicted risk
num__had_basal_rate_order,0.012631491085013442,0.012631491085013442,Higher predicted risk
num__recent_icu_admission_14d_flag,-0.012596731722082755,0.012596731722082755,Lower predicted risk
num__late_admin_aftercare_order_count_last_12h,0.012483144077360026,0.012483144077360026,Higher predicted risk
num__systolic_bp_arterial_vital_first_value,0.012447480647565344,0.012447480647565344,Higher predicted risk
num__psychotropic_change_with_aftercare_plan_flag,-0.012375426144783767,0.012375426144783767,Lower predicted risk
num__frequent_psych_admitter_flag,0.012367923683046574,0.012367923683046574,Higher predicted risk
num__medication_order_count_first_24h,0.01234827947746203,0.01234827947746203,Higher predicted risk
num__creatinine_lab_mean_value,0.012260190535271623,0.012260190535271623,Higher predicted risk
num__previous_height_cm_before_admission_filled,-0.012252039151930882,0.012252039151930882,Lower predicted risk
num__previous_height_cm_before_admission,-0.012252039151930882,0.012252039151930882,Lower predicted risk
num__prior_instability_score,0.01217760806700989,0.01217760806700989,Higher predicted risk
num__late_social_work_or_case_management_orders_last_6h,-0.0121712730057296,0.0121712730057296,Lower predicted risk
num__wbc_lab_last_to_first_ratio,0.012167862430463156,0.012167862430463156,Higher predicted risk
num__psych_related_order_proportion,0.012083229797139248,0.012083229797139248,Higher predicted risk
num__previous_admission_had_late_lab_orders,-0.012076906841125706,0.012076906841125706,Lower predicted risk
num__urea_nitrogen_lab_first_72h_max,0.012037798445637654,0.012037798445637654,Higher predicted risk
num__elixhauser_metastatic_cancer,-0.012034274241541739,0.012034274241541739,Lower predicted risk
num__mean_bp_arterial_vital_min_value,-0.011794418203758221,0.011794418203758221,Lower predicted risk
num__order_activity_last_48h_to_total_ratio,-0.011777729778128247,0.011777729778128247,Lower predicted risk
num__elixhauser_congestive_heart_failure,-0.01175169596910913,0.01175169596910913,Lower predicted risk
num__num_dosing_by_pharmacy_orders,-0.01170085812619038,0.01170085812619038,Lower predicted risk
num__followup_order_first_72h_flag,0.011618648890864,0.011618648890864,Higher predicted risk
num__elixhauser_obesity,-0.011464043262367243,0.011464043262367243,Lower predicted risk
num__medical_complexity_no_aftercare_flag,-0.011347110079006625,0.011347110079006625,Lower predicted risk
num__psychotropic_started_after_72h_flag,-0.011285558277950374,0.011285558277950374,Lower predicted risk
num__late_psychotropic_change_flag,-0.011285558277950374,0.011285558277950374,Lower predicted risk
num__num_unique_order_providers_first_24h,0.011232209168105129,0.011232209168105129,Higher predicted risk
num__has_self_harm_or_suicidal_ideation,0.01121555341437662,0.01121555341437662,Higher predicted risk
num__self_harm_no_psych_followup_flag,0.01121555341437662,0.01121555341437662,Higher predicted risk
num__elixhauser_weight_loss,0.011158567481927345,0.011158567481927345,Higher predicted risk
num__late_social_work_or_case_management_orders_last_12h,0.011082294138557673,0.011082294138557673,Higher predicted risk
num__service_change_last_24h_before_discharge_flag,-0.011081541354180307,0.011081541354180307,Lower predicted risk
num__num_high_frequency_med_orders,0.01102825730291232,0.01102825730291232,Higher predicted risk
num__late_discharge_admin_orders_last_12h,0.010890573478528605,0.010890573478528605,Higher predicted risk
num__platelet_lab_first_24h_min,-0.010862997314089472,0.010862997314089472,Lower predicted risk
num__num_unique_order_types,-0.010770345254079177,0.010770345254079177,Lower predicted risk
num__elixhauser_pulmonary_circulation,-0.010725781420541716,0.010725781420541716,Lower predicted risk
num__new_self_harm_this_admission_flag,0.010524408206092269,0.010524408206092269,Higher predicted risk
num__recent_icu_admission_180d_flag,0.010446843461047668,0.010446843461047668,Higher predicted risk
num__mean_bp_arterial_vital_relative_range,-0.010439660015249933,0.010439660015249933,Lower predicted risk
num__previous_nonpsych_admissions_30d,0.010434062706215622,0.010434062706215622,Higher predicted risk
num__wbc_lab_first_72h_max,0.010420864418054005,0.010420864418054005,Higher predicted risk
cat__time_since_previous_psych_category_31-90 days,-0.01041592694054612,0.01041592694054612,Lower predicted risk
num__previous_short_los_flag,-0.010364380842513413,0.010364380842513413,Lower predicted risk
num__platelet_lab_coefficient_of_variation,-0.010363426665450662,0.010363426665450662,Lower predicted risk
num__previous_icu_admissions_365d,-0.010301613196002297,0.010301613196002297,Lower predicted risk
num__late_followup_or_aftercare_orders_last_12h,0.010260075115090521,0.010260075115090521,Higher predicted risk
num__late_order_severity_per_late_order_last_12h,-0.010247248849601308,0.010247248849601308,Lower predicted risk
num__late_followup_aftercare_order_share_last_12h,0.01023775667892937,0.01023775667892937,Higher predicted risk
num__late_followup_to_total_late_order_ratio,0.01023775667892937,0.01023775667892937,Higher predicted risk
num__late_care_fragmentation_score,0.010142612585658588,0.010142612585658588,Higher predicted risk
num__no_barcode_med_admin_rate,-0.010140505767416326,0.010140505767416326,Lower predicted risk
num__psychotropic_orders_last_48h_before_discharge,-0.010136097215799493,0.010136097215799493,Lower predicted risk
num__days_since_previous_hospital_admission,0.010090911922445251,0.010090911922445251,Higher predicted risk
num__emar_complete_dose_not_given_rate,0.01008493918838107,0.01008493918838107,Higher predicted risk
num__previous_height_cm_before_admission_missing,0.010057949690313326,0.010057949690313326,Higher predicted risk
num__height_change_recent_missing,0.010057949690313326,0.010057949690313326,Higher predicted risk
num__num_nonpsych_diagnoses,-0.010019020175013382,0.010019020175013382,Lower predicted risk
num__admission_month,-0.010013956607902616,0.010013956607902616,Lower predicted risk
num__orders_after_72h_per_hospital_day,-0.009758377997154241,0.009758377997154241,Lower predicted risk
num__mean_bp_noninvasive_vital_last_value,0.00962626749108662,0.00962626749108662,Higher predicted risk
num__tachycardia_last_24h_before_discharge_flag,0.009583929380652799,0.009583929380652799,Higher predicted risk
cat__discharge_location_REHAB,0.009498862037602602,0.009498862037602602,Higher predicted risk
num__followup_order_proportion,0.009462747605704864,0.009462747605704864,Higher predicted risk
num__num_scheduled_psychotropic_orders,0.009428876605635569,0.009428876605635569,Higher predicted risk
num__glucose_lab_coefficient_of_variation,-0.009369649531828225,0.009369649531828225,Lower predicted risk
num__elixhauser_alcohol_abuse,-0.009362743827636482,0.009362743827636482,Lower predicted risk
num__has_alcohol_related_disorder,-0.009362743827636482,0.009362743827636482,Lower predicted risk
num__high_order_activity_and_late_last_order,-0.009357918655185694,0.009357918655185694,Lower predicted risk
num__late_order_activity_x_high_poe_orders,-0.009357918655185694,0.009357918655185694,Lower predicted risk
num__late_order_activity_and_high_poe_orders,-0.009357918655185694,0.009357918655185694,Lower predicted risk
num__prn_psychotropic_and_self_harm_flag,0.009319548014621743,0.009319548014621743,Higher predicted risk
num__urea_nitrogen_lab_coefficient_of_variation,-0.00928264304040391,0.00928264304040391,Lower predicted risk
num__platelet_lab_first_72h_min,-0.009281410571304287,0.009281410571304287,Lower predicted risk
num__self_harm_without_followup_order_flag,-0.009228543369276844,0.009228543369276844,Lower predicted risk
num__num_oxygen_support_chart_events,-0.009148838429673872,0.009148838429673872,Lower predicted risk
num__systolic_bp_arterial_vital_min_value,-0.00910946187995814,0.00910946187995814,Lower predicted risk
num__previous_admission_had_late_safety_orders,-0.009102395703781557,0.009102395703781557,Lower predicted risk
num__new_orders_last_24h_before_discharge_flag,0.009080001475919204,0.009080001475919204,Higher predicted risk
num__mean_bp_noninvasive_72h_std,-0.009049439738374363,0.009049439738374363,Lower predicted risk
num__order_activity_duration_hours,0.008951397515174818,0.008951397515174818,Higher predicted risk
num__orders_24_to_72h,0.008945254273768515,0.008945254273768515,Higher predicted risk
num__hemoglobin_lab_abnormal,0.008939172682633893,0.008939172682633893,Higher predicted risk
num__psychotropic_order_density_per_day,0.008823041705765602,0.008823041705765602,Higher predicted risk
num__psychotropic_pharmacy_orders_per_day,0.008823041705765453,0.008823041705765453,Higher predicted risk
num__last_order_hours_from_admission_filled,0.008822723392130308,0.008822723392130308,Higher predicted risk
num__urea_nitrogen_lab_max_value,-0.008820178803103661,0.008820178803103661,Lower predicted risk
num__safety_orders_without_prior_readmission_history_flag,-0.008771748008614695,0.008771748008614695,Lower predicted risk
num__recent_icu_admission_7d_flag,-0.008667719097271893,0.008667719097271893,Lower predicted risk
num__previous_nonpsych_admissions_14d,0.008650000725481475,0.008650000725481475,Higher predicted risk
num__has_other_psych_diagnosis,-0.008627368969158914,0.008627368969158914,Lower predicted risk
num__friday_evening_discharge_flag,0.00848949367890467,0.00848949367890467,Higher predicted risk
num__spo2_72h_std,0.008481478405668458,0.008481478405668458,Higher predicted risk
num__transfer_admission_with_psych_history_flag,-0.008359860110216668,0.008359860110216668,Lower predicted risk
num__mean_previous_admission_gap_days_filled,-0.008358293474138231,0.008358293474138231,Lower predicted risk
num__late_followup_order_flag,0.008290274142032037,0.008290274142032037,Higher predicted risk
num__has_polysubstance_related_disorder,-0.008259082574995353,0.008259082574995353,Lower predicted risk
num__previous_admission_had_discharge_planning_order,0.00820396291358341,0.00820396291358341,Higher predicted risk
num__num_iv_prescription_rows,-0.008118603516035857,0.008118603516035857,Lower predicted risk
num__has_previous_icu_admission,-0.008115213933773695,0.008115213933773695,Lower predicted risk
num__days_since_previous_icu_admission_missing,0.008115213933773695,0.008115213933773695,Higher predicted risk
num__late_safety_to_total_late_order_ratio,0.007891200176828447,0.007891200176828447,Higher predicted risk
num__late_psych_safety_order_share_last_12h,0.007891200176828447,0.007891200176828447,Higher predicted risk
num__num_psychotropic_pharmacy_orders,-0.007877938717876155,0.007877938717876155,Lower predicted risk
num__glucose_lab_last_to_first_ratio,0.007870678744155129,0.007870678744155129,Higher predicted risk
num__num_prn_antipsychotic_orders,0.007868344459405765,0.007868344459405765,Higher predicted risk
num__systolic_bp_noninvasive_vital_min_value,-0.00785836939966306,0.00785836939966306,Lower predicted risk
num__num_iv_route_pharmacy_orders,-0.007821342680868303,0.007821342680868303,Lower predicted risk
num__num_iv_pharmacy_orders,-0.007821342680868303,0.007821342680868303,Lower predicted risk
num__delayed_administered_rate,-0.007788598255015202,0.007788598255015202,Lower predicted risk
num__self_harm_without_safety_order_flag,-0.00778280266102987,0.00778280266102987,Lower predicted risk
num__urea_nitrogen_lab_last_to_first_ratio,0.007585385967409887,0.007585385967409887,Higher predicted risk
num__sodium_lab_value_range,0.007538684132315863,0.007538684132315863,Higher predicted risk
num__num_gcs_chart_events,0.0074422597206825186,0.0074422597206825186,Higher predicted risk
num__late_routine_care_orders_last_12h,0.007429490270376692,0.007429490270376692,Higher predicted risk
num__safety_order_activity_duration_hours,0.0073473739386419774,0.0073473739386419774,Higher predicted risk
num__has_previous_nonpsych_admission,0.007281489854535601,0.007281489854535601,Higher predicted risk
num__systolic_bp_arterial_vital_value_change,0.0072280516423001975,0.0072280516423001975,Higher predicted risk
num__late_psych_safety_home_discharge_flag,-0.007220099273681069,0.007220099273681069,Lower predicted risk
num__pharmacy_infusion_complexity_score,0.007164480138613325,0.007164480138613325,Higher predicted risk
num__late_imaging_orders_last_12h,0.007154211570723176,0.007154211570723176,Higher predicted risk
num__num_patient_may_take_own_med_orders,0.007143959209706162,0.007143959209706162,Higher predicted risk
cat__discharge_location_ACUTE HOSPITAL,0.007119458685974589,0.007119458685974589,Higher predicted risk
num__num_hospital_observation_hcpcs_events,-0.007100118890978009,0.007100118890978009,Lower predicted risk
num__num_lab_events_first_72h,-0.007095053585856454,0.007095053585856454,Lower predicted risk
num__previous_weight_kg_before_admission_filled,-0.00708294842082708,0.00708294842082708,Lower predicted risk
num__previous_weight_kg_before_admission,-0.007082943053618194,0.007082943053618194,Lower predicted risk
cat__time_since_previous_psych_category_0-30 days,0.0069616043448746875,0.0069616043448746875,Higher predicted risk
num__medical_complexity_without_psych_history_flag,0.00692475093056009,0.00692475093056009,Higher predicted risk
num__medical_complexity_without_prior_psych_flag,0.00692475093056009,0.00692475093056009,Higher predicted risk
num__depression_and_substance_use_flag,0.006912172278511815,0.006912172278511815,Higher predicted risk
num__emar_unique_medication_count,-0.006896865589483352,0.006896865589483352,Lower predicted risk
num__emar_missed_or_not_given_count_first_72h,-0.006818240898553375,0.006818240898553375,Lower predicted risk
num__weight_change_recent_filled,0.006805846841502233,0.006805846841502233,Higher predicted risk
num__weight_change_recent,0.006805846841502233,0.006805846841502233,Higher predicted risk
num__mixed_psych_medical_readmission_pattern_flag,-0.006799376046130533,0.006799376046130533,Lower predicted risk
num__num_observation_safety_orders,0.006785635214800276,0.006785635214800276,Higher predicted risk
num__num_safety_observation_orders,0.006785635214800276,0.006785635214800276,Higher predicted risk
num__psychosis_and_previous_psych_365d,-0.006782893475463736,0.006782893475463736,Lower predicted risk
num__mean_bp_noninvasive_vital_rate_of_change_per_day,0.006744121280770369,0.006744121280770369,Higher predicted risk
num__mean_bp_noninvasive_vital_max_value,-0.006730404436092657,0.006730404436092657,Lower predicted risk
num__mean_bp_noninvasive_vital_value_range,-0.006730169919510823,0.006730169919510823,Lower predicted risk
num__first_order_hours_from_admission,-0.00667989327958203,0.00667989327958203,Lower predicted risk
num__previous_psych_admissions_180d,0.006659668402148774,0.006659668402148774,Higher predicted risk
num__quiet_risk_flag,0.006613845630856474,0.006613845630856474,Higher predicted risk
num__lab_tests_per_hospital_day,-0.006491372688477326,0.006491372688477326,Lower predicted risk
num__previous_bmi_before_admission_missing,-0.006479711058253413,0.006479711058253413,Lower predicted risk
num__bmi_change_recent_missing,-0.006479711058253413,0.006479711058253413,Lower predicted risk
num__elixhauser_hypothyroidism,-0.006465153852601632,0.006465153852601632,Lower predicted risk
num__previous_admission_had_safety_order,0.006302661886514044,0.006302661886514044,Higher predicted risk
num__psychotropic_orders_last_24h_before_discharge,-0.006272344565159861,0.006272344565159861,Lower predicted risk
num__spo2_low_last_24h_before_discharge_flag,-0.006265206834036005,0.006265206834036005,Lower predicted risk
num__drg_severity,-0.00625937832938747,0.00625937832938747,Lower predicted risk
num__sodium_lab_first_value,0.0062065290111522585,0.0062065290111522585,Higher predicted risk
num__late_medication_order_share_last_12h,-0.00619128215944029,0.00619128215944029,Lower predicted risk
num__num_unique_drugs,-0.00615477170857508,0.00615477170857508,Lower predicted risk
num__num_unique_antipsychotics,0.006144356598756309,0.006144356598756309,Higher predicted risk
num__respiratory_rate_vital_last_value,0.006123702693139154,0.006123702693139154,Higher predicted risk
num__admission_frequency_acceleration,0.006091537646684253,0.006091537646684253,Higher predicted risk
num__chart_acuity_event_density_per_day,-0.006065642303345393,0.006065642303345393,Lower predicted risk
num__respiratory_rate_vital_value_range,-0.006065557422237117,0.006065557422237117,Lower predicted risk
num__respiratory_rate_vital_max_value,-0.006064961273553664,0.006064961273553664,Lower predicted risk
num__mean_bp_noninvasive_vital_relative_range,-0.006048709362902899,0.006048709362902899,Lower predicted risk
num__previous_icu_admissions_7d,-0.006017878597536603,0.006017878597536603,Lower predicted risk
num__ed_admission_with_smi_flag,0.006004789979471125,0.006004789979471125,Higher predicted risk
num__num_delayed_administered_events,-0.006000239797376426,0.006000239797376426,Lower predicted risk
num__emar_delayed_administration_count,-0.006000239797376426,0.006000239797376426,Lower predicted risk
num__psychotropic_medication_change_count,0.005980484456148374,0.005980484456148374,Higher predicted risk
num__potassium_lab_last_value,0.0059727915278065735,0.0059727915278065735,Higher predicted risk
num__mean_previous_los_days,-0.005919014757574146,0.005919014757574146,Lower predicted risk
num__systolic_bp_noninvasive_vital_relative_range,0.00587513651191988,0.00587513651191988,Higher predicted risk
num__mean_bp_noninvasive_72h_min,0.005813730667909341,0.005813730667909341,Higher predicted risk
num__systolic_bp_noninvasive_vital_value_change,0.00577116858416537,0.00577116858416537,Higher predicted risk
num__smi_home_discharge_no_followup_flag,0.005734242996122167,0.005734242996122167,Higher predicted risk
num__emar_had_infusion_administration,0.005683504854302904,0.005683504854302904,Higher predicted risk
num__platelet_lab_max_value,-0.005655888769123388,0.005655888769123388,Lower predicted risk
num__followup_order_last_48h_before_discharge,0.005596923870042051,0.005596923870042051,Higher predicted risk
num__num_followup_related_orders,0.005592762078010142,0.005592762078010142,Higher predicted risk
num__num_followup_referral_orders,0.005592762078010142,0.005592762078010142,Higher predicted risk
num__sodium_lab_coefficient_of_variation,0.005592598372134876,0.005592598372134876,Higher predicted risk
num__antipsychotic_polypharmacy_3plus,-0.0055275606406401225,0.0055275606406401225,Lower predicted risk
num__vital_instability_near_discharge_score,-0.00551421557965782,0.00551421557965782,Lower predicted risk
num__respiratory_rate_vital_relative_range,-0.005505389861109995,0.005505389861109995,Lower predicted risk
num__last_order_hours_from_admission,0.005497908991857385,0.005497908991857385,Higher predicted risk
num__mean_bp_arterial_vital_value_change,-0.00545919337373896,0.00545919337373896,Lower predicted risk
num__first_safety_order_hours_from_admission,0.00545830467601985,0.00545830467601985,Higher predicted risk
num__ed_admission_with_psychosis_flag,-0.005372975672776658,0.005372975672776658,Lower predicted risk
num__systolic_bp_arterial_vital_mean_value,-0.005322099167800574,0.005322099167800574,Lower predicted risk
num__gcs_min_score,0.005244515385602629,0.005244515385602629,Higher predicted risk
num__sodium_lab_max_value,0.005223515694662971,0.005223515694662971,Higher predicted risk
num__emar_complete_dose_not_given_flag,-0.005196021488439873,0.005196021488439873,Lower predicted risk
num__had_substance_use_followup_order,-0.005185643520384223,0.005185643520384223,Lower predicted risk
num__order_activity_ratio_24_to_72h,0.0051808766037022115,0.0051808766037022115,Higher predicted risk
num__antipsychotic_prescription_count,0.005157665008266374,0.005157665008266374,Higher predicted risk
num__elixhauser_chronic_pulmonary,0.005048762162201103,0.005048762162201103,Higher predicted risk
num__previous_admission_los_days,-0.004955344510506546,0.004955344510506546,Lower predicted risk
num__respiratory_rate_vital_min_value,0.0049322374786486805,0.0049322374786486805,Higher predicted risk
num__sodium_lab_first_72h_mean,-0.004928831180913298,0.004928831180913298,Lower predicted risk
num__first_order_hours_from_admission_filled,-0.004900501440388887,0.004900501440388887,Lower predicted risk
num__potassium_lab_coefficient_of_variation,-0.004875180597183774,0.004875180597183774,Lower predicted risk
num__sodium_lab_first_24h_mean,-0.004855288235611473,0.004855288235611473,Lower predicted risk
num__num_cam_delirium_chart_events,0.004844464389615161,0.004844464389615161,Higher predicted risk
num__time_to_first_transfer_hours_filled,0.004826513929632745,0.004826513929632745,Higher predicted risk
num__elixhauser_coagulopathy,-0.00477925328505998,0.00477925328505998,Lower predicted risk
num__current_psych_group_not_seen_previous_flag,0.0047455319952384774,0.0047455319952384774,Higher predicted risk
num__num_unverified_pharmacy_orders,0.004679936610569857,0.004679936610569857,Higher predicted risk
num__self_harm_recurrent_flag,0.00467168767994803,0.00467168767994803,Higher predicted risk
num__admission_year,0.004639389320453263,0.004639389320453263,Higher predicted risk
num__urea_nitrogen_lab_std_value,-0.004634142460096379,0.004634142460096379,Lower predicted risk
num__discharge_hour,0.004630354813133604,0.004630354813133604,Higher predicted risk
num__emar_administered_to_order_ratio,0.004580598099423399,0.004580598099423399,Higher predicted risk
num__new_mood_stabiliser_started_flag,-0.004578123310023293,0.004578123310023293,Lower predicted risk
num__had_mood_stabiliser_order,-0.004578123310023293,0.004578123310023293,Lower predicted risk
num__safety_order_and_self_harm_flag,-0.004441985337984735,0.004441985337984735,Lower predicted risk
num__min_previous_admission_gap_days_filled,0.00441368978158443,0.00441368978158443,Higher predicted risk
num__mood_stabiliser_antipsychotic_combination,0.004250051780596597,0.004250051780596597,Higher predicted risk
num__recent_icu_admission_90d_flag,0.00419008000734819,0.00419008000734819,Higher predicted risk
num__respiratory_rate_vital_first_value,-0.004181825859709943,0.004181825859709943,Lower predicted risk
num__num_outputevents_last_24h_before_discharge,-0.004168819647581258,0.004168819647581258,Lower predicted risk
num__spo2_72h_mean,0.004138049431531903,0.004138049431531903,Higher predicted risk
num__substance_use_and_withdrawal_treatment_flag,0.003980542198717678,0.003980542198717678,Higher predicted risk
num__num_oral_pharmacy_orders,-0.003888488304831215,0.003888488304831215,Lower predicted risk
num__month_end_discharge_flag,0.003868750605565915,0.003868750605565915,Higher predicted risk
num__prior_psych_365d_x_smi,-0.003769766783941056,0.003769766783941056,Lower predicted risk
num__smi_and_previous_psych_365d,-0.003769766783941056,0.003769766783941056,Lower predicted risk
num__emar_psychotropic_not_given_count,-0.0036853945720484453,0.0036853945720484453,Lower predicted risk
num__mean_bp_arterial_vital_last_value,-0.003660857512003729,0.003660857512003729,Lower predicted risk
num__severe_mental_illness_x_antipsychotic,-0.003655842557007884,0.003655842557007884,Lower predicted risk
num__platelet_lab_last_value,-0.0036360115344407145,0.0036360115344407145,Lower predicted risk
num__previous_nonpsych_admissions_7d,-0.0036028151201184834,0.0036028151201184834,Lower predicted risk
num__late_imaging_orders_last_6h,-0.0036006878242919385,0.0036006878242919385,Lower predicted risk
num__mean_bp_arterial_vital_first_value,0.0035083270198839997,0.0035083270198839997,Higher predicted risk
num__psych_facility_discharge_with_followup_order_flag,-0.0034697322411150716,0.0034697322411150716,Lower predicted risk
num__emar_dose_given_record_count,0.003425507981852659,0.003425507981852659,Higher predicted risk
num__late_medication_orders_and_psychotropic_change_flag,-0.003393031533437462,0.003393031533437462,Lower predicted risk
num__spo2_72h_max,0.0033923727815729095,0.0033923727815729095,Higher predicted risk
num__night_discharge,0.003346923111795259,0.003346923111795259,Higher predicted risk
num__late_lab_activity_without_followup_flag,0.0032725220973100553,0.0032725220973100553,Higher predicted risk
num__sodium_lab_min_value,-0.0032502472932159775,0.0032502472932159775,Lower predicted risk
num__elixhauser_diabetes_uncomplicated,0.0032497719639458457,0.0032497719639458457,Higher predicted risk
num__elixhauser_diabetes_complicated,0.003215718465224779,0.003215718465224779,Higher predicted risk
num__heart_rate_vital_value_change,-0.0031366500049133375,0.0031366500049133375,Lower predicted risk
num__substance_use_on_current_and_previous_admission_flag,0.003105914404979091,0.003105914404979091,Higher predicted risk
num__finer_substance_use_category_count,0.0030713353664523413,0.0030713353664523413,Higher predicted risk
num__older_age_and_no_recent_psych_history,0.003033407322938889,0.003033407322938889,Higher predicted risk
num__older_age_x_no_recent_psych_history,0.003033407322938889,0.003033407322938889,Higher predicted risk
num__spo2_vital_mean_value,0.002993785571458874,0.002993785571458874,Higher predicted risk
num__had_lockout_interval_order,0.002981889601372312,0.002981889601372312,Higher predicted risk
num__emar_total_delay_hours,-0.0029089092337831668,0.0029089092337831668,Lower predicted risk
num__had_mood_stabiliser,0.0028976749483067836,0.0028976749483067836,Higher predicted risk
num__urea_nitrogen_lab_value_range,-0.0028644326440637755,0.0028644326440637755,Lower predicted risk
num__num_dose_due_records,0.002832413857349559,0.002832413857349559,Higher predicted risk
num__num_pain_chart_events,0.0027917226336123565,0.0027917226336123565,Higher predicted risk
num__mean_bp_noninvasive_vital_mean_value,-0.002746039962062182,0.002746039962062182,Lower predicted risk
num__spo2_vital_min_value,0.002679966872689203,0.002679966872689203,Higher predicted risk
num__smi_x_antipsychotic_polypharmacy,0.0026474575738825623,0.0026474575738825623,Higher predicted risk
num__holiday_period_discharge_flag,0.002621898349954901,0.002621898349954901,Higher predicted risk
num__time_to_first_transfer_hours,-0.0025952726977666487,0.0025952726977666487,Lower predicted risk
num__days_since_previous_icu_admission,0.0025401238488668623,0.0025401238488668623,Higher predicted risk
cat__drg_mortality_category_Moderate,-0.0025163184114317025,0.0025163184114317025,Lower predicted risk
cat__insurance_Medicaid,-0.002489699650550318,0.002489699650550318,Lower predicted risk
num__wbc_lab_first_72h_mean,-0.0024715802139792077,0.0024715802139792077,Lower predicted risk
num__vital_abnormality_burden_score,-0.0024616189636539115,0.0024616189636539115,Lower predicted risk
num__psychosis_and_substance_use_flag,-0.0024329150971073923,0.0024329150971073923,Lower predicted risk
num__num_total_diagnoses,-0.0024321187521182614,0.0024321187521182614,Lower predicted risk
num__abnormal_lab_burden_score,-0.002362745198227523,0.002362745198227523,Lower predicted risk
num__polypharmacy_10plus_x_age_65plus,0.0023191172431160385,0.0023191172431160385,Higher predicted risk
num__wbc_lab_first_24h_mean,-0.002317656485097934,0.002317656485097934,Lower predicted risk
num__followup_order_last_24h_before_discharge,-0.0023119440286047577,0.0023119440286047577,Lower predicted risk
cat__insurance_grouped_Private,-0.0022752978792058847,0.0022752978792058847,Lower predicted risk
cat__insurance_Private,-0.0022752978792058847,0.0022752978792058847,Lower predicted risk
num__emergency_room_admission_flag,0.0021880166136494326,0.0021880166136494326,Higher predicted risk
num__admitted_from_ed_flag,0.0021880166136494326,0.0021880166136494326,Higher predicted risk
num__hemoglobin_lab_first_72h_min,-0.0021484962187016004,0.0021484962187016004,Lower predicted risk
num__creatinine_lab_last_to_first_ratio,-0.0020967792220460387,0.0020967792220460387,Lower predicted risk
num__creatinine_lab_rate_of_change_per_day,0.0020330289726065015,0.0020330289726065015,Higher predicted risk
num__glucose_lab_last_value,0.0020141014999623293,0.0020141014999623293,Higher predicted risk
num__late_lab_orders_without_psych_safety_orders_flag,0.0019920902295659177,0.0019920902295659177,Higher predicted risk
num__admission_dayofweek,0.0018624208348755299,0.0018624208348755299,Higher predicted risk
num__previous_admission_order_activity_count,0.0018519965182609319,0.0018519965182609319,Higher predicted risk
num__systolic_bp_noninvasive_vital_mean_value,-0.001688137014028949,0.001688137014028949,Lower predicted risk
num__creatinine_lab_std_value,-0.001467487812204659,0.001467487812204659,Lower predicted risk
num__num_infusion_pharmacy_orders,0.0014063415898411533,0.0014063415898411533,Higher predicted risk
num__emar_complete_dose_not_given_count,0.0014003682113035802,0.0014003682113035802,Higher predicted risk
num__high_care_team_touchpoints_near_discharge_flag,-0.001388643129319434,0.001388643129319434,Lower predicted risk
num__quiet_prior_psych_low_activity_score,-0.0013871796903863354,0.0013871796903863354,Lower predicted risk
num__previous_total_admissions_180d,0.0013222692504484084,0.0013222692504484084,Higher predicted risk
num__glucose_lab_first_24h_max,-0.0013163224276864969,0.0013163224276864969,Lower predicted risk
num__elixhauser_other_neurological,-0.001302551538784917,0.001302551538784917,Lower predicted risk
num__systolic_bp_arterial_vital_last_value,-0.0012968045864881403,0.0012968045864881403,Lower predicted risk
cat__admission_location_grouped_Internal transfer involving psych,-0.001269873338201571,0.001269873338201571,Lower predicted risk
num__last_order_close_to_discharge_hours_filled,0.0011627058460425127,0.0011627058460425127,Higher predicted risk
num__last_order_close_to_discharge_hours,0.0011627058460425127,0.0011627058460425127,Higher predicted risk
num__latest_weight_kg_before_admission,-0.0011218166468254045,0.0011218166468254045,Lower predicted risk
num__had_outpatient_followup_order,-0.0010477343005821057,0.0010477343005821057,Lower predicted risk
num__previous_admission_within_27_33d_flag,-0.0009674668625355618,0.0009674668625355618,Lower predicted risk
num__days_since_previous_admission_near_30d_flag,-0.0009674668625355618,0.0009674668625355618,Lower predicted risk
num__prior_near_30d_readmission_flag,-0.0009674668625355618,0.0009674668625355618,Lower predicted risk
num__hemoglobin_lab_value_range,0.0009331859255962525,0.0009331859255962525,Higher predicted risk
num__late_care_team_activity_flag,0.0009321044828509771,0.0009321044828509771,Higher predicted risk
num__latest_weight_kg_before_admission_filled,-0.0009312089481439542,0.0009312089481439542,Lower predicted risk
num__mean_bp_noninvasive_vital_min_value,-0.0009309673263484368,0.0009309673263484368,Lower predicted risk
num__time_between_last_two_admissions_days,-0.0008490944217981446,0.0008490944217981446,Lower predicted risk
num__late_medication_orders_last_6h,-0.0008353755918754334,0.0008353755918754334,Lower predicted risk
num__emar_mean_delay_hours,0.0008144245099874958,0.0008144245099874958,Higher predicted risk
num__prior_psych_90d_x_self_harm,-0.0008053600853785034,0.0008053600853785034,Lower predicted risk
num__self_harm_and_previous_psych_90d,-0.0008053600853785034,0.0008053600853785034,Lower predicted risk
num__systolic_bp_noninvasive_vital_max_value,-0.0007922039878980601,0.0007922039878980601,Lower predicted risk
num__systolic_bp_noninvasive_vital_value_range,-0.0007742730969685152,0.0007742730969685152,Lower predicted risk
num__self_harm_and_previous_psych_365d,-0.0007486173319981538,0.0007486173319981538,Lower predicted risk
num__prior_psych_365d_x_self_harm,-0.0007486173319981538,0.0007486173319981538,Lower predicted risk
num__internal_transfer_from_psych_flag,-0.000725916063923432,0.000725916063923432,Lower predicted risk
num__time_between_last_two_admissions_days_filled,-0.0006958400015289652,0.0006958400015289652,Lower predicted risk
num__previous_nonpsych_admissions,0.000631296978602265,0.000631296978602265,Higher predicted risk
num__psych_diagnosis_group_count,0.0006147485809862355,0.0006147485809862355,Higher predicted risk
num__num_datetimeevents,-0.0006012476283243234,0.0006012476283243234,Lower predicted risk
num__emar_had_iv_administration,0.0005711762311285687,0.0005711762311285687,Higher predicted risk
num__wbc_lab_value_range,-0.0005529527668800775,0.0005529527668800775,Lower predicted risk
cat__race_WHITE,0.0005294439144687121,0.0005294439144687121,Higher predicted risk
num__systolic_bp_noninvasive_vital_rate_of_change_per_day,0.000488761756598617,0.000488761756598617,Higher predicted risk
num__order_activity_slope_24_to_72h,-0.00044662547522827386,0.00044662547522827386,Lower predicted risk
num__latest_height_cm_before_admission,-0.0004184455751166556,0.0004184455751166556,Lower predicted risk
num__latest_height_cm_before_admission_filled,-0.0004184455751166556,0.0004184455751166556,Lower predicted risk
num__antipsychotic_polypharmacy_2plus,0.00041714698621403846,0.00041714698621403846,Higher predicted risk
num__smi_and_high_charlson_flag,-0.00035702065477740666,0.00035702065477740666,Lower predicted risk
num__previous_admission_had_followup_order,-0.00033260414945228856,0.00033260414945228856,Lower predicted risk
num__days_since_previous_icu_admission_filled,0.00030876108520358356,0.00030876108520358356,Higher predicted risk
num__previous_ed_visits_14d,-0.0002814678600538023,0.0002814678600538023,Lower predicted risk
num__substance_use_x_benzodiazepine,-0.00015969046076331234,0.00015969046076331234,Lower predicted risk
num__bmi_change_recent_filled,2.9704670668310667e-06,2.9704670668310667e-06,Higher predicted risk
num__bmi_change_recent,2.9704670668310667e-06,2.9704670668310667e-06,Higher predicted risk
