csv_path,sheet_name,rows,columns,rows_written,note
/scratch/DissProject/outputs/WP3_5/csv_tables/t3_5_hourly_clinical_gru_performance.csv,hourly_clinical_gru_performance,3,22,3,complete
/scratch/DissProject/outputs/WP3_5/csv_tables/t3_5_hourly_clinical_gru_test_predictions.csv,clinical_gru_test_predictions,7302,15,7302,complete
/scratch/DissProject/outputs/WP3_5/csv_tables/t3_5_hourly_clinical_gru_training_history.csv,clinical_gru_training_history,13,4,13,complete
/scratch/DissProject/outputs/WP3_5/csv_tables/t3_5_hourly_clinical_gru_validation_threshold_search.csv,gru_validation_threshold_search,99,7,99,complete
/scratch/DissProject/outputs/WP3_5/csv_tables/t3_5_hourly_clinical_lstm_performance.csv,hourly_clinical_lstm_performanc,3,22,3,complete
/scratch/DissProject/outputs/WP3_5/csv_tables/t3_5_hourly_clinical_lstm_test_predictions.csv,clinical_lstm_test_predictions,7302,15,7302,complete
/scratch/DissProject/outputs/WP3_5/csv_tables/t3_5_hourly_clinical_lstm_training_history.csv,clinical_lstm_training_history,12,4,12,complete
/scratch/DissProject/outputs/WP3_5/csv_tables/t3_5_hourly_clinical_lstm_validation_threshold_search.csv,lstm_validation_threshold_searc,99,7,99,complete
/scratch/DissProject/outputs/WP3_5/csv_tables/t3_5_hourly_clinical_sequence_coverage.csv,hourly_clinical_sequence_covera,4,5,4,complete
/scratch/DissProject/outputs/WP3_5/csv_tables/t3_5_hourly_clinical_sequence_features.csv,hourly_clinical_sequence_featur,70,2,70,complete
/scratch/DissProject/outputs/WP3_5/csv_tables/t3_5_hybrid_tabular_hourly_clinical_gru_performance.csv,hourly_clinical_gru_performan_1,3,22,3,complete
/scratch/DissProject/outputs/WP3_5/csv_tables/t3_5_hybrid_tabular_hourly_clinical_gru_test_predictions.csv,clinical_gru_test_predictions_1,7302,15,7302,complete
/scratch/DissProject/outputs/WP3_5/csv_tables/t3_5_hybrid_tabular_hourly_clinical_gru_training_history.csv,clinical_gru_training_history_1,13,4,13,complete
/scratch/DissProject/outputs/WP3_5/csv_tables/t3_5_hybrid_tabular_hourly_clinical_gru_validation_threshold_search.csv,gru_validation_threshold_sear_1,99,7,99,complete
/scratch/DissProject/outputs/WP3_5/csv_tables/t3_5_hybrid_tabular_hourly_clinical_lstm_performance.csv,hourly_clinical_lstm_performa_1,3,22,3,complete
/scratch/DissProject/outputs/WP3_5/csv_tables/t3_5_hybrid_tabular_hourly_clinical_lstm_test_predictions.csv,clinical_lstm_test_prediction_1,7302,15,7302,complete
/scratch/DissProject/outputs/WP3_5/csv_tables/t3_5_hybrid_tabular_hourly_clinical_lstm_training_history.csv,clinical_lstm_training_histor_1,10,4,10,complete
/scratch/DissProject/outputs/WP3_5/csv_tables/t3_5_hybrid_tabular_hourly_clinical_lstm_validation_threshold_search.csv,lstm_validation_threshold_sea_1,99,7,99,complete
/scratch/DissProject/outputs/WP3_5/csv_tables/t3_5_neural_model_comparison.csv,5_neural_model_comparison,24,22,24,complete
/scratch/DissProject/outputs/WP3_5/csv_tables/t3_5_neural_output_file_summary.csv,neural_output_file_summary,234,3,234,complete
/scratch/DissProject/outputs/WP3_5/csv_tables/t3_5_pytorch_mlp_current_reference_performance.csv,mlp_current_reference_performan,3,20,3,complete
/scratch/DissProject/outputs/WP3_5/csv_tables/t3_5_pytorch_mlp_current_reference_test_predictions.csv,current_reference_test_predicti,47171,15,47171,complete
/scratch/DissProject/outputs/WP3_5/csv_tables/t3_5_pytorch_mlp_current_reference_training_history.csv,current_reference_training_hist,15,5,15,complete
/scratch/DissProject/outputs/WP3_5/csv_tables/t3_5_pytorch_mlp_current_reference_validation_threshold_search.csv,reference_validation_threshold_,99,7,99,complete
/scratch/DissProject/outputs/WP3_5/csv_tables/t3_5_pytorch_mlp_mlp_screen_01_768-256-64_wd0p001_bs2048_performance.csv,64_wd0p001_bs2048_performance,3,20,3,complete
/scratch/DissProject/outputs/WP3_5/csv_tables/t3_5_pytorch_mlp_mlp_screen_01_768-256-64_wd0p001_bs2048_test_predictions.csv,wd0p001_bs2048_test_predictions,47171,15,47171,complete
/scratch/DissProject/outputs/WP3_5/csv_tables/t3_5_pytorch_mlp_mlp_screen_01_768-256-64_wd0p001_bs2048_training_history.csv,wd0p001_bs2048_training_history,14,9,14,complete
/scratch/DissProject/outputs/WP3_5/csv_tables/t3_5_pytorch_mlp_mlp_screen_01_768-256-64_wd0p001_bs2048_validation_threshold_search.csv,bs2048_validation_threshold_sea,99,7,99,complete
/scratch/DissProject/outputs/WP3_5/csv_tables/t3_5_pytorch_mlp_mlp_screen_02_512-128_wd0p0001_bs512_performance.csv,128_wd0p0001_bs512_performance,3,20,3,complete
/scratch/DissProject/outputs/WP3_5/csv_tables/t3_5_pytorch_mlp_mlp_screen_02_512-128_wd0p0001_bs512_test_predictions.csv,wd0p0001_bs512_test_predictions,47171,15,47171,complete
/scratch/DissProject/outputs/WP3_5/csv_tables/t3_5_pytorch_mlp_mlp_screen_02_512-128_wd0p0001_bs512_training_history.csv,wd0p0001_bs512_training_history,10,9,10,complete
/scratch/DissProject/outputs/WP3_5/csv_tables/t3_5_pytorch_mlp_mlp_screen_02_512-128_wd0p0001_bs512_validation_threshold_search.csv,bs512_validation_threshold_sear,99,7,99,complete
/scratch/DissProject/outputs/WP3_5/csv_tables/t3_5_pytorch_mlp_mlp_screen_03_768-256-64_wd0p0003_bs1024_performance.csv,64_wd0p0003_bs1024_performance,3,20,3,complete
/scratch/DissProject/outputs/WP3_5/csv_tables/t3_5_pytorch_mlp_mlp_screen_03_768-256-64_wd0p0003_bs1024_test_predictions.csv,wd0p0003_bs1024_test_prediction,47171,15,47171,complete
/scratch/DissProject/outputs/WP3_5/csv_tables/t3_5_pytorch_mlp_mlp_screen_03_768-256-64_wd0p0003_bs1024_training_history.csv,wd0p0003_bs1024_training_histor,11,9,11,complete
/scratch/DissProject/outputs/WP3_5/csv_tables/t3_5_pytorch_mlp_mlp_screen_03_768-256-64_wd0p0003_bs1024_validation_threshold_search.csv,bs1024_validation_threshold_sea,99,7,99,complete
/scratch/DissProject/outputs/WP3_5/csv_tables/t3_5_pytorch_mlp_mlp_screen_04_512-256-64_wd0p0003_bs2048_performance.csv,64_wd0p0003_bs2048_performance,3,20,3,complete
/scratch/DissProject/outputs/WP3_5/csv_tables/t3_5_pytorch_mlp_mlp_screen_04_512-256-64_wd0p0003_bs2048_test_predictions.csv,wd0p0003_bs2048_test_prediction,47171,15,47171,complete
/scratch/DissProject/outputs/WP3_5/csv_tables/t3_5_pytorch_mlp_mlp_screen_04_512-256-64_wd0p0003_bs2048_training_history.csv,wd0p0003_bs2048_training_histor,15,9,15,complete
/scratch/DissProject/outputs/WP3_5/csv_tables/t3_5_pytorch_mlp_mlp_screen_04_512-256-64_wd0p0003_bs2048_validation_threshold_search.csv,bs2048_validation_threshold_s_1,99,7,99,complete
/scratch/DissProject/outputs/WP3_5/csv_tables/t3_5_pytorch_mlp_mlp_screen_05_256-64_wd0p0001_bs2048_performance.csv,64_wd0p0001_bs2048_performance,3,20,3,complete
/scratch/DissProject/outputs/WP3_5/csv_tables/t3_5_pytorch_mlp_mlp_screen_05_256-64_wd0p0001_bs2048_test_predictions.csv,wd0p0001_bs2048_test_prediction,47171,15,47171,complete
/scratch/DissProject/outputs/WP3_5/csv_tables/t3_5_pytorch_mlp_mlp_screen_05_256-64_wd0p0001_bs2048_training_history.csv,wd0p0001_bs2048_training_histor,14,9,14,complete
/scratch/DissProject/outputs/WP3_5/csv_tables/t3_5_pytorch_mlp_mlp_screen_05_256-64_wd0p0001_bs2048_validation_threshold_search.csv,bs2048_validation_threshold_s_2,99,7,99,complete
/scratch/DissProject/outputs/WP3_5/csv_tables/t3_5_pytorch_mlp_mlp_screen_06_384-192-64_wd0p0001_bs512_performance.csv,64_wd0p0001_bs512_performance,3,20,3,complete
/scratch/DissProject/outputs/WP3_5/csv_tables/t3_5_pytorch_mlp_mlp_screen_06_384-192-64_wd0p0001_bs512_test_predictions.csv,wd0p0001_bs512_test_predictio_1,47171,15,47171,complete
/scratch/DissProject/outputs/WP3_5/csv_tables/t3_5_pytorch_mlp_mlp_screen_06_384-192-64_wd0p0001_bs512_training_history.csv,wd0p0001_bs512_training_histo_1,10,9,10,complete
/scratch/DissProject/outputs/WP3_5/csv_tables/t3_5_pytorch_mlp_mlp_screen_06_384-192-64_wd0p0001_bs512_validation_threshold_search.csv,bs512_validation_threshold_se_1,99,7,99,complete
/scratch/DissProject/outputs/WP3_5/csv_tables/t3_5_pytorch_mlp_mlp_screen_07_384-96_wd0p0003_bs2048_performance.csv,96_wd0p0003_bs2048_performance,3,20,3,complete
/scratch/DissProject/outputs/WP3_5/csv_tables/t3_5_pytorch_mlp_mlp_screen_07_384-96_wd0p0003_bs2048_test_predictions.csv,wd0p0003_bs2048_test_predicti_1,47171,15,47171,complete
/scratch/DissProject/outputs/WP3_5/csv_tables/t3_5_pytorch_mlp_mlp_screen_07_384-96_wd0p0003_bs2048_training_history.csv,wd0p0003_bs2048_training_hist_1,13,9,13,complete
/scratch/DissProject/outputs/WP3_5/csv_tables/t3_5_pytorch_mlp_mlp_screen_07_384-96_wd0p0003_bs2048_validation_threshold_search.csv,bs2048_validation_threshold_s_3,99,7,99,complete
/scratch/DissProject/outputs/WP3_5/csv_tables/t3_5_pytorch_mlp_mlp_screen_08_384-96_wd0p001_bs512_performance.csv,96_wd0p001_bs512_performance,3,20,3,complete
/scratch/DissProject/outputs/WP3_5/csv_tables/t3_5_pytorch_mlp_mlp_screen_08_384-96_wd0p001_bs512_test_predictions.csv,wd0p001_bs512_test_predictions,47171,15,47171,complete
/scratch/DissProject/outputs/WP3_5/csv_tables/t3_5_pytorch_mlp_mlp_screen_08_384-96_wd0p001_bs512_training_history.csv,wd0p001_bs512_training_history,11,9,11,complete
/scratch/DissProject/outputs/WP3_5/csv_tables/t3_5_pytorch_mlp_mlp_screen_08_384-96_wd0p001_bs512_validation_threshold_search.csv,bs512_validation_threshold_se_2,99,7,99,complete
/scratch/DissProject/outputs/WP3_5/csv_tables/t3_5_pytorch_mlp_mlp_screen_09_512-128_wd0p001_bs512_performance.csv,128_wd0p001_bs512_performance,3,20,3,complete
/scratch/DissProject/outputs/WP3_5/csv_tables/t3_5_pytorch_mlp_mlp_screen_09_512-128_wd0p001_bs512_test_predictions.csv,wd0p001_bs512_test_prediction_1,47171,15,47171,complete
/scratch/DissProject/outputs/WP3_5/csv_tables/t3_5_pytorch_mlp_mlp_screen_09_512-128_wd0p001_bs512_training_history.csv,wd0p001_bs512_training_histor_1,12,9,12,complete
/scratch/DissProject/outputs/WP3_5/csv_tables/t3_5_pytorch_mlp_mlp_screen_09_512-128_wd0p001_bs512_validation_threshold_search.csv,bs512_validation_threshold_se_3,99,7,99,complete
/scratch/DissProject/outputs/WP3_5/csv_tables/t3_5_pytorch_mlp_mlp_screen_10_512-128_wd0p0003_bs1024_performance.csv,128_wd0p0003_bs1024_performance,3,20,3,complete
/scratch/DissProject/outputs/WP3_5/csv_tables/t3_5_pytorch_mlp_mlp_screen_10_512-128_wd0p0003_bs1024_test_predictions.csv,wd0p0003_bs1024_test_predicti_1,47171,15,47171,complete
/scratch/DissProject/outputs/WP3_5/csv_tables/t3_5_pytorch_mlp_mlp_screen_10_512-128_wd0p0003_bs1024_training_history.csv,wd0p0003_bs1024_training_hist_1,10,9,10,complete
/scratch/DissProject/outputs/WP3_5/csv_tables/t3_5_pytorch_mlp_mlp_screen_10_512-128_wd0p0003_bs1024_validation_threshold_search.csv,bs1024_validation_threshold_s_1,99,7,99,complete
/scratch/DissProject/outputs/WP3_5/csv_tables/t3_5_pytorch_mlp_mlp_screen_11_768-256-64_wd0p0003_bs1024_performance.csv,64_wd0p0003_bs1024_performanc_1,3,20,3,complete
/scratch/DissProject/outputs/WP3_5/csv_tables/t3_5_pytorch_mlp_mlp_screen_11_768-256-64_wd0p0003_bs1024_test_predictions.csv,wd0p0003_bs1024_test_predicti_2,47171,15,47171,complete
/scratch/DissProject/outputs/WP3_5/csv_tables/t3_5_pytorch_mlp_mlp_screen_11_768-256-64_wd0p0003_bs1024_training_history.csv,wd0p0003_bs1024_training_hist_2,14,9,14,complete
/scratch/DissProject/outputs/WP3_5/csv_tables/t3_5_pytorch_mlp_mlp_screen_11_768-256-64_wd0p0003_bs1024_validation_threshold_search.csv,bs1024_validation_threshold_s_2,99,7,99,complete
/scratch/DissProject/outputs/WP3_5/csv_tables/t3_5_pytorch_mlp_mlp_screen_12_512-128_wd0p0003_bs1024_performance.csv,128_wd0p0003_bs1024_performan_1,3,20,3,complete
/scratch/DissProject/outputs/WP3_5/csv_tables/t3_5_pytorch_mlp_mlp_screen_12_512-128_wd0p0003_bs1024_test_predictions.csv,wd0p0003_bs1024_test_predicti_3,47171,15,47171,complete
/scratch/DissProject/outputs/WP3_5/csv_tables/t3_5_pytorch_mlp_mlp_screen_12_512-128_wd0p0003_bs1024_training_history.csv,wd0p0003_bs1024_training_hist_3,14,9,14,complete
/scratch/DissProject/outputs/WP3_5/csv_tables/t3_5_pytorch_mlp_mlp_screen_12_512-128_wd0p0003_bs1024_validation_threshold_search.csv,bs1024_validation_threshold_s_3,99,7,99,complete
/scratch/DissProject/outputs/WP3_5/csv_tables/t3_5_pytorch_mlp_mlp_screen_13_512-128_wd0p0003_bs512_performance.csv,128_wd0p0003_bs512_performance,3,20,3,complete
/scratch/DissProject/outputs/WP3_5/csv_tables/t3_5_pytorch_mlp_mlp_screen_13_512-128_wd0p0003_bs512_test_predictions.csv,wd0p0003_bs512_test_predictions,47171,15,47171,complete
/scratch/DissProject/outputs/WP3_5/csv_tables/t3_5_pytorch_mlp_mlp_screen_13_512-128_wd0p0003_bs512_training_history.csv,wd0p0003_bs512_training_history,14,9,14,complete
/scratch/DissProject/outputs/WP3_5/csv_tables/t3_5_pytorch_mlp_mlp_screen_13_512-128_wd0p0003_bs512_validation_threshold_search.csv,bs512_validation_threshold_se_4,99,7,99,complete
/scratch/DissProject/outputs/WP3_5/csv_tables/t3_5_pytorch_mlp_mlp_screen_14_256-64_wd0p0003_bs2048_performance.csv,64_wd0p0003_bs2048_performanc_1,3,20,3,complete
/scratch/DissProject/outputs/WP3_5/csv_tables/t3_5_pytorch_mlp_mlp_screen_14_256-64_wd0p0003_bs2048_test_predictions.csv,wd0p0003_bs2048_test_predicti_2,47171,15,47171,complete
/scratch/DissProject/outputs/WP3_5/csv_tables/t3_5_pytorch_mlp_mlp_screen_14_256-64_wd0p0003_bs2048_training_history.csv,wd0p0003_bs2048_training_hist_2,16,9,16,complete
/scratch/DissProject/outputs/WP3_5/csv_tables/t3_5_pytorch_mlp_mlp_screen_14_256-64_wd0p0003_bs2048_validation_threshold_search.csv,bs2048_validation_threshold_s_4,99,7,99,complete
/scratch/DissProject/outputs/WP3_5/csv_tables/t3_5_pytorch_mlp_mlp_screen_15_384-192-64_wd0p001_bs512_performance.csv,64_wd0p001_bs512_performance,3,20,3,complete
/scratch/DissProject/outputs/WP3_5/csv_tables/t3_5_pytorch_mlp_mlp_screen_15_384-192-64_wd0p001_bs512_test_predictions.csv,wd0p001_bs512_test_prediction_2,47171,15,47171,complete
/scratch/DissProject/outputs/WP3_5/csv_tables/t3_5_pytorch_mlp_mlp_screen_15_384-192-64_wd0p001_bs512_training_history.csv,wd0p001_bs512_training_histor_2,15,9,15,complete
/scratch/DissProject/outputs/WP3_5/csv_tables/t3_5_pytorch_mlp_mlp_screen_15_384-192-64_wd0p001_bs512_validation_threshold_search.csv,bs512_validation_threshold_se_5,99,7,99,complete
/scratch/DissProject/outputs/WP3_5/csv_tables/t3_5_pytorch_mlp_mlp_screen_16_512-128_wd0p001_bs512_performance.csv,128_wd0p001_bs512_performance_1,3,20,3,complete
/scratch/DissProject/outputs/WP3_5/csv_tables/t3_5_pytorch_mlp_mlp_screen_16_512-128_wd0p001_bs512_test_predictions.csv,wd0p001_bs512_test_prediction_3,47171,15,47171,complete
/scratch/DissProject/outputs/WP3_5/csv_tables/t3_5_pytorch_mlp_mlp_screen_16_512-128_wd0p001_bs512_training_history.csv,wd0p001_bs512_training_histor_3,13,9,13,complete
/scratch/DissProject/outputs/WP3_5/csv_tables/t3_5_pytorch_mlp_mlp_screen_16_512-128_wd0p001_bs512_validation_threshold_search.csv,bs512_validation_threshold_se_6,99,7,99,complete
/scratch/DissProject/outputs/WP3_5/csv_tables/t3_5_pytorch_mlp_mlp_screen_17_512-256-64_wd0p0005_bs1024_performance.csv,64_wd0p0005_bs1024_performance,3,20,3,complete
/scratch/DissProject/outputs/WP3_5/csv_tables/t3_5_pytorch_mlp_mlp_screen_17_512-256-64_wd0p0005_bs1024_test_predictions.csv,wd0p0005_bs1024_test_prediction,47171,15,47171,complete
/scratch/DissProject/outputs/WP3_5/csv_tables/t3_5_pytorch_mlp_mlp_screen_17_512-256-64_wd0p0005_bs1024_training_history.csv,wd0p0005_bs1024_training_histor,13,9,13,complete
/scratch/DissProject/outputs/WP3_5/csv_tables/t3_5_pytorch_mlp_mlp_screen_17_512-256-64_wd0p0005_bs1024_validation_threshold_search.csv,bs1024_validation_threshold_s_4,99,7,99,complete
/scratch/DissProject/outputs/WP3_5/csv_tables/t3_5_pytorch_mlp_mlp_screen_18_768-256-64_wd0p0005_bs1024_performance.csv,64_wd0p0005_bs1024_performanc_1,3,20,3,complete
/scratch/DissProject/outputs/WP3_5/csv_tables/t3_5_pytorch_mlp_mlp_screen_18_768-256-64_wd0p0005_bs1024_test_predictions.csv,wd0p0005_bs1024_test_predicti_1,47171,15,47171,complete
/scratch/DissProject/outputs/WP3_5/csv_tables/t3_5_pytorch_mlp_mlp_screen_18_768-256-64_wd0p0005_bs1024_training_history.csv,wd0p0005_bs1024_training_hist_1,15,9,15,complete
/scratch/DissProject/outputs/WP3_5/csv_tables/t3_5_pytorch_mlp_mlp_screen_18_768-256-64_wd0p0005_bs1024_validation_threshold_search.csv,bs1024_validation_threshold_s_5,99,7,99,complete
/scratch/DissProject/outputs/WP3_5/csv_tables/t3_5_pytorch_mlp_mlp_screen_19_256-64_wd0p0003_bs1024_performance.csv,64_wd0p0003_bs1024_performanc_2,3,20,3,complete
/scratch/DissProject/outputs/WP3_5/csv_tables/t3_5_pytorch_mlp_mlp_screen_19_256-64_wd0p0003_bs1024_test_predictions.csv,wd0p0003_bs1024_test_predicti_4,47171,15,47171,complete
/scratch/DissProject/outputs/WP3_5/csv_tables/t3_5_pytorch_mlp_mlp_screen_19_256-64_wd0p0003_bs1024_training_history.csv,wd0p0003_bs1024_training_hist_4,15,9,15,complete
/scratch/DissProject/outputs/WP3_5/csv_tables/t3_5_pytorch_mlp_mlp_screen_19_256-64_wd0p0003_bs1024_validation_threshold_search.csv,bs1024_validation_threshold_s_6,99,7,99,complete
/scratch/DissProject/outputs/WP3_5/csv_tables/t3_5_pytorch_mlp_mlp_screen_20_256-64_wd0p0005_bs512_performance.csv,64_wd0p0005_bs512_performance,3,20,3,complete
/scratch/DissProject/outputs/WP3_5/csv_tables/t3_5_pytorch_mlp_mlp_screen_20_256-64_wd0p0005_bs512_test_predictions.csv,wd0p0005_bs512_test_predictions,47171,15,47171,complete
/scratch/DissProject/outputs/WP3_5/csv_tables/t3_5_pytorch_mlp_mlp_screen_20_256-64_wd0p0005_bs512_training_history.csv,wd0p0005_bs512_training_history,16,9,16,complete
/scratch/DissProject/outputs/WP3_5/csv_tables/t3_5_pytorch_mlp_mlp_screen_20_256-64_wd0p0005_bs512_validation_threshold_search.csv,bs512_validation_threshold_se_7,99,7,99,complete
/scratch/DissProject/outputs/WP3_5/csv_tables/t3_5_pytorch_mlp_performance.csv,5_pytorch_mlp_performance,3,20,3,complete
/scratch/DissProject/outputs/WP3_5/csv_tables/t3_5_pytorch_mlp_screening_performance.csv,pytorch_mlp_screening_performan,30,25,30,complete
/scratch/DissProject/outputs/WP3_5/csv_tables/t3_5_pytorch_mlp_small_regularised_performance.csv,mlp_small_regularised_performan,3,20,3,complete
/scratch/DissProject/outputs/WP3_5/csv_tables/t3_5_pytorch_mlp_small_regularised_test_predictions.csv,small_regularised_test_predicti,47171,15,47171,complete
/scratch/DissProject/outputs/WP3_5/csv_tables/t3_5_pytorch_mlp_small_regularised_training_history.csv,small_regularised_training_hist,15,5,15,complete
/scratch/DissProject/outputs/WP3_5/csv_tables/t3_5_pytorch_mlp_small_regularised_validation_threshold_search.csv,regularised_validation_threshol,99,7,99,complete
/scratch/DissProject/outputs/WP3_5/csv_tables/t3_5_pytorch_mlp_test_predictions.csv,pytorch_mlp_test_predictions,47171,15,47171,complete
/scratch/DissProject/outputs/WP3_5/csv_tables/t3_5_pytorch_mlp_training_history.csv,pytorch_mlp_training_history,10,9,10,complete
/scratch/DissProject/outputs/WP3_5/csv_tables/t3_5_pytorch_mlp_validation_threshold_search.csv,mlp_validation_threshold_search,99,7,99,complete
/scratch/DissProject/outputs/WP3_5/csv_tables/t3_5_pytorch_mlp_variant_summary.csv,pytorch_mlp_variant_summary,10,11,10,complete
/scratch/DissProject/outputs/WP3_5/csv_tables/t3_5_pytorch_mlp_wide_regularised_performance.csv,mlp_wide_regularised_performanc,3,20,3,complete
/scratch/DissProject/outputs/WP3_5/csv_tables/t3_5_pytorch_mlp_wide_regularised_test_predictions.csv,wide_regularised_test_predictio,47171,15,47171,complete
/scratch/DissProject/outputs/WP3_5/csv_tables/t3_5_pytorch_mlp_wide_regularised_training_history.csv,wide_regularised_training_histo,13,5,13,complete
/scratch/DissProject/outputs/WP3_5/csv_tables/t3_5_pytorch_mlp_wide_regularised_validation_threshold_search.csv,regularised_validation_thresh_1,99,7,99,complete
/scratch/DissProject/outputs/WP3_5/csv_tables/t3_5_sequence_subset_tabular_mlp_performance.csv,subset_tabular_mlp_performance,3,22,3,complete
/scratch/DissProject/outputs/WP3_5/csv_tables/t3_5_sequence_subset_tabular_mlp_test_predictions.csv,tabular_mlp_test_predictions,7302,15,7302,complete
/scratch/DissProject/outputs/WP3_5/csv_tables/t3_5_sequence_subset_tabular_mlp_training_history.csv,tabular_mlp_training_history,11,4,11,complete
/scratch/DissProject/outputs/WP3_5/csv_tables/t3_5_sequence_subset_tabular_mlp_validation_threshold_search.csv,mlp_validation_threshold_sear_1,99,7,99,complete
/scratch/DissProject/outputs/WP3_5/csv_tables/t3_5_tabnet_performance.csv,t3_5_tabnet_performance,3,20,3,complete
/scratch/DissProject/outputs/WP3_5/csv_tables/t3_5_tabnet_screening_performance.csv,5_tabnet_screening_performance,18,33,18,complete
/scratch/DissProject/outputs/WP3_5/csv_tables/t3_5_tabnet_tabnet_screen_01_d24_steps4_gamma1p4_lr0p002_performance.csv,steps4_gamma1p4_lr0p002_perform,3,20,3,complete
/scratch/DissProject/outputs/WP3_5/csv_tables/t3_5_tabnet_tabnet_screen_01_d24_steps4_gamma1p4_lr0p002_test_predictions.csv,gamma1p4_lr0p002_test_predictio,47171,15,47171,complete
/scratch/DissProject/outputs/WP3_5/csv_tables/t3_5_tabnet_tabnet_screen_01_d24_steps4_gamma1p4_lr0p002_validation_threshold_search.csv,lr0p002_validation_threshold_se,99,7,99,complete
/scratch/DissProject/outputs/WP3_5/csv_tables/t3_5_tabnet_tabnet_screen_04_d32_steps3_gamma1p6_lr0p001_performance.csv,steps3_gamma1p6_lr0p001_perform,3,20,3,complete
/scratch/DissProject/outputs/WP3_5/csv_tables/t3_5_tabnet_tabnet_screen_04_d32_steps3_gamma1p6_lr0p001_test_predictions.csv,gamma1p6_lr0p001_test_predictio,47171,15,47171,complete
/scratch/DissProject/outputs/WP3_5/csv_tables/t3_5_tabnet_tabnet_screen_04_d32_steps3_gamma1p6_lr0p001_validation_threshold_search.csv,lr0p001_validation_threshold_se,99,7,99,complete
/scratch/DissProject/outputs/WP3_5/csv_tables/t3_5_tabnet_tabnet_screen_05_d16_steps4_gamma1p6_lr0p002_performance.csv,steps4_gamma1p6_lr0p002_perform,3,20,3,complete
/scratch/DissProject/outputs/WP3_5/csv_tables/t3_5_tabnet_tabnet_screen_05_d16_steps4_gamma1p6_lr0p002_test_predictions.csv,gamma1p6_lr0p002_test_predictio,47171,15,47171,complete
/scratch/DissProject/outputs/WP3_5/csv_tables/t3_5_tabnet_tabnet_screen_05_d16_steps4_gamma1p6_lr0p002_validation_threshold_search.csv,lr0p002_validation_threshold__1,99,7,99,complete
/scratch/DissProject/outputs/WP3_5/csv_tables/t3_5_tabnet_tabnet_screen_06_d32_steps4_gamma1p4_lr0p002_performance.csv,steps4_gamma1p4_lr0p002_perfo_1,3,20,3,complete
/scratch/DissProject/outputs/WP3_5/csv_tables/t3_5_tabnet_tabnet_screen_06_d32_steps4_gamma1p4_lr0p002_test_predictions.csv,gamma1p4_lr0p002_test_predict_1,47171,15,47171,complete
/scratch/DissProject/outputs/WP3_5/csv_tables/t3_5_tabnet_tabnet_screen_06_d32_steps4_gamma1p4_lr0p002_validation_threshold_search.csv,lr0p002_validation_threshold__2,99,7,99,complete
/scratch/DissProject/outputs/WP3_5/csv_tables/t3_5_tabnet_tabnet_screen_07_d32_steps3_gamma1p2_lr0p002_performance.csv,steps3_gamma1p2_lr0p002_perform,3,20,3,complete
/scratch/DissProject/outputs/WP3_5/csv_tables/t3_5_tabnet_tabnet_screen_07_d32_steps3_gamma1p2_lr0p002_test_predictions.csv,gamma1p2_lr0p002_test_predictio,47171,15,47171,complete
/scratch/DissProject/outputs/WP3_5/csv_tables/t3_5_tabnet_tabnet_screen_07_d32_steps3_gamma1p2_lr0p002_validation_threshold_search.csv,lr0p002_validation_threshold__3,99,7,99,complete
/scratch/DissProject/outputs/WP3_5/csv_tables/t3_5_tabnet_tabnet_screen_08_d24_steps5_gamma1p2_lr0p003_performance.csv,steps5_gamma1p2_lr0p003_perform,3,20,3,complete
/scratch/DissProject/outputs/WP3_5/csv_tables/t3_5_tabnet_tabnet_screen_08_d24_steps5_gamma1p2_lr0p003_test_predictions.csv,gamma1p2_lr0p003_test_predictio,47171,15,47171,complete
/scratch/DissProject/outputs/WP3_5/csv_tables/t3_5_tabnet_tabnet_screen_08_d24_steps5_gamma1p2_lr0p003_validation_threshold_search.csv,lr0p003_validation_threshold_se,99,7,99,complete
/scratch/DissProject/outputs/WP3_5/csv_tables/t3_5_tabnet_test_predictions.csv,5_tabnet_test_predictions,47171,15,47171,complete
/scratch/DissProject/outputs/WP3_5/csv_tables/t3_5_tabnet_validation_threshold_search.csv,tabnet_validation_threshold_sea,99,7,99,complete
/scratch/DissProject/outputs/WP3_5/csv_tables/t3_5_tabnet_variant_summary.csv,5_tabnet_variant_summary,6,16,6,complete
/scratch/DissProject/outputs/WP3_5/csv_tables/t3_5_tabtransformer_style_performance.csv,5_tabtransformer_style_performa,3,20,3,complete
/scratch/DissProject/outputs/WP3_5/csv_tables/t3_5_tabtransformer_style_screening_performance.csv,tabtransformer_style_screening_,24,27,24,complete
/scratch/DissProject/outputs/WP3_5/csv_tables/t3_5_tabtransformer_style_selected_features.csv,tabtransformer_style_selected_f,200,1,200,complete
/scratch/DissProject/outputs/WP3_5/csv_tables/t3_5_tabtransformer_style_tabtransformer_screen_01_d48_h6_l1_drop0p3_wd0p0005_performance.csv,l1_drop0p3_wd0p0005_performance,3,20,3,complete
/scratch/DissProject/outputs/WP3_5/csv_tables/t3_5_tabtransformer_style_tabtransformer_screen_01_d48_h6_l1_drop0p3_wd0p0005_test_predictions.csv,drop0p3_wd0p0005_test_predictio,47171,15,47171,complete
/scratch/DissProject/outputs/WP3_5/csv_tables/t3_5_tabtransformer_style_tabtransformer_screen_01_d48_h6_l1_drop0p3_wd0p0005_training_history.csv,drop0p3_wd0p0005_training_histo,25,11,25,complete
/scratch/DissProject/outputs/WP3_5/csv_tables/t3_5_tabtransformer_style_tabtransformer_screen_01_d48_h6_l1_drop0p3_wd0p0005_validation_threshold_search.csv,wd0p0005_validation_threshold_s,99,7,99,complete
/scratch/DissProject/outputs/WP3_5/csv_tables/t3_5_tabtransformer_style_tabtransformer_screen_02_d32_h4_l2_drop0p4_wd0p0001_performance.csv,l2_drop0p4_wd0p0001_performance,3,20,3,complete
/scratch/DissProject/outputs/WP3_5/csv_tables/t3_5_tabtransformer_style_tabtransformer_screen_02_d32_h4_l2_drop0p4_wd0p0001_test_predictions.csv,drop0p4_wd0p0001_test_predictio,47171,15,47171,complete
/scratch/DissProject/outputs/WP3_5/csv_tables/t3_5_tabtransformer_style_tabtransformer_screen_02_d32_h4_l2_drop0p4_wd0p0001_training_history.csv,drop0p4_wd0p0001_training_histo,25,11,25,complete
/scratch/DissProject/outputs/WP3_5/csv_tables/t3_5_tabtransformer_style_tabtransformer_screen_02_d32_h4_l2_drop0p4_wd0p0001_validation_threshold_search.csv,wd0p0001_validation_threshold_s,99,7,99,complete
/scratch/DissProject/outputs/WP3_5/csv_tables/t3_5_tabtransformer_style_tabtransformer_screen_03_d48_h6_l1_drop0p4_wd0p0005_performance.csv,l1_drop0p4_wd0p0005_performance,3,20,3,complete
/scratch/DissProject/outputs/WP3_5/csv_tables/t3_5_tabtransformer_style_tabtransformer_screen_03_d48_h6_l1_drop0p4_wd0p0005_test_predictions.csv,drop0p4_wd0p0005_test_predictio,47171,15,47171,complete
/scratch/DissProject/outputs/WP3_5/csv_tables/t3_5_tabtransformer_style_tabtransformer_screen_03_d48_h6_l1_drop0p4_wd0p0005_training_history.csv,drop0p4_wd0p0005_training_histo,45,11,45,complete
/scratch/DissProject/outputs/WP3_5/csv_tables/t3_5_tabtransformer_style_tabtransformer_screen_03_d48_h6_l1_drop0p4_wd0p0005_validation_threshold_search.csv,wd0p0005_validation_threshold_1,99,7,99,complete
/scratch/DissProject/outputs/WP3_5/csv_tables/t3_5_tabtransformer_style_tabtransformer_screen_04_d48_h6_l1_drop0p3_wd0p0005_performance.csv,l1_drop0p3_wd0p0005_performan_1,3,20,3,complete
/scratch/DissProject/outputs/WP3_5/csv_tables/t3_5_tabtransformer_style_tabtransformer_screen_04_d48_h6_l1_drop0p3_wd0p0005_test_predictions.csv,drop0p3_wd0p0005_test_predict_1,47171,15,47171,complete
/scratch/DissProject/outputs/WP3_5/csv_tables/t3_5_tabtransformer_style_tabtransformer_screen_04_d48_h6_l1_drop0p3_wd0p0005_training_history.csv,drop0p3_wd0p0005_training_his_1,21,11,21,complete
/scratch/DissProject/outputs/WP3_5/csv_tables/t3_5_tabtransformer_style_tabtransformer_screen_04_d48_h6_l1_drop0p3_wd0p0005_validation_threshold_search.csv,wd0p0005_validation_threshold_2,99,7,99,complete
/scratch/DissProject/outputs/WP3_5/csv_tables/t3_5_tabtransformer_style_tabtransformer_screen_05_d48_h6_l1_drop0p2_wd0p001_performance.csv,l1_drop0p2_wd0p001_performance,3,20,3,complete
/scratch/DissProject/outputs/WP3_5/csv_tables/t3_5_tabtransformer_style_tabtransformer_screen_05_d48_h6_l1_drop0p2_wd0p001_test_predictions.csv,drop0p2_wd0p001_test_prediction,47171,15,47171,complete
/scratch/DissProject/outputs/WP3_5/csv_tables/t3_5_tabtransformer_style_tabtransformer_screen_05_d48_h6_l1_drop0p2_wd0p001_training_history.csv,drop0p2_wd0p001_training_histor,26,11,26,complete
/scratch/DissProject/outputs/WP3_5/csv_tables/t3_5_tabtransformer_style_tabtransformer_screen_05_d48_h6_l1_drop0p2_wd0p001_validation_threshold_search.csv,wd0p001_validation_threshold_se,99,7,99,complete
/scratch/DissProject/outputs/WP3_5/csv_tables/t3_5_tabtransformer_style_tabtransformer_screen_06_d48_h4_l1_drop0p4_wd0p0001_performance.csv,l1_drop0p4_wd0p0001_performance,3,20,3,complete
/scratch/DissProject/outputs/WP3_5/csv_tables/t3_5_tabtransformer_style_tabtransformer_screen_06_d48_h4_l1_drop0p4_wd0p0001_test_predictions.csv,drop0p4_wd0p0001_test_predict_1,47171,15,47171,complete
/scratch/DissProject/outputs/WP3_5/csv_tables/t3_5_tabtransformer_style_tabtransformer_screen_06_d48_h4_l1_drop0p4_wd0p0001_training_history.csv,drop0p4_wd0p0001_training_his_1,13,11,13,complete
/scratch/DissProject/outputs/WP3_5/csv_tables/t3_5_tabtransformer_style_tabtransformer_screen_06_d48_h4_l1_drop0p4_wd0p0001_validation_threshold_search.csv,wd0p0001_validation_threshold_1,99,7,99,complete
/scratch/DissProject/outputs/WP3_5/csv_tables/t3_5_tabtransformer_style_tabtransformer_screen_07_d16_h2_l1_drop0p2_wd0p0002_performance.csv,l1_drop0p2_wd0p0002_performance,3,20,3,complete
/scratch/DissProject/outputs/WP3_5/csv_tables/t3_5_tabtransformer_style_tabtransformer_screen_07_d16_h2_l1_drop0p2_wd0p0002_test_predictions.csv,drop0p2_wd0p0002_test_predictio,47171,15,47171,complete
/scratch/DissProject/outputs/WP3_5/csv_tables/t3_5_tabtransformer_style_tabtransformer_screen_07_d16_h2_l1_drop0p2_wd0p0002_training_history.csv,drop0p2_wd0p0002_training_histo,21,11,21,complete
/scratch/DissProject/outputs/WP3_5/csv_tables/t3_5_tabtransformer_style_tabtransformer_screen_07_d16_h2_l1_drop0p2_wd0p0002_validation_threshold_search.csv,wd0p0002_validation_threshold_s,99,7,99,complete
/scratch/DissProject/outputs/WP3_5/csv_tables/t3_5_tabtransformer_style_tabtransformer_screen_08_d32_h4_l1_drop0p2_wd0p0005_performance.csv,l1_drop0p2_wd0p0005_performance,3,20,3,complete
/scratch/DissProject/outputs/WP3_5/csv_tables/t3_5_tabtransformer_style_tabtransformer_screen_08_d32_h4_l1_drop0p2_wd0p0005_test_predictions.csv,drop0p2_wd0p0005_test_predictio,47171,15,47171,complete
/scratch/DissProject/outputs/WP3_5/csv_tables/t3_5_tabtransformer_style_tabtransformer_screen_08_d32_h4_l1_drop0p2_wd0p0005_training_history.csv,drop0p2_wd0p0005_training_histo,39,11,39,complete
/scratch/DissProject/outputs/WP3_5/csv_tables/t3_5_tabtransformer_style_tabtransformer_screen_08_d32_h4_l1_drop0p2_wd0p0005_validation_threshold_search.csv,wd0p0005_validation_threshold_3,99,7,99,complete
/scratch/DissProject/outputs/WP3_5/csv_tables/t3_5_tabtransformer_style_test_predictions.csv,tabtransformer_style_test_predi,47171,15,47171,complete
/scratch/DissProject/outputs/WP3_5/csv_tables/t3_5_tabtransformer_style_training_history.csv,tabtransformer_style_training_h,39,11,39,complete
/scratch/DissProject/outputs/WP3_5/csv_tables/t3_5_tabtransformer_style_validation_threshold_search.csv,style_validation_threshold_sear,99,7,99,complete
/scratch/DissProject/outputs/WP3_5/csv_tables/t3_5_tabtransformer_style_variant_summary.csv,tabtransformer_style_variant_su,8,14,8,complete
/scratch/DissProject/outputs/WP3_5/t3_5_neural_model_comparison.csv,5_neural_model_comparison_1,24,22,24,complete
/scratch/DissProject/outputs/WP3_5/wp3_5_csv_table_workbook_index.csv,5_table_workbook_index,185,6,185,complete
