config_number,subsample,reg_lambda,reg_alpha,num_leaves,n_estimators,min_child_samples,max_depth,learning_rate,colsample_bytree,training_roc_auc,validation_roc_auc,training_pr_auc_average_precision,validation_pr_auc_average_precision,validation_brier_score,elapsed_seconds
22,0.85,45,0.5,159,500,125,-1,0.02,0.9,0.9658967679985465,0.7945846711711998,0.8549970175232572,0.593024617535002,0.14989842963483377,27.280715633998625
11,0.85,35,1.5,159,500,100,-1,0.025,0.75,0.9773798059210054,0.7924713148872216,0.893420767328426,0.5924679809484552,0.14536777790090089,26.101369596006407
77,0.75,10,0.5,159,360,50,10,0.025,0.6,0.9315297959666005,0.7939731235796528,0.7936223646357004,0.5921229258483496,0.15798874912218738,11.404028258002654
1,0.95,35,1.0,127,500,75,-1,0.025,0.6,0.9655694658780707,0.7923687040668844,0.8569879432812841,0.5919396186709179,0.14957333904219064,21.91623418499512
2,0.75,45,0.5,127,360,75,-1,0.03,0.75,0.9568553682924626,0.7934260022887646,0.8316876448482509,0.5917441562376798,0.15237398605968624,17.18332460000238
66,0.75,35,0.5,95,700,50,-1,0.025,0.75,0.9661694692462425,0.7911962074028833,0.8624265060243682,0.5917076448959342,0.1492960580297445,23.55656391500088
32,0.95,45,1.5,159,300,75,-1,0.03,0.75,0.9582920150929439,0.7941324345052088,0.8333645030118568,0.5916033807970219,0.15227139246523802,16.516459186997963
29,0.75,35,0.5,95,700,50,10,0.025,0.75,0.9472463655847131,0.7927312151726703,0.8221315558695063,0.5915230564843692,0.15398306843395237,17.843362252002407
52,0.85,45,0.25,95,700,50,10,0.02,0.9,0.9307315215343968,0.7948740748578551,0.7837083307566851,0.5914306936939165,0.15764222866257957,19.042326659997343
12,0.85,10,1.5,159,500,50,-1,0.025,0.6,0.9814642926240066,0.7903370495093239,0.9110359558395262,0.5913993125815069,0.14269517055296246,24.388647038998897
41,0.75,35,0.5,63,500,50,-1,0.03,0.9,0.9293614238963002,0.793437684593908,0.7723614745015748,0.5913387666484647,0.15854779083809703,13.492217140999855
3,0.85,35,0.25,127,500,100,-1,0.025,0.6,0.9656144772564259,0.7925414335212783,0.856882081753739,0.5913276425489882,0.14958413026440656,21.096612500004994
71,0.75,35,0.5,127,500,50,8,0.04,0.75,0.9329987218871072,0.7924606247099033,0.79313995610482,0.5911676001866437,0.15727505582784687,10.215495933000057
15,0.75,20,0.5,127,360,100,-1,0.03,0.6,0.9616417012744654,0.7923001108293592,0.8453570868798529,0.5910339532592842,0.15074955390829267,15.36010304899537
26,0.95,10,1.5,127,360,75,8,0.025,0.75,0.8876409864245015,0.7947942953790988,0.710927210547326,0.5908970252533118,0.16562565542741473,7.6801299229991855
53,0.75,60,0.5,95,360,125,-1,0.02,0.9,0.9060429451536899,0.7957763903118173,0.72031545455476,0.5906296328853159,0.16340808207951873,14.448016785005166
55,0.75,10,0.25,63,360,50,10,0.03,0.9,0.9069964729495057,0.794312170862369,0.7350573802308462,0.5905411249153676,0.16255583563612094,8.777803024000605
25,0.75,45,1.0,159,500,100,10,0.02,0.9,0.9109478048378996,0.7955847236175569,0.7450502752484071,0.5905261200997511,0.16177316524515453,14.348067269995227
50,0.85,45,0.25,127,360,100,10,0.03,0.9,0.9142617260630604,0.7957150148042214,0.7500585884171489,0.59042092948414,0.16112654666021803,10.592722337998566
24,0.95,35,1.5,63,360,125,10,0.04,0.75,0.9104602465586602,0.7939843966320683,0.7392466759617562,0.5904039697829844,0.16199867298129442,7.648476980997657
28,0.85,20,1.5,63,500,50,8,0.04,0.75,0.9313363651172115,0.7919324778636749,0.7864114182878041,0.5904032906810676,0.15791340562667994,9.24663938300364
40,0.95,10,0.25,95,300,125,8,0.025,0.9,0.8699609023774326,0.795817179167037,0.6812462511407666,0.5903572622855073,0.16838749433984473,6.7427853510016575
76,0.75,60,1.0,63,700,75,-1,0.03,0.9,0.9469915109923736,0.7911138359901835,0.81250829621292,0.5900900481809952,0.15492942759405942,18.758181600998796
16,0.75,35,1.5,95,850,75,8,0.03,0.9,0.9441191846076588,0.7919157977146112,0.817397278247524,0.5899388702909426,0.15507121588067405,16.033899781999935
69,0.95,35,1.5,63,300,100,-1,0.04,0.9,0.9143510833419253,0.7940915960435977,0.7412285201489005,0.5899341833445532,0.16165274928142773,8.800465104002797
10,0.75,20,1.5,95,500,75,10,0.04,0.6,0.9572710150081251,0.7920287142627341,0.8464390994553024,0.5898736839657621,0.151652879629404,12.024950925006124
74,0.85,60,1.5,63,850,100,10,0.03,0.9,0.9446538443892541,0.7918729005877626,0.812068718336766,0.5898137362421161,0.1549990155827391,17.894980402001238
18,0.75,20,0.25,31,850,50,-1,0.02,0.75,0.8863418579341505,0.794500265896458,0.6966715730413987,0.5897134067055715,0.16617831593636292,12.476541748997988
31,0.95,20,1.0,95,850,50,8,0.04,0.6,0.9714000768914872,0.7886878602284366,0.8909209705776695,0.5896705921486748,0.1473614477377056,15.436812359002943
64,0.75,35,1.5,127,850,125,-1,0.03,0.75,0.9908175809916403,0.7863209160722984,0.9502389860187563,0.589670578464439,0.13711604461885463,35.32293512400065
61,0.95,10,0.5,159,850,50,10,0.025,0.9,0.9787561367304781,0.7897734340933392,0.9162078251712683,0.5896641976903946,0.14439064414677774,24.02981428500061
62,0.75,45,1.0,63,500,100,10,0.05,0.6,0.9457289011154881,0.7905233339101316,0.8149595371676818,0.5896238073892459,0.1550965526083671,10.08268451999902
27,0.75,45,0.25,63,300,100,-1,0.02,0.9,0.8678501368526255,0.7963580376510276,0.6630843073396593,0.5896216279334685,0.16919487006931402,9.54007840200211
51,0.85,45,1.5,127,850,50,6,0.03,0.6,0.8968033818520464,0.7940039663534233,0.7218890620543095,0.5895370637845642,0.1639972041616004,10.318715141998837
67,0.85,60,0.25,63,300,50,-1,0.02,0.75,0.8644333242101325,0.7951530736039418,0.6588094729152163,0.5893642878536957,0.16976672290539108,8.89927946300304
17,0.85,60,0.5,159,850,100,-1,0.03,0.9,0.9944167676311146,0.7871866964190919,0.9672106773805627,0.5893113683828008,0.13460341497899955,46.17907869799819
20,0.85,35,0.25,63,500,75,6,0.05,0.75,0.8943364072544974,0.7927719668230967,0.7164237458480098,0.5891976205183802,0.16445057711024924,6.15906582900061
68,0.75,45,0.5,31,500,100,-1,0.025,0.75,0.8628410286171745,0.7950060526618226,0.6607546468438213,0.5891621460588213,0.16964503355107896,8.247697389000678
13,0.75,60,1.5,127,500,125,8,0.05,0.6,0.925873181920553,0.7916001150421821,0.7731120659277626,0.5890456248732052,0.15925899621846534,8.4600416569956
8,0.95,35,1.0,159,700,50,10,0.04,0.75,0.9811199167944921,0.7871959356094655,0.920714343876863,0.5887517683494852,0.1437484641542403,20.10511736800254
35,0.85,20,1.5,31,700,125,8,0.025,0.9,0.8827768655579845,0.7939186805652365,0.6926799942902482,0.5887368478625216,0.16657306718797676,9.891743711996241
45,0.75,10,0.5,159,500,100,5,0.05,0.6,0.8726521884764591,0.7935573724144389,0.6807249996258207,0.5887076181807989,0.16792303655752414,4.944158135003818
37,0.75,10,0.5,127,500,50,10,0.04,0.75,0.9734179228331425,0.7880557383861113,0.8970994927257072,0.588561718328813,0.1469053497334007,13.407814088997839
48,0.75,45,1.5,31,500,50,-1,0.03,0.6,0.871757049817061,0.7940965566827245,0.6736553886493588,0.5885434104819424,0.16849595137919038,7.8461979319981765
73,0.85,45,1.5,159,850,125,6,0.04,0.75,0.9082541695882992,0.7923630861430733,0.7393786163828443,0.5883576609777639,0.16252048737034575,9.267129032996309
65,0.85,20,1.5,127,700,125,-1,0.03,0.75,0.9880795681521093,0.7865238558189742,0.9382393180752446,0.5883240645654937,0.13941564992412322,28.52484756099875
30,0.95,20,1.0,95,360,100,-1,0.04,0.75,0.9600668596636006,0.7895133725871188,0.8435869214479752,0.5882748639631957,0.15202711232999647,12.775831314000243
47,0.75,35,0.5,63,700,100,6,0.05,0.6,0.9138278234851677,0.7918438436440776,0.7504564953734815,0.5880720031720873,0.16151967079786303,7.92376312000124
60,0.85,45,1.0,31,360,125,8,0.04,0.75,0.8647508921670873,0.7940015852466425,0.6647552735310834,0.588023143315258,0.16923488511590545,5.495210337001481
44,0.95,10,1.5,31,850,75,5,0.02,0.6,0.8517737710570676,0.794610528502648,0.6510455208482476,0.5880126835646048,0.1709614791365382,7.869977310001559
70,0.75,20,1.5,31,500,75,6,0.03,0.6,0.8595889058968156,0.7943461884451809,0.6608567632408107,0.5878354882879212,0.16982497977203118,6.03508349799813
6,0.85,35,1.5,127,850,125,6,0.05,0.6,0.9255850933921482,0.791433015913197,0.7738154112343053,0.5877700266336932,0.1591882420542619,9.473342823999701
59,0.95,45,0.5,127,700,125,6,0.025,0.6,0.8628595724397978,0.7950189007171609,0.6659874595598252,0.5877509390581028,0.16936428885033064,7.892078545999539
9,0.95,60,1.5,95,850,125,-1,0.04,0.6,0.9877996789169973,0.786184188456367,0.9375360904303196,0.5876777482476051,0.13990242746514267,27.20060168299824
43,0.95,35,0.5,31,300,125,6,0.05,0.6,0.8545345520568521,0.7946755128752085,0.6526876236125762,0.587519135423206,0.17061476688882118,4.094241049999255
42,0.85,60,1.0,63,700,125,-1,0.05,0.6,0.9728870382260767,0.7879587330879876,0.8852944877860707,0.5873601978625278,0.14775411989918857,16.276512306998484
78,0.95,35,0.25,31,300,125,8,0.04,0.75,0.8565300225115172,0.7933479094273115,0.6530585853184501,0.5872940263380915,0.17063697114865323,4.766634821993648
39,0.85,45,0.25,95,500,50,6,0.02,0.75,0.8438359602676327,0.7946525699192474,0.6415496964282084,0.5872855310002187,0.1719969657970767,6.890002293999714
46,0.85,45,0.5,31,850,125,5,0.03,0.6,0.8604630282698337,0.7939581424494899,0.6606220155998169,0.5871366078534797,0.16979416253642723,7.494035714997153
19,0.85,45,1.5,127,500,125,6,0.025,0.75,0.8490344038392291,0.7951281463923299,0.6455597318146744,0.5868645986484993,0.17141923177405927,6.497302577001392
21,0.95,20,1.5,159,360,125,6,0.025,0.6,0.837400961723507,0.7945124070607207,0.631363346483147,0.5866937094436534,0.17316971658211192,4.908918503999303
49,0.85,20,1.5,159,850,75,6,0.05,0.9,0.9416258981458822,0.7887673544704431,0.8111137603749904,0.5865842756939446,0.15638744013961522,10.47840543199709
33,0.75,35,1.0,159,700,100,5,0.03,0.75,0.8561132611549082,0.7941493998910222,0.6545365740344518,0.5864304871551319,0.17049734553737925,6.46382972200081
72,0.85,60,1.0,31,850,100,5,0.05,0.6,0.892376036278347,0.7913018690162834,0.7110375798066383,0.5863830674269933,0.16536364032219825,7.721393505002197
57,0.75,35,1.0,31,850,50,5,0.025,0.9,0.8617858645806675,0.7935994634374295,0.6647052599946506,0.5862389532398543,0.16964408907082287,8.744130692997715
38,0.85,35,1.5,31,850,75,5,0.04,0.9,0.8880830166500394,0.7916621726376578,0.7054181436358908,0.5862082766679175,0.16586319899460408,8.123634295006923
7,0.75,20,0.5,95,850,125,5,0.03,0.9,0.8695691894416046,0.7934403013310474,0.6747065491728126,0.5858827894016678,0.16862725252097172,7.913383569997677
14,0.75,10,1.0,127,850,100,6,0.05,0.9,0.9414743221329337,0.7871096328902577,0.810573440245631,0.5855489737994658,0.1566972424881997,10.06752014799713
4,0.95,35,1.0,95,360,75,5,0.05,0.6,0.8497602706995234,0.7931413236108775,0.6465450582454244,0.5854250357895714,0.17170938039120054,4.101191879999533
36,0.85,20,1.5,63,360,75,5,0.05,0.9,0.854542993843108,0.7937502420636873,0.6531681584635605,0.5854116589989075,0.17079200741422204,4.4975590520043625
63,0.75,35,1.0,31,700,50,5,0.05,0.75,0.8913418423718892,0.7913234105916913,0.7111263044762424,0.5852779146875903,0.1656266131691708,6.494084466001368
5,0.95,10,1.5,95,850,75,-1,0.05,0.6,0.9961602355413507,0.7812288696150697,0.978641634898959,0.585026459188817,0.1330856651618797,24.71219484500034
58,0.95,20,1.5,159,500,100,5,0.02,0.6,0.8253741670888581,0.7942962596123699,0.6156592207021462,0.5849819263863072,0.1748581313961935,5.229355746996589
56,0.85,60,1.5,127,360,100,5,0.05,0.75,0.844528746816665,0.7931646386147733,0.6384096941987801,0.5846785657476341,0.17218619736484586,3.9063791450025747
23,0.95,20,0.5,31,360,125,5,0.03,0.6,0.8271572164640116,0.7939016965770263,0.6172354774054859,0.5833253595014196,0.17475808812014176,4.216173151995463
54,0.75,35,1.5,31,300,75,5,0.025,0.6,0.8145034996756567,0.7930313338398394,0.6013414601894745,0.5808025587218678,0.17675582344715068,3.9062756130006164
34,0.75,45,1.0,159,300,125,5,0.025,0.75,0.8127121676502542,0.7921801811776709,0.5981042289043105,0.5795998114308816,0.17716934092797032,3.7223090910047176
75,0.85,45,1.5,31,300,125,5,0.02,0.75,0.8059419156965252,0.7911706291073861,0.5895194728367126,0.5768053266634183,0.1785482515684085,3.7478138919977937
