work_package,model_family,model,threshold_role,threshold,true_positives,false_negatives,true_negatives,false_positives,accuracy,balanced_accuracy,precision,recall_sensitivity,specificity,f1_score,roc_auc,pr_auc_average_precision,brier_score,training_time_seconds,train_inference_time_seconds,test_inference_time_seconds,test_inference_time_per_admission_ms,source_file
WP3.2,Reference baseline,Reference baseline,reference,0.5,0,9319,37852,0,0.8024,0.5,0.0,0.0,1.0,0.0,0.5,0.1976,0.1585,0.0113,0.0018,0.0004,0.0,t3_2_logistic_regression_performance.csv
WP3.2,Logistic regression,Logistic regression,default,0.5,5987,3332,28949,8903,0.7406,0.7036,0.4021,0.6425,0.7648,0.4946,0.7799,0.5527,0.1803,93.7827,0.1579,0.0398,0.0008,t3_2_logistic_regression_performance.csv
WP3.2,Logistic regression,Logistic regression,selected,0.57,5171,4148,31919,5933,0.7863,0.6991,0.4657,0.5549,0.8433,0.5064,0.7799,0.5527,0.1803,93.7827,0.1579,0.0398,0.0008,t3_2_logistic_regression_performance.csv
WP3.2,Logistic regression,Logistic regression,default,0.5,5987,3332,28949,8903,0.7406,0.7036,0.4021,0.6425,0.7648,0.4946,0.7799,0.5527,0.1803,93.7827,0.1579,0.0398,0.0008,t3_2_logistic_regression_performance.csv
WP3.2,Logistic regression,Logistic regression balanced precision-recall threshold,selected,0.61,4736,4583,33323,4529,0.8068,0.6943,0.5112,0.5082,0.8803,0.5097,0.7799,0.5527,0.1803,93.7827,0.1579,0.0398,0.0008,t3_2_logistic_regression_performance.csv
WP3.2,Tuned logistic regression,Tuned logistic regression,default,0.5,5950,3369,29030,8822,0.7416,0.7027,0.4028,0.6385,0.7669,0.494,0.7799,0.5528,0.1802,211.2344,0.1574,0.0399,0.0008,t3_2_tuned_logistic_regression_performance.csv
WP3.2,Tuned logistic regression,Tuned logistic regression,selected,0.57,5148,4171,32013,5839,0.7878,0.6991,0.4686,0.5524,0.8457,0.507,0.7799,0.5528,0.1802,211.2344,0.1574,0.0399,0.0008,t3_2_tuned_logistic_regression_performance.csv
WP3.2,Tuned logistic regression,Tuned logistic regression,selected,0.49,6081,3238,28568,9284,0.7345,0.7036,0.3958,0.6525,0.7547,0.4927,0.7799,0.5528,0.1802,211.2344,0.1574,0.0399,0.0008,t3_2_tuned_logistic_regression_performance.csv
WP3.2,Tuned logistic regression,Tuned logistic regression balanced precision-recall threshold,selected,0.61,4665,4654,33374,4478,0.8064,0.6911,0.5102,0.5006,0.8817,0.5054,0.7799,0.5528,0.1802,211.2344,0.1574,0.0399,0.0008,t3_2_tuned_logistic_regression_performance.csv
WP3.3,Random Forest,Random Forest,default,0.5,4135,5184,34871,2981,0.8269,0.6825,0.5811,0.4437,0.9212,0.5032,0.7893,0.5807,0.1356,1204.5137,6.776,1.348,0.0286,t3_3_random_forest_performance.csv
WP3.3,Random Forest,Random Forest,selected,0.47,4453,4866,34179,3673,0.819,0.6904,0.548,0.4778,0.903,0.5105,0.7893,0.5807,0.1356,1204.5137,6.776,1.348,0.0286,t3_3_random_forest_performance.csv
WP3.3,Random Forest,Random Forest,selected,0.42,5074,4245,32649,5203,0.7997,0.7035,0.4937,0.5445,0.8625,0.5179,0.7893,0.5807,0.1356,1204.5137,6.776,1.348,0.0286,t3_3_random_forest_performance.csv
WP3.3,Random Forest,Random Forest balanced precision-recall threshold,selected,0.51,4030,5289,35077,2775,0.829,0.6796,0.5922,0.4324,0.9267,0.4999,0.7893,0.5807,0.1356,1204.5137,6.776,1.348,0.0286,t3_3_random_forest_performance.csv
WP3.3,Random Forest,Random Forest,exploratory held-out F1,0.29,6996,2323,24881,12971,0.6758,0.704,0.3504,0.7507,0.6573,0.4778,0.7893,0.5807,0.1356,1204.5137,6.776,1.348,0.0286,t3_3_random_forest_performance.csv
WP3.3,Regularised Random Forest,Regularised Random Forest default threshold,default,0.5,4951,4368,33040,4812,0.8054,0.7021,0.5071,0.5313,0.8729,0.5189,0.7893,0.58,0.1521,883.9365,5.8423,1.2188,0.0258,t3_3_regularised_random_forest_performance.csv
WP3.3,Regularised Random Forest,Regularised Random Forest training F1 threshold,training F1,0.49,5063,4256,32664,5188,0.7998,0.7031,0.4939,0.5433,0.8629,0.5174,0.7893,0.58,0.1521,883.9365,5.8423,1.2188,0.0258,t3_3_regularised_random_forest_performance.csv
WP3.3,Regularised Random Forest,Regularised Random Forest training Youden threshold,training Youden,0.42,6053,3266,29307,8545,0.7496,0.7119,0.4146,0.6495,0.7743,0.5062,0.7893,0.58,0.1521,883.9365,5.8423,1.2188,0.0258,t3_3_regularised_random_forest_performance.csv
WP3.3,Regularised Random Forest,Regularised Random Forest balanced precision-recall threshold,selected,0.53,4566,4753,33969,3883,0.8169,0.6937,0.5404,0.49,0.8974,0.514,0.7893,0.58,0.1521,883.9365,5.8423,1.2188,0.0258,t3_3_regularised_random_forest_performance.csv
WP3.3,Regularised Random Forest,Regularised Random Forest recall-oriented threshold,recall-oriented,0.3,7748,1571,20133,17719,0.5911,0.6817,0.3042,0.8314,0.5319,0.4455,0.7893,0.58,0.1521,883.9365,5.8423,1.2188,0.0258,t3_3_regularised_random_forest_performance.csv
WP3.4,XGBoost,XGBoost default threshold,default,0.5,5888,3431,30487,7365,0.7711,0.7186,0.4443,0.6318,0.8054,0.5217,0.7982,0.5912,0.166,287.9421,0.3218,0.0819,0.0017,t3_4_xgboost_performance.csv
WP3.4,XGBoost,XGBoost official balanced precision-recall threshold,official,0.59,4848,4471,33672,4180,0.8166,0.7049,0.537,0.5202,0.8896,0.5285,0.7982,0.5912,0.166,287.9421,0.3218,0.0819,0.0017,t3_4_xgboost_performance.csv
WP3.4,XGBoost,XGBoost training Youden threshold,recall sensitivity,0.47,6257,3062,29042,8810,0.7483,0.7193,0.4153,0.6714,0.7673,0.5132,0.7982,0.5912,0.166,287.9421,0.3218,0.0819,0.0017,t3_4_xgboost_performance.csv
WP3.4,XGBoost,XGBoost balanced precision-recall threshold,balanced precision-recall,0.59,4848,4471,33672,4180,0.8166,0.7049,0.537,0.5202,0.8896,0.5285,0.7982,0.5912,0.166,287.9421,0.3218,0.0819,0.0017,t3_4_xgboost_performance.csv
WP3.4,XGBoost,XGBoost exploratory held-out F1 threshold,exploratory,0.59,4848,4471,33672,4180,0.8166,0.7049,0.537,0.5202,0.8896,0.5285,0.7982,0.5912,0.166,287.9421,0.3218,0.0819,0.0017,t3_4_xgboost_performance.csv
WP3.4,Targeted XGBoost,Targeted XGBoost default threshold,default,0.5,3158,6161,36616,1236,0.8432,0.6531,0.7187,0.3389,0.9673,0.4606,0.7988,0.5933,0.1185,253.0198,0.299,0.0709,0.0015,t3_4_xgboost_targeted_performance.csv
WP3.4,Targeted XGBoost,Targeted XGBoost official balanced precision-recall threshold,official,0.31,4923,4396,33512,4340,0.8148,0.7068,0.5315,0.5283,0.8853,0.5299,0.7988,0.5933,0.1185,253.0198,0.299,0.0709,0.0015,t3_4_xgboost_targeted_performance.csv
WP3.4,Targeted XGBoost,Targeted XGBoost training Youden threshold,recall sensitivity,0.23,6092,3227,29710,8142,0.759,0.7193,0.428,0.6537,0.7849,0.5173,0.7988,0.5933,0.1185,253.0198,0.299,0.0709,0.0015,t3_4_xgboost_targeted_performance.csv
WP3.4,Targeted XGBoost,Targeted XGBoost balanced precision-recall threshold,balanced precision-recall,0.31,4923,4396,33512,4340,0.8148,0.7068,0.5315,0.5283,0.8853,0.5299,0.7988,0.5933,0.1185,253.0198,0.299,0.0709,0.0015,t3_4_xgboost_targeted_performance.csv
WP3.4,Targeted XGBoost,Targeted XGBoost exploratory held-out F1 threshold,exploratory,0.31,4923,4396,33512,4340,0.8148,0.7068,0.5315,0.5283,0.8853,0.5299,0.7988,0.5933,0.1185,253.0198,0.299,0.0709,0.0015,t3_4_xgboost_targeted_performance.csv
WP3.4,Calibrated Targeted XGBoost,Calibrated Targeted XGBoost default threshold,default,0.5,3005,6314,36679,1173,0.8413,0.6457,0.7192,0.3225,0.969,0.4453,0.7932,0.5844,0.1204,14.9382,0.2857,0.0716,0.0015,t3_4_calibrated_targeted_xgboost_performance.csv
WP3.4,Calibrated Targeted XGBoost,Calibrated Targeted XGBoost official balanced precision-recall threshold,official,0.25,4761,4558,33741,4111,0.8162,0.7011,0.5366,0.5109,0.8914,0.5234,0.7932,0.5844,0.1204,14.9382,0.2857,0.0716,0.0015,t3_4_calibrated_targeted_xgboost_performance.csv
WP3.4,Calibrated Targeted XGBoost,Calibrated Targeted XGBoost validation Youden threshold,recall sensitivity,0.16,6181,3138,29051,8801,0.7469,0.7154,0.4126,0.6633,0.7675,0.5087,0.7932,0.5844,0.1204,14.9382,0.2857,0.0716,0.0015,t3_4_calibrated_targeted_xgboost_performance.csv
WP3.4,Calibrated Targeted XGBoost,Calibrated Targeted XGBoost balanced precision-recall threshold,balanced precision-recall,0.25,4761,4558,33741,4111,0.8162,0.7011,0.5366,0.5109,0.8914,0.5234,0.7932,0.5844,0.1204,14.9382,0.2857,0.0716,0.0015,t3_4_calibrated_targeted_xgboost_performance.csv
WP3.4,Calibrated Targeted XGBoost,Calibrated Targeted XGBoost exploratory held-out F1 threshold,exploratory,0.24,4871,4448,33453,4399,0.8124,0.7032,0.5255,0.5227,0.8838,0.5241,0.7932,0.5844,0.1204,14.9382,0.2857,0.0716,0.0015,t3_4_calibrated_targeted_xgboost_performance.csv
WP3.4,CatBoost,CatBoost default threshold,default,0.5,5885,3434,30549,7303,0.7724,0.7193,0.4462,0.6315,0.8071,0.5229,0.7977,0.5868,0.1654,55.762,0.9623,0.2574,0.0055,t3_4_catboost_performance.csv
WP3.4,CatBoost,CatBoost official balanced precision-recall threshold,official,0.6,4753,4566,33837,4015,0.8181,0.702,0.5421,0.51,0.8939,0.5256,0.7977,0.5868,0.1654,55.762,0.9623,0.2574,0.0055,t3_4_catboost_performance.csv
WP3.4,CatBoost,CatBoost training Youden threshold,recall sensitivity,0.47,6195,3124,29176,8676,0.7498,0.7178,0.4166,0.6648,0.7708,0.5122,0.7977,0.5868,0.1654,55.762,0.9623,0.2574,0.0055,t3_4_catboost_performance.csv
WP3.4,CatBoost,CatBoost balanced precision-recall threshold,balanced precision-recall,0.6,4753,4566,33837,4015,0.8181,0.702,0.5421,0.51,0.8939,0.5256,0.7977,0.5868,0.1654,55.762,0.9623,0.2574,0.0055,t3_4_catboost_performance.csv
WP3.4,CatBoost,CatBoost exploratory held-out F1 threshold,exploratory,0.56,5166,4153,32729,5123,0.8034,0.7095,0.5021,0.5544,0.8647,0.5269,0.7977,0.5868,0.1654,55.762,0.9623,0.2574,0.0055,t3_4_catboost_performance.csv
WP3.4,Targeted CatBoost,Targeted CatBoost default threshold,default,0.5,3431,5888,36273,1579,0.8417,0.6632,0.6848,0.3682,0.9583,0.4789,0.7979,0.5912,0.1202,49.5074,0.9577,0.2183,0.0046,t3_4_catboost_targeted_performance.csv
WP3.4,Targeted CatBoost,Targeted CatBoost official balanced precision-recall threshold,official,0.35,4809,4510,33776,4076,0.818,0.7042,0.5412,0.516,0.8923,0.5283,0.7979,0.5912,0.1202,49.5074,0.9577,0.2183,0.0046,t3_4_catboost_targeted_performance.csv
WP3.4,Targeted CatBoost,Targeted CatBoost training Youden threshold,recall sensitivity,0.26,6004,3315,30000,7852,0.7633,0.7184,0.4333,0.6443,0.7926,0.5181,0.7979,0.5912,0.1202,49.5074,0.9577,0.2183,0.0046,t3_4_catboost_targeted_performance.csv
WP3.4,Targeted CatBoost,Targeted CatBoost balanced precision-recall threshold,balanced precision-recall,0.35,4809,4510,33776,4076,0.818,0.7042,0.5412,0.516,0.8923,0.5283,0.7979,0.5912,0.1202,49.5074,0.9577,0.2183,0.0046,t3_4_catboost_targeted_performance.csv
WP3.4,Targeted CatBoost,Targeted CatBoost exploratory held-out F1 threshold,exploratory,0.34,4928,4391,33466,4386,0.8139,0.7065,0.5291,0.5288,0.8841,0.529,0.7979,0.5912,0.1202,49.5074,0.9577,0.2183,0.0046,t3_4_catboost_targeted_performance.csv
WP3.4,Calibrated Targeted CatBoost,Calibrated Targeted CatBoost default threshold,default,0.5,3041,6278,36606,1246,0.8405,0.6467,0.7094,0.3263,0.9671,0.447,0.79,0.5785,0.1211,28.5832,0.8627,0.2353,0.005,t3_4_calibrated_targeted_catboost_performance.csv
WP3.4,Calibrated Targeted CatBoost,Calibrated Targeted CatBoost official balanced precision-recall threshold,official,0.25,4752,4567,33624,4228,0.8136,0.6991,0.5292,0.5099,0.8883,0.5194,0.79,0.5785,0.1211,28.5832,0.8627,0.2353,0.005,t3_4_calibrated_targeted_catboost_performance.csv
WP3.4,Calibrated Targeted CatBoost,Calibrated Targeted CatBoost validation Youden threshold,recall sensitivity,0.18,5725,3594,30525,7327,0.7685,0.7104,0.4386,0.6143,0.8064,0.5118,0.79,0.5785,0.1211,28.5832,0.8627,0.2353,0.005,t3_4_calibrated_targeted_catboost_performance.csv
WP3.4,Calibrated Targeted CatBoost,Calibrated Targeted CatBoost balanced precision-recall threshold,balanced precision-recall,0.25,4752,4567,33624,4228,0.8136,0.6991,0.5292,0.5099,0.8883,0.5194,0.79,0.5785,0.1211,28.5832,0.8627,0.2353,0.005,t3_4_calibrated_targeted_catboost_performance.csv
WP3.4,Calibrated Targeted CatBoost,Calibrated Targeted CatBoost exploratory held-out F1 threshold,exploratory,0.25,4752,4567,33624,4228,0.8136,0.6991,0.5292,0.5099,0.8883,0.5194,0.79,0.5785,0.1211,28.5832,0.8627,0.2353,0.005,t3_4_calibrated_targeted_catboost_performance.csv
WP3.4,LightGBM,LightGBM default threshold,default,0.5,5774,3545,30942,6910,0.7784,0.7185,0.4552,0.6196,0.8174,0.5248,0.7997,0.592,0.1595,54.9898,0.5869,0.1461,0.0031,t3_4_lightgbm_performance.csv
WP3.4,LightGBM,LightGBM official balanced precision-recall threshold,official,0.6,4710,4609,33991,3861,0.8204,0.7017,0.5495,0.5054,0.898,0.5266,0.7997,0.592,0.1595,54.9898,0.5869,0.1461,0.0031,t3_4_lightgbm_performance.csv
WP3.4,LightGBM,LightGBM training Youden threshold,recall sensitivity,0.45,6317,3002,28903,8949,0.7466,0.7207,0.4138,0.6779,0.7636,0.5139,0.7997,0.592,0.1595,54.9898,0.5869,0.1461,0.0031,t3_4_lightgbm_performance.csv
WP3.4,LightGBM,LightGBM balanced precision-recall threshold,balanced precision-recall,0.6,4710,4609,33991,3861,0.8204,0.7017,0.5495,0.5054,0.898,0.5266,0.7997,0.592,0.1595,54.9898,0.5869,0.1461,0.0031,t3_4_lightgbm_performance.csv
WP3.4,LightGBM,LightGBM exploratory held-out F1 threshold,exploratory,0.55,5223,4096,32633,5219,0.8025,0.7113,0.5002,0.5605,0.8621,0.5286,0.7997,0.592,0.1595,54.9898,0.5869,0.1461,0.0031,t3_4_lightgbm_performance.csv
WP3.4,Targeted LightGBM,Targeted LightGBM default threshold,default,0.5,3688,5631,35908,1944,0.8394,0.6722,0.6548,0.3958,0.9486,0.4933,0.7999,0.5945,0.1212,52.8694,0.5462,0.1231,0.0026,t3_4_lightgbm_targeted_performance.csv
WP3.4,Targeted LightGBM,Targeted LightGBM official balanced precision-recall threshold,official,0.39,4671,4648,34059,3793,0.8211,0.7005,0.5519,0.5012,0.8998,0.5253,0.7999,0.5945,0.1212,52.8694,0.5462,0.1231,0.0026,t3_4_lightgbm_targeted_performance.csv
WP3.4,Targeted LightGBM,Targeted LightGBM training Youden threshold,recall sensitivity,0.29,5877,3442,30573,7279,0.7727,0.7192,0.4467,0.6306,0.8077,0.523,0.7999,0.5945,0.1212,52.8694,0.5462,0.1231,0.0026,t3_4_lightgbm_targeted_performance.csv
WP3.4,Targeted LightGBM,Targeted LightGBM balanced precision-recall threshold,balanced precision-recall,0.39,4671,4648,34059,3793,0.8211,0.7005,0.5519,0.5012,0.8998,0.5253,0.7999,0.5945,0.1212,52.8694,0.5462,0.1231,0.0026,t3_4_lightgbm_targeted_performance.csv
WP3.4,Targeted LightGBM,Targeted LightGBM exploratory held-out F1 threshold,exploratory,0.35,5116,4203,32947,4905,0.8069,0.7097,0.5105,0.549,0.8704,0.5291,0.7999,0.5945,0.1212,52.8694,0.5462,0.1231,0.0026,t3_4_lightgbm_targeted_performance.csv
WP3.4,Calibrated Targeted LightGBM,Calibrated Targeted LightGBM default threshold,default,0.5,2887,6432,36832,1020,0.842,0.6414,0.7389,0.3098,0.9731,0.4366,0.7905,0.5825,0.1198,26.0327,0.6588,0.1248,0.0026,t3_4_calibrated_targeted_lightgbm_performance.csv
WP3.4,Calibrated Targeted LightGBM,Calibrated Targeted LightGBM official balanced precision-recall threshold,official,0.28,4786,4533,33586,4266,0.8135,0.7004,0.5287,0.5136,0.8873,0.521,0.7905,0.5825,0.1198,26.0327,0.6588,0.1248,0.0026,t3_4_calibrated_targeted_lightgbm_performance.csv
WP3.4,Calibrated Targeted LightGBM,Calibrated Targeted LightGBM validation Youden threshold,recall sensitivity,0.25,5224,4095,32445,5407,0.7986,0.7089,0.4914,0.5606,0.8572,0.5237,0.7905,0.5825,0.1198,26.0327,0.6588,0.1248,0.0026,t3_4_calibrated_targeted_lightgbm_performance.csv
WP3.4,Calibrated Targeted LightGBM,Calibrated Targeted LightGBM balanced precision-recall threshold,balanced precision-recall,0.28,4786,4533,33586,4266,0.8135,0.7004,0.5287,0.5136,0.8873,0.521,0.7905,0.5825,0.1198,26.0327,0.6588,0.1248,0.0026,t3_4_calibrated_targeted_lightgbm_performance.csv
WP3.4,Calibrated Targeted LightGBM,Calibrated Targeted LightGBM exploratory held-out F1 threshold,exploratory,0.25,5224,4095,32445,5407,0.7986,0.7089,0.4914,0.5606,0.8572,0.5237,0.7905,0.5825,0.1198,26.0327,0.6588,0.1248,0.0026,t3_4_calibrated_targeted_lightgbm_performance.csv
