model_family,model,threshold_role,threshold,accuracy,balanced_accuracy,precision,recall_sensitivity,specificity,f1_score,roc_auc,pr_auc_average_precision,brier_score,true_negatives,false_positives,false_negatives,true_positives,training_time_seconds,train_inference_time_seconds,test_inference_time_seconds,test_inference_time_per_admission_ms,official_threshold
XGBoost,XGBoost default threshold,default,0.5,0.7711,0.7186,0.4443,0.6318,0.8054,0.5217,0.7982,0.5912,0.166,30487,7365,3431,5888,287.9421,0.3218,0.0819,0.0017,False
XGBoost,XGBoost official balanced precision-recall threshold,official,0.59,0.8166,0.7049,0.537,0.5202,0.8896,0.5285,0.7982,0.5912,0.166,33672,4180,4471,4848,287.9421,0.3218,0.0819,0.0017,True
XGBoost,XGBoost training Youden threshold,recall sensitivity,0.47,0.7483,0.7193,0.4153,0.6714,0.7673,0.5132,0.7982,0.5912,0.166,29042,8810,3062,6257,287.9421,0.3218,0.0819,0.0017,False
XGBoost,XGBoost balanced precision-recall threshold,balanced precision-recall,0.59,0.8166,0.7049,0.537,0.5202,0.8896,0.5285,0.7982,0.5912,0.166,33672,4180,4471,4848,287.9421,0.3218,0.0819,0.0017,False
XGBoost,XGBoost exploratory held-out F1 threshold,exploratory,0.59,0.8166,0.7049,0.537,0.5202,0.8896,0.5285,0.7982,0.5912,0.166,33672,4180,4471,4848,287.9421,0.3218,0.0819,0.0017,False
Targeted XGBoost,Targeted XGBoost default threshold,default,0.5,0.8432,0.6531,0.7187,0.3389,0.9673,0.4606,0.7988,0.5933,0.1185,36616,1236,6161,3158,253.0198,0.299,0.0709,0.0015,False
Targeted XGBoost,Targeted XGBoost official balanced precision-recall threshold,official,0.31,0.8148,0.7068,0.5315,0.5283,0.8853,0.5299,0.7988,0.5933,0.1185,33512,4340,4396,4923,253.0198,0.299,0.0709,0.0015,True
Targeted XGBoost,Targeted XGBoost training Youden threshold,recall sensitivity,0.23,0.759,0.7193,0.428,0.6537,0.7849,0.5173,0.7988,0.5933,0.1185,29710,8142,3227,6092,253.0198,0.299,0.0709,0.0015,False
Targeted XGBoost,Targeted XGBoost balanced precision-recall threshold,balanced precision-recall,0.31,0.8148,0.7068,0.5315,0.5283,0.8853,0.5299,0.7988,0.5933,0.1185,33512,4340,4396,4923,253.0198,0.299,0.0709,0.0015,False
Targeted XGBoost,Targeted XGBoost exploratory held-out F1 threshold,exploratory,0.31,0.8148,0.7068,0.5315,0.5283,0.8853,0.5299,0.7988,0.5933,0.1185,33512,4340,4396,4923,253.0198,0.299,0.0709,0.0015,False
Calibrated Targeted XGBoost,Calibrated Targeted XGBoost default threshold,default,0.5,0.8413,0.6457,0.7192,0.3225,0.969,0.4453,0.7932,0.5844,0.1204,36679,1173,6314,3005,14.9382,0.2857,0.0716,0.0015,False
Calibrated Targeted XGBoost,Calibrated Targeted XGBoost official balanced precision-recall threshold,official,0.25,0.8162,0.7011,0.5366,0.5109,0.8914,0.5234,0.7932,0.5844,0.1204,33741,4111,4558,4761,14.9382,0.2857,0.0716,0.0015,True
Calibrated Targeted XGBoost,Calibrated Targeted XGBoost validation Youden threshold,recall sensitivity,0.16,0.7469,0.7154,0.4126,0.6633,0.7675,0.5087,0.7932,0.5844,0.1204,29051,8801,3138,6181,14.9382,0.2857,0.0716,0.0015,False
Calibrated Targeted XGBoost,Calibrated Targeted XGBoost balanced precision-recall threshold,balanced precision-recall,0.25,0.8162,0.7011,0.5366,0.5109,0.8914,0.5234,0.7932,0.5844,0.1204,33741,4111,4558,4761,14.9382,0.2857,0.0716,0.0015,False
Calibrated Targeted XGBoost,Calibrated Targeted XGBoost exploratory held-out F1 threshold,exploratory,0.24,0.8124,0.7032,0.5255,0.5227,0.8838,0.5241,0.7932,0.5844,0.1204,33453,4399,4448,4871,14.9382,0.2857,0.0716,0.0015,False
CatBoost,CatBoost default threshold,default,0.5,0.7724,0.7193,0.4462,0.6315,0.8071,0.5229,0.7977,0.5868,0.1654,30549,7303,3434,5885,55.762,0.9623,0.2574,0.0055,False
CatBoost,CatBoost official balanced precision-recall threshold,official,0.6,0.8181,0.702,0.5421,0.51,0.8939,0.5256,0.7977,0.5868,0.1654,33837,4015,4566,4753,55.762,0.9623,0.2574,0.0055,True
CatBoost,CatBoost training Youden threshold,recall sensitivity,0.47,0.7498,0.7178,0.4166,0.6648,0.7708,0.5122,0.7977,0.5868,0.1654,29176,8676,3124,6195,55.762,0.9623,0.2574,0.0055,False
CatBoost,CatBoost balanced precision-recall threshold,balanced precision-recall,0.6,0.8181,0.702,0.5421,0.51,0.8939,0.5256,0.7977,0.5868,0.1654,33837,4015,4566,4753,55.762,0.9623,0.2574,0.0055,False
CatBoost,CatBoost exploratory held-out F1 threshold,exploratory,0.56,0.8034,0.7095,0.5021,0.5544,0.8647,0.5269,0.7977,0.5868,0.1654,32729,5123,4153,5166,55.762,0.9623,0.2574,0.0055,False
Targeted CatBoost,Targeted CatBoost default threshold,default,0.5,0.8417,0.6632,0.6848,0.3682,0.9583,0.4789,0.7979,0.5912,0.1202,36273,1579,5888,3431,49.5074,0.9577,0.2183,0.0046,False
Targeted CatBoost,Targeted CatBoost official balanced precision-recall threshold,official,0.35,0.818,0.7042,0.5412,0.516,0.8923,0.5283,0.7979,0.5912,0.1202,33776,4076,4510,4809,49.5074,0.9577,0.2183,0.0046,True
Targeted CatBoost,Targeted CatBoost training Youden threshold,recall sensitivity,0.26,0.7633,0.7184,0.4333,0.6443,0.7926,0.5181,0.7979,0.5912,0.1202,30000,7852,3315,6004,49.5074,0.9577,0.2183,0.0046,False
Targeted CatBoost,Targeted CatBoost balanced precision-recall threshold,balanced precision-recall,0.35,0.818,0.7042,0.5412,0.516,0.8923,0.5283,0.7979,0.5912,0.1202,33776,4076,4510,4809,49.5074,0.9577,0.2183,0.0046,False
Targeted CatBoost,Targeted CatBoost exploratory held-out F1 threshold,exploratory,0.34,0.8139,0.7065,0.5291,0.5288,0.8841,0.529,0.7979,0.5912,0.1202,33466,4386,4391,4928,49.5074,0.9577,0.2183,0.0046,False
Calibrated Targeted CatBoost,Calibrated Targeted CatBoost default threshold,default,0.5,0.8405,0.6467,0.7094,0.3263,0.9671,0.447,0.79,0.5785,0.1211,36606,1246,6278,3041,28.5832,0.8627,0.2353,0.005,False
Calibrated Targeted CatBoost,Calibrated Targeted CatBoost official balanced precision-recall threshold,official,0.25,0.8136,0.6991,0.5292,0.5099,0.8883,0.5194,0.79,0.5785,0.1211,33624,4228,4567,4752,28.5832,0.8627,0.2353,0.005,True
Calibrated Targeted CatBoost,Calibrated Targeted CatBoost validation Youden threshold,recall sensitivity,0.18,0.7685,0.7104,0.4386,0.6143,0.8064,0.5118,0.79,0.5785,0.1211,30525,7327,3594,5725,28.5832,0.8627,0.2353,0.005,False
Calibrated Targeted CatBoost,Calibrated Targeted CatBoost balanced precision-recall threshold,balanced precision-recall,0.25,0.8136,0.6991,0.5292,0.5099,0.8883,0.5194,0.79,0.5785,0.1211,33624,4228,4567,4752,28.5832,0.8627,0.2353,0.005,False
Calibrated Targeted CatBoost,Calibrated Targeted CatBoost exploratory held-out F1 threshold,exploratory,0.25,0.8136,0.6991,0.5292,0.5099,0.8883,0.5194,0.79,0.5785,0.1211,33624,4228,4567,4752,28.5832,0.8627,0.2353,0.005,False
LightGBM,LightGBM default threshold,default,0.5,0.7784,0.7185,0.4552,0.6196,0.8174,0.5248,0.7997,0.592,0.1595,30942,6910,3545,5774,54.9898,0.5869,0.1461,0.0031,False
LightGBM,LightGBM official balanced precision-recall threshold,official,0.6,0.8204,0.7017,0.5495,0.5054,0.898,0.5266,0.7997,0.592,0.1595,33991,3861,4609,4710,54.9898,0.5869,0.1461,0.0031,True
LightGBM,LightGBM training Youden threshold,recall sensitivity,0.45,0.7466,0.7207,0.4138,0.6779,0.7636,0.5139,0.7997,0.592,0.1595,28903,8949,3002,6317,54.9898,0.5869,0.1461,0.0031,False
LightGBM,LightGBM balanced precision-recall threshold,balanced precision-recall,0.6,0.8204,0.7017,0.5495,0.5054,0.898,0.5266,0.7997,0.592,0.1595,33991,3861,4609,4710,54.9898,0.5869,0.1461,0.0031,False
LightGBM,LightGBM exploratory held-out F1 threshold,exploratory,0.55,0.8025,0.7113,0.5002,0.5605,0.8621,0.5286,0.7997,0.592,0.1595,32633,5219,4096,5223,54.9898,0.5869,0.1461,0.0031,False
Targeted LightGBM,Targeted LightGBM default threshold,default,0.5,0.8394,0.6722,0.6548,0.3958,0.9486,0.4933,0.7999,0.5945,0.1212,35908,1944,5631,3688,52.8694,0.5462,0.1231,0.0026,False
Targeted LightGBM,Targeted LightGBM official balanced precision-recall threshold,official,0.39,0.8211,0.7005,0.5519,0.5012,0.8998,0.5253,0.7999,0.5945,0.1212,34059,3793,4648,4671,52.8694,0.5462,0.1231,0.0026,True
Targeted LightGBM,Targeted LightGBM training Youden threshold,recall sensitivity,0.29,0.7727,0.7192,0.4467,0.6306,0.8077,0.523,0.7999,0.5945,0.1212,30573,7279,3442,5877,52.8694,0.5462,0.1231,0.0026,False
Targeted LightGBM,Targeted LightGBM balanced precision-recall threshold,balanced precision-recall,0.39,0.8211,0.7005,0.5519,0.5012,0.8998,0.5253,0.7999,0.5945,0.1212,34059,3793,4648,4671,52.8694,0.5462,0.1231,0.0026,False
Targeted LightGBM,Targeted LightGBM exploratory held-out F1 threshold,exploratory,0.35,0.8069,0.7097,0.5105,0.549,0.8704,0.5291,0.7999,0.5945,0.1212,32947,4905,4203,5116,52.8694,0.5462,0.1231,0.0026,False
Calibrated Targeted LightGBM,Calibrated Targeted LightGBM default threshold,default,0.5,0.842,0.6414,0.7389,0.3098,0.9731,0.4366,0.7905,0.5825,0.1198,36832,1020,6432,2887,26.0327,0.6588,0.1248,0.0026,False
Calibrated Targeted LightGBM,Calibrated Targeted LightGBM official balanced precision-recall threshold,official,0.28,0.8135,0.7004,0.5287,0.5136,0.8873,0.521,0.7905,0.5825,0.1198,33586,4266,4533,4786,26.0327,0.6588,0.1248,0.0026,True
Calibrated Targeted LightGBM,Calibrated Targeted LightGBM validation Youden threshold,recall sensitivity,0.25,0.7986,0.7089,0.4914,0.5606,0.8572,0.5237,0.7905,0.5825,0.1198,32445,5407,4095,5224,26.0327,0.6588,0.1248,0.0026,False
Calibrated Targeted LightGBM,Calibrated Targeted LightGBM balanced precision-recall threshold,balanced precision-recall,0.28,0.8135,0.7004,0.5287,0.5136,0.8873,0.521,0.7905,0.5825,0.1198,33586,4266,4533,4786,26.0327,0.6588,0.1248,0.0026,False
Calibrated Targeted LightGBM,Calibrated Targeted LightGBM exploratory held-out F1 threshold,exploratory,0.25,0.7986,0.7089,0.4914,0.5606,0.8572,0.5237,0.7905,0.5825,0.1198,32445,5407,4095,5224,26.0327,0.6588,0.1248,0.0026,False
