config_number,subsample,reg_lambda,reg_alpha,n_estimators,min_child_weight,max_depth,learning_rate,gamma,colsample_bytree,training_roc_auc,validation_roc_auc,training_pr_auc_average_precision,validation_pr_auc_average_precision,validation_brier_score,elapsed_seconds,pr_auc_gap,passes_pr_auc_gap_filter,selected_config,max_allowed_pr_auc_gap,gap_filter_used_for_selection
17,0.9,10,0.5,300,1,8,0.025,0.1,0.6,0.9059018473167615,0.7952076840399286,0.7516222537677033,0.5936064225977293,0.1622333526611328,17.869470761004777,0.15801583116997397,False,True,0.13,False
65,0.9,50,0.0,500,10,8,0.03,0.0,0.6,0.9231259453927425,0.7936397748311333,0.7729660063126678,0.5919477260500482,0.1594175100326538,23.421556745001,0.18101828026261957,False,False,0.13,False
39,0.9,35,0.5,700,10,8,0.03,0.05,0.6,0.9541912792947568,0.7931931870929476,0.8423013964395795,0.5914474591673159,0.15231269598007202,31.814942122000502,0.25085393727226357,False,False,0.13,False
34,0.75,20,0.5,360,5,7,0.03,0.05,0.75,0.8926639594706411,0.796286226198869,0.7181056511078264,0.5913625067430925,0.1641317754983902,15.88987506700505,0.12674314436473388,True,False,0.13,False
67,0.9,10,1.5,300,15,8,0.04,0.1,0.8,0.9240000842993717,0.7935459009364584,0.7789079617057784,0.5913239950982625,0.15938696265220642,14.823505009000655,0.18758396660751586,False,False,0.13,False
25,0.75,20,1.0,900,5,7,0.025,0.05,0.8,0.952904808661486,0.7918087223190601,0.8386017358598229,0.591249316273105,0.15270262956619263,38.0117514750018,0.24735241958671794,False,False,0.13,False
40,0.85,35,1.0,300,1,8,0.04,0.1,0.8,0.9260254406338588,0.7943793937233355,0.7802788657180076,0.5911188599627112,0.15897084772586823,19.616077484002744,0.18916000575529646,False,False,0.13,False
53,0.9,20,0.0,300,15,7,0.04,0.1,0.8,0.8896702233352882,0.7951524039176598,0.7132992697410798,0.5910219770878176,0.1652069091796875,12.198414753998804,0.12227729265326226,True,False,0.13,False
66,0.9,5,0.5,700,10,7,0.03,0.05,0.6,0.9449764902315108,0.7911762842359904,0.8242131145810607,0.5909420018027036,0.15506039559841156,24.57023073000164,0.2332711127783571,False,False,0.13,False
70,0.75,35,0.5,360,1,8,0.03,0.05,0.8,0.9204526389068612,0.7951255234543916,0.7683235390388383,0.5908361173428035,0.15965373814105988,23.62892149399704,0.17748742169603482,False,False,0.13,False
38,0.9,10,1.5,900,1,7,0.025,0.0,0.6,0.9581787102562351,0.7909765006959592,0.85918258135478,0.5908129763553972,0.15140947699546814,37.08284255400213,0.2683696049993828,False,False,0.13,False
30,0.9,20,0.5,300,15,7,0.03,0.05,0.75,0.8718636089404503,0.7954344472560109,0.6846743576947062,0.590751606855706,0.16781742870807648,12.526521790001425,0.09392275083900015,True,False,0.13,False
54,0.75,5,1.0,300,15,7,0.04,0.0,0.75,0.8987762901276958,0.7951966032122793,0.7279789703868088,0.5906881311065154,0.16354377567768097,12.151691801002016,0.1372908392802934,False,False,0.13,False
60,0.9,20,0.5,360,10,7,0.05,0.0,0.8,0.9259480812454317,0.79224682116354,0.7791282124337592,0.5905582451025253,0.15886208415031433,14.637202969002828,0.18856996733123388,False,False,0.13,False
6,0.85,20,1.5,700,15,8,0.03,0.05,0.75,0.958319260417297,0.7918478555609714,0.8529904033320426,0.5904986575251854,0.15152879059314728,31.499678091000533,0.2624917458068572,False,False,0.13,False
16,0.9,10,1.5,900,1,8,0.03,0.05,0.6,0.9878370476336327,0.788445427593513,0.9483952272747637,0.5904740326853807,0.13950742781162262,48.98145033699984,0.357921194589383,False,False,0.13,False
33,0.85,35,0.5,300,15,8,0.025,0.1,0.6,0.8754047825831589,0.7956766380597768,0.6905351065045746,0.5904390739420402,0.16714563965797424,14.905885465996107,0.10009603256253441,True,False,0.13,False
68,0.75,5,0.0,360,5,8,0.05,0.1,0.8,0.9688879951584186,0.7907490367896003,0.888008955605355,0.5903133633720785,0.14836309850215912,18.78329298000608,0.29769559223327646,False,False,0.13,False
75,0.85,5,0.5,360,5,6,0.04,0.0,0.8,0.8918055467837476,0.7940031230447718,0.7169727721747775,0.5902730918819462,0.1649312973022461,12.53811567199591,0.1266996802928313,True,False,0.13,False
1,0.9,5,1.0,700,5,6,0.04,0.0,0.6,0.9397758284004283,0.7913145310476544,0.8121229210516573,0.590211822482771,0.15629683434963226,20.586668365998776,0.22191109856888624,False,False,0.13,False
26,0.75,35,1.0,900,15,7,0.025,0.0,0.8,0.937317934888763,0.791647464342647,0.7989461599460657,0.5901272252085625,0.15673422813415527,35.056098977001966,0.20881893473750313,False,False,0.13,False
51,0.85,35,1.5,300,15,7,0.025,0.1,0.75,0.8561032665870123,0.7958153127265656,0.6599031692362302,0.5901218808852327,0.16999582946300507,13.277505289996043,0.0697812883509975,True,False,0.13,False
3,0.9,10,1.5,800,10,6,0.03,0.0,0.6,0.919693088947401,0.7925228001205584,0.7651124563937444,0.5900092981007402,0.1602049022912979,22.875350447997334,0.17510315829300416,False,False,0.13,False
50,0.85,35,1.5,900,15,8,0.03,0.1,0.8,0.9687849018932514,0.7902629313599713,0.8797317150829924,0.5899317075420846,0.14847853779792786,42.059260725996864,0.28980000754090784,False,False,0.13,False
18,0.9,20,1.5,360,1,8,0.05,0.1,0.8,0.9629494058866619,0.7910540912927005,0.8704222913131682,0.589926574715019,0.15036343038082123,22.685693669998727,0.2804957165981492,False,False,0.13,False
15,0.85,35,1.5,700,5,8,0.03,0.0,0.8,0.9639138265765755,0.7916353851863732,0.8679283494050186,0.5898709137866024,0.15013986825942993,38.8182303240028,0.2780574356184162,False,False,0.13,False
23,0.9,10,1.0,500,1,5,0.04,0.0,0.75,0.8774623780814447,0.7936845508000512,0.6898981889538909,0.589703709605489,0.1670992523431778,13.36330711300252,0.10019447934840187,True,False,0.13,False
32,0.75,5,0.5,900,1,7,0.025,0.05,0.75,0.9663408614809669,0.7902385560194622,0.8812174629129533,0.5896716722365849,0.14872172474861145,38.73196146199916,0.29154579067636843,False,False,0.13,False
31,0.9,5,1.5,300,5,6,0.025,0.0,0.6,0.8477846591784628,0.7951800222759979,0.6519346374309404,0.5895827360929936,0.17135612666606903,10.773327533002885,0.06235190133794677,True,False,0.13,False
64,0.9,50,1.5,900,10,6,0.03,0.0,0.75,0.915760110745103,0.7931556040507637,0.7552385854664151,0.5893332124543802,0.16098417341709137,28.486114405997796,0.1659053730120349,False,False,0.13,False
49,0.85,50,1.0,300,10,7,0.025,0.05,0.75,0.8543287203102554,0.7958771594948784,0.6576859165093409,0.5892528044295345,0.1702483743429184,13.695613012001559,0.0684331120798064,True,False,0.13,False
74,0.85,50,0.5,900,10,6,0.03,0.0,0.6,0.9154224682286994,0.7934449581310277,0.7542416490613371,0.5891801953843829,0.16092590987682343,27.477557610000076,0.16506145367695413,False,False,0.13,False
71,0.75,50,0.5,500,5,8,0.05,0.0,0.6,0.9678749711631434,0.7888853184688774,0.8781734243643853,0.5891768206455875,0.1488751918077469,27.404099969004164,0.28899660371879776,False,False,0.13,False
57,0.85,5,0.0,360,10,7,0.065,0.0,0.8,0.9522019124981809,0.788096942694858,0.8416388802094601,0.5890941742570452,0.1539609432220459,13.852370814995083,0.25254470595241485,False,False,0.13,False
2,0.75,35,0.5,360,1,8,0.05,0.0,0.75,0.9575948051140482,0.7902019403019077,0.85202688409535,0.5890516160382594,0.15190742909908295,23.006119269004557,0.2629752680570906,False,False,0.13,False
41,0.75,35,1.0,360,1,7,0.05,0.05,0.75,0.9299405701140989,0.792124498003473,0.7858308451585629,0.5886485950658383,0.1583077311515808,17.58537983000133,0.1971822500927246,False,False,0.13,False
78,0.85,10,0.0,900,10,5,0.03,0.05,0.6,0.8918995465628229,0.7931011672371463,0.713078076369607,0.5884188669233171,0.1651768833398819,21.28184855899599,0.12465920944628983,True,False,0.13,False
55,0.85,20,1.0,900,10,5,0.05,0.1,0.6,0.9257581768775055,0.7895800745809769,0.7747300035628112,0.5883074240287351,0.15934759378433228,21.80146943199361,0.18642257953407604,False,False,0.13,False
46,0.75,35,0.5,300,1,7,0.065,0.0,0.8,0.9381917465676729,0.790977654044556,0.8037824998567302,0.588185499617753,0.15641506016254425,15.191110524996475,0.2155970002389772,False,False,0.13,False
56,0.85,5,1.0,500,1,6,0.05,0.0,0.8,0.9397444221172876,0.7897893267409415,0.8115236814688286,0.5881362074247297,0.1564987301826477,17.177087361000304,0.22338747404409887,False,False,0.13,False
19,0.9,5,1.5,700,10,5,0.04,0.0,0.8,0.8987278335581323,0.7922963655468185,0.7251555442663282,0.5881170938004516,0.1640593707561493,17.416267905995483,0.1370384504658766,False,False,0.13,False
29,0.85,50,1.0,360,10,8,0.065,0.05,0.75,0.9607448162523976,0.7888429360083382,0.8581343583112003,0.5879957313574237,0.1514325886964798,18.97449756399874,0.27013862695377666,False,False,0.13,False
61,0.9,50,0.5,900,15,7,0.04,0.0,0.8,0.9606170224611821,0.788710871393186,0.8563254761646529,0.5877766468349811,0.15132491290569305,33.804376274994866,0.26854882932967183,False,False,0.13,False
36,0.85,35,1.5,700,1,5,0.03,0.1,0.6,0.8702615502501514,0.7945286159490674,0.6765579643871272,0.5877050756530612,0.16827164590358734,18.207600216999708,0.08885288873406605,True,False,0.13,False
59,0.85,10,1.5,700,1,7,0.05,0.1,0.75,0.9831729565940257,0.7850454861464169,0.930559892801218,0.5876462230989649,0.14309623837471008,30.978859880997334,0.3429136697022531,False,False,0.13,False
73,0.85,50,1.5,900,15,7,0.05,0.1,0.6,0.9731252482943654,0.7860297699611499,0.8922385315282503,0.5873706803854657,0.147549569606781,33.235110346999136,0.3048678511427846,False,False,0.13,False
4,0.9,20,1.0,500,10,5,0.025,0.05,0.75,0.8427745410149352,0.7949983636711759,0.6387509616651592,0.5873314745053955,0.1720075160264969,13.363770513002237,0.051419487159763744,True,False,0.13,False
14,0.75,10,0.0,300,1,5,0.065,0.1,0.75,0.8766378014296199,0.793062313031186,0.6888806914346989,0.5872770007815642,0.1673951894044876,8.714559610998549,0.10160369065313468,True,False,0.13,False
12,0.75,50,1.5,700,5,8,0.04,0.05,0.75,0.9755302748957126,0.7871477057955557,0.9003962282112439,0.5872429522296314,0.14629362523555756,39.77136427399819,0.31315327598161247,False,False,0.13,False
69,0.85,5,1.0,360,5,5,0.065,0.05,0.6,0.8854504296926383,0.791130528540845,0.7028647596324324,0.5866849213317373,0.16644732654094696,9.75599198400596,0.11617983830069512,True,False,0.13,False
9,0.75,10,1.5,500,15,5,0.05,0.0,0.75,0.8862871702599124,0.7920177140454705,0.7018650959037009,0.5865837388044441,0.16611963510513306,12.964050800997938,0.1152813570992568,True,False,0.13,False
5,0.9,5,1.5,500,5,6,0.065,0.05,0.75,0.9512322148307322,0.7876597739702144,0.8389332801324729,0.5865775676019487,0.154057115316391,15.570598186001007,0.25235571253052425,False,False,0.13,False
63,0.85,35,0.5,900,15,4,0.04,0.05,0.8,0.8663981447943638,0.7925340049641859,0.6687846136697516,0.5865101329842743,0.16928158700466156,18.490539110003738,0.08227448068547727,True,False,0.13,False
8,0.9,50,1.5,500,15,8,0.065,0.0,0.75,0.9737590677194926,0.7868842462515333,0.8945278345076743,0.5864232193382781,0.14737729728221893,23.90591255799518,0.30810461516939613,False,False,0.13,False
27,0.75,5,0.5,700,10,4,0.05,0.1,0.8,0.8740686456711144,0.7916796340873841,0.6807599121535903,0.5862703049908439,0.16831393539905548,14.538604383000347,0.09448960716274646,True,False,0.13,False
7,0.9,20,1.0,900,15,4,0.05,0.1,0.8,0.8823889250410838,0.7921473355458528,0.6931964601116979,0.5862103558847943,0.16688264906406403,17.84405262400105,0.10698610422690358,True,False,0.13,False
22,0.9,10,1.0,500,15,6,0.065,0.1,0.8,0.9381689887409265,0.7882655362163798,0.8038484873616053,0.5860184934013932,0.15727457404136658,15.388740607006184,0.21782999396021208,False,False,0.13,False
52,0.75,5,0.5,900,5,4,0.05,0.05,0.6,0.8908981505184378,0.7908013405283931,0.7094242663785597,0.5858251860400588,0.1653623729944229,17.83840373899875,0.12359908033850087,True,False,0.13,False
47,0.75,10,1.5,300,15,5,0.03,0.1,0.6,0.8277928063633251,0.7945082897302456,0.6190940332577441,0.5854438956439423,0.17425844073295593,8.599076116006472,0.03365013761380187,True,False,0.13,False
24,0.9,35,1.5,900,5,5,0.065,0.05,0.8,0.9443141627274844,0.7867229572711256,0.8155965829186256,0.5853950874332579,0.15615631639957428,22.61757809300616,0.23020149548536772,False,False,0.13,False
48,0.75,20,0.5,700,10,4,0.04,0.1,0.8,0.8568450925153984,0.793556479499396,0.6542070342725551,0.5853378953747919,0.1708042323589325,14.910898080997868,0.06886913889776325,True,False,0.13,False
11,0.85,5,1.5,900,10,4,0.065,0.05,0.6,0.9059695276537039,0.7887100156829365,0.736023562033641,0.5849739017648833,0.16376149654388428,17.352611403999617,0.15104966026875777,False,False,0.13,False
72,0.75,5,0.0,300,5,4,0.065,0.0,0.6,0.8406317361074634,0.7940034950927062,0.6332517226882699,0.5844991667843284,0.1724390983581543,7.0100569690039265,0.04875255590394145,True,False,0.13,False
21,0.75,20,0.5,500,15,4,0.05,0.0,0.8,0.8499861749388679,0.7935453862701489,0.6439416106555172,0.5843154089154914,0.17157432436943054,11.264697970997076,0.059626201740025864,True,False,0.13,False
58,0.85,5,0.0,700,1,4,0.025,0.1,0.8,0.8381962697503232,0.7930933542305217,0.631190857304177,0.5840890808324853,0.1732572317123413,15.171879733003152,0.04710177647169167,True,False,0.13,False
76,0.75,20,1.5,300,10,5,0.03,0.05,0.8,0.8290880473883715,0.794087906568247,0.6196473830742464,0.5837876842521146,0.17425529658794403,9.259651712003688,0.0358596988221318,True,False,0.13,False
37,0.75,20,1.5,300,5,5,0.025,0.05,0.6,0.8212495870678965,0.7940914038188315,0.6114416386371018,0.5836735399185129,0.17525887489318848,9.34608128599939,0.027768098718588874,True,False,0.13,False
77,0.85,10,0.0,700,1,6,0.065,0.05,0.8,0.9731858322676536,0.7822566272309497,0.8988427608469536,0.5836177700858075,0.148130863904953,23.132858001001296,0.3152249907611461,False,False,0.13,False
45,0.85,50,0.0,360,1,4,0.065,0.1,0.75,0.842053112051414,0.7934755590736409,0.6326943182663836,0.583518985130909,0.1728406399488449,8.460622418999264,0.04917533313547451,True,False,0.13,False
43,0.85,10,1.5,700,10,8,0.065,0.05,0.8,0.9948245023249764,0.7802680682258031,0.9735904210660131,0.5831945161017372,0.1356627196073532,33.35553955700016,0.3903959049642759,False,False,0.13,False
62,0.75,5,1.5,500,15,4,0.03,0.05,0.6,0.8286504454150002,0.7938693780131156,0.6181827130540847,0.5831595063478777,0.17445972561836243,11.086808409003424,0.035023206706206955,True,False,0.13,False
20,0.85,10,1.5,360,10,4,0.04,0.1,0.8,0.8255471369056393,0.79303678434208,0.6144229324373329,0.5819989921310688,0.1750611811876297,8.698770787006652,0.032423940306264165,True,False,0.13,False
28,0.85,35,0.0,500,10,4,0.03,0.1,0.75,0.8250180895961041,0.7933280482684076,0.6129494414958991,0.5818526708256486,0.17508278787136078,11.351492919005977,0.031096770670250518,True,False,0.13,False
13,0.75,10,0.5,700,15,6,0.065,0.1,0.6,0.960261088259724,0.7831404953081592,0.8564805135938486,0.5817263578232168,0.15261855721473694,20.292755866001244,0.2747541557706318,False,False,0.13,False
35,0.75,35,1.5,300,10,4,0.065,0.1,0.6,0.8328877233513636,0.7930557835899353,0.621202838566318,0.5814769124278202,0.1738666296005249,7.341937239005347,0.03972592613849779,True,False,0.13,False
42,0.75,20,1.5,700,15,8,0.065,0.05,0.8,0.9918687432053661,0.7793139140929662,0.9589858111654473,0.5813403582575682,0.13877278566360474,33.104630283000006,0.3776454529078791,False,False,0.13,False
44,0.75,20,0.5,500,15,4,0.065,0.0,0.8,0.8638453593775256,0.7901292421355051,0.663234080357146,0.5813094321987068,0.17019158601760864,11.103483822997077,0.08192464815843925,True,False,0.13,False
10,0.85,20,1.5,900,1,7,0.065,0.0,0.8,0.9946349623853941,0.7796185345401427,0.973116613509056,0.5810867903209996,0.1361330896615982,41.29262924700015,0.39202982318805635,False,False,0.13,False
