source_notebook,model_family,model_group,model,threshold,accuracy,balanced_accuracy,precision,recall_sensitivity,specificity,f1_score,roc_auc,pr_auc_average_precision,brier_score,true_negatives,false_positives,false_negatives,true_positives,training_time_seconds,train_inference_time_seconds,test_inference_time_seconds,test_inference_time_per_admission_ms,threshold_role_normalised,threshold_role,evaluation_subset,subset_admissions,precision_recall_gap,ensemble_members,ensemble_weights,ensemble_blend_note,recommended_threshold_label,threshold_selection_note
WP3.2,Reference baseline,reference_baseline,Reference baseline,0.5,0.8024,0.5,0.0,0.0,1.0,0.0,0.5,0.1976,0.1585,37852,0,9319,0,0.0114,0.0019,0.0004,0.0,reference,,,,,,,,,
WP3.2,Logistic regression,logistic_regression,Logistic regression,0.5,0.7406,0.7036,0.4021,0.6425,0.7648,0.4946,0.7799,0.5527,0.1803,28949,8903,3332,5987,93.9351,0.1583,0.0396,0.0008,reported,,,,,,,,,
WP3.2,Logistic regression,logistic_regression,Logistic regression,0.57,0.7863,0.6991,0.4657,0.5549,0.8433,0.5064,0.7799,0.5527,0.1803,31919,5933,4148,5171,93.9351,0.1583,0.0396,0.0008,reported,,,,,,,,,
WP3.2,Logistic regression,logistic_regression,Logistic regression,0.5,0.7406,0.7036,0.4021,0.6425,0.7648,0.4946,0.7799,0.5527,0.1803,28949,8903,3332,5987,93.9351,0.1583,0.0396,0.0008,reported,,,,,,,,,
WP3.2,Logistic regression,logistic_regression,Logistic regression balanced precision-recall threshold,0.61,0.8068,0.6943,0.5112,0.5082,0.8803,0.5097,0.7799,0.5527,0.1803,33323,4529,4583,4736,93.9351,0.1583,0.0396,0.0008,balanced_precision_recall,,,,,,,,,
WP3.2,Tuned logistic regression,tuned_logistic_regression,Tuned logistic regression,0.5,0.7416,0.7027,0.4028,0.6385,0.7669,0.494,0.7799,0.5528,0.1802,29030,8822,3369,5950,211.6863,0.1561,0.0397,0.0008,reported,,,,,,,,,
WP3.2,Tuned logistic regression,tuned_logistic_regression,Tuned logistic regression,0.57,0.7878,0.6991,0.4686,0.5524,0.8457,0.507,0.7799,0.5528,0.1802,32013,5839,4171,5148,211.6863,0.1561,0.0397,0.0008,reported,,,,,,,,,
WP3.2,Tuned logistic regression,tuned_logistic_regression,Tuned logistic regression,0.49,0.7345,0.7036,0.3958,0.6525,0.7547,0.4927,0.7799,0.5528,0.1802,28568,9284,3238,6081,211.6863,0.1561,0.0397,0.0008,reported,,,,,,,,,
WP3.2,Tuned logistic regression,tuned_logistic_regression,Tuned logistic regression balanced precision-recall threshold,0.61,0.8064,0.6911,0.5102,0.5006,0.8817,0.5054,0.7799,0.5528,0.1802,33374,4478,4654,4665,211.6863,0.1561,0.0397,0.0008,balanced_precision_recall,,,,,,,,,
WP3.2,Calibrated tuned logistic regression,calibrated_tuned_logistic_regression,Calibrated tuned logistic regression,0.5,0.8371,0.6261,0.7313,0.2774,0.9749,0.4022,0.7797,0.5528,0.1235,36902,950,6734,2585,73.129,0.47,0.1202,0.0025,reported,,,,,,,,,
WP3.3,Random Forest,random_forest,Random Forest,0.5,0.8274,0.6825,0.583,0.443,0.922,0.5034,0.7896,0.5806,0.1354,34899,2953,5191,4128,1228.7664,5.9284,1.2315,0.0261,reported,,,,,,,,,
WP3.3,Random Forest,random_forest,Random Forest,0.47,0.8193,0.6907,0.549,0.4781,0.9033,0.5111,0.7896,0.5806,0.1354,34192,3660,4864,4455,1228.7664,5.9284,1.2315,0.0261,reported,,,,,,,,,
WP3.3,Random Forest,random_forest,Random Forest,0.42,0.8004,0.7039,0.4954,0.5444,0.8635,0.5187,0.7896,0.5806,0.1354,32685,5167,4246,5073,1228.7664,5.9284,1.2315,0.0261,reported,,,,,,,,,
WP3.3,Random Forest,random_forest,Random Forest balanced precision-recall threshold,0.51,0.8296,0.68,0.5942,0.4328,0.9272,0.5008,0.7896,0.5806,0.1354,35098,2754,5286,4033,1228.7664,5.9284,1.2315,0.0261,balanced_precision_recall,,,,,,,,,
WP3.3,Random Forest,random_forest,Random Forest,0.29,0.6764,0.7044,0.3509,0.7506,0.6581,0.4782,0.7896,0.5806,0.1354,24912,12940,2324,6995,1228.7664,5.9284,1.2315,0.0261,reported,,,,,,,,,
WP3.3,Regularised Random Forest,regularised_random_forest,Regularised Random Forest default threshold,0.5,0.8045,0.701,0.505,0.5298,0.8721,0.5171,0.789,0.5798,0.1521,33012,4840,4382,4937,879.3197,5.5291,1.2023,0.0255,default,,,,,,,,,
WP3.3,Regularised Random Forest,regularised_random_forest,Regularised Random Forest training F1 threshold,0.49,0.7998,0.703,0.4939,0.543,0.863,0.5173,0.789,0.5798,0.1521,32667,5185,4259,5060,879.3197,5.5291,1.2023,0.0255,training_f1,,,,,,,,,
WP3.3,Regularised Random Forest,regularised_random_forest,Regularised Random Forest training Youden threshold,0.43,0.7587,0.7113,0.4256,0.633,0.7896,0.509,0.789,0.5798,0.1521,29889,7963,3420,5899,879.3197,5.5291,1.2023,0.0255,training_youden,,,,,,,,,
WP3.3,Regularised Random Forest,regularised_random_forest,Regularised Random Forest balanced precision-recall threshold,0.53,0.8161,0.6916,0.5384,0.4858,0.8975,0.5107,0.789,0.5798,0.1521,33971,3881,4792,4527,879.3197,5.5291,1.2023,0.0255,balanced_precision_recall,,,,,,,,,
WP3.3,Regularised Random Forest,regularised_random_forest,Regularised Random Forest recall-oriented threshold,0.3,0.5919,0.6826,0.3049,0.8326,0.5327,0.4463,0.789,0.5798,0.1521,20163,17689,1560,7759,879.3197,5.5291,1.2023,0.0255,recall_oriented,,,,,,,,,
WP3.4,XGBoost,xgboost,XGBoost default threshold,0.5,0.7711,0.7186,0.4443,0.6318,0.8054,0.5217,0.7982,0.5912,0.166,30487,7365,3431,5888,287.9421,0.3218,0.0819,0.0017,default,default,,,,,,,,
WP3.4,XGBoost,xgboost,XGBoost official balanced precision-recall threshold,0.59,0.8166,0.7049,0.537,0.5202,0.8896,0.5285,0.7982,0.5912,0.166,33672,4180,4471,4848,287.9421,0.3218,0.0819,0.0017,official,official,,,,,,,,
WP3.4,XGBoost,xgboost,XGBoost training Youden threshold,0.47,0.7483,0.7193,0.4153,0.6714,0.7673,0.5132,0.7982,0.5912,0.166,29042,8810,3062,6257,287.9421,0.3218,0.0819,0.0017,training_youden,recall sensitivity,,,,,,,,
WP3.4,XGBoost,xgboost,XGBoost balanced precision-recall threshold,0.59,0.8166,0.7049,0.537,0.5202,0.8896,0.5285,0.7982,0.5912,0.166,33672,4180,4471,4848,287.9421,0.3218,0.0819,0.0017,balanced_precision_recall,balanced precision-recall,,,,,,,,
WP3.4,XGBoost,xgboost,XGBoost exploratory held-out F1 threshold,0.59,0.8166,0.7049,0.537,0.5202,0.8896,0.5285,0.7982,0.5912,0.166,33672,4180,4471,4848,287.9421,0.3218,0.0819,0.0017,heldout_f1,exploratory,,,,,,,,
WP3.4,Targeted XGBoost,xgboost_targeted,Targeted XGBoost default threshold,0.5,0.8432,0.6531,0.7187,0.3389,0.9673,0.4606,0.7988,0.5933,0.1185,36616,1236,6161,3158,253.0198,0.299,0.0709,0.0015,default,default,,,,,,,,
WP3.4,Targeted XGBoost,xgboost_targeted,Targeted XGBoost official balanced precision-recall threshold,0.31,0.8148,0.7068,0.5315,0.5283,0.8853,0.5299,0.7988,0.5933,0.1185,33512,4340,4396,4923,253.0198,0.299,0.0709,0.0015,official,official,,,,,,,,
WP3.4,Targeted XGBoost,xgboost_targeted,Targeted XGBoost training Youden threshold,0.23,0.759,0.7193,0.428,0.6537,0.7849,0.5173,0.7988,0.5933,0.1185,29710,8142,3227,6092,253.0198,0.299,0.0709,0.0015,training_youden,recall sensitivity,,,,,,,,
WP3.4,Targeted XGBoost,xgboost_targeted,Targeted XGBoost balanced precision-recall threshold,0.31,0.8148,0.7068,0.5315,0.5283,0.8853,0.5299,0.7988,0.5933,0.1185,33512,4340,4396,4923,253.0198,0.299,0.0709,0.0015,balanced_precision_recall,balanced precision-recall,,,,,,,,
WP3.4,Targeted XGBoost,xgboost_targeted,Targeted XGBoost exploratory held-out F1 threshold,0.31,0.8148,0.7068,0.5315,0.5283,0.8853,0.5299,0.7988,0.5933,0.1185,33512,4340,4396,4923,253.0198,0.299,0.0709,0.0015,heldout_f1,exploratory,,,,,,,,
WP3.4,Calibrated Targeted XGBoost,calibrated_targeted_xgboost,Calibrated Targeted XGBoost default threshold,0.5,0.8413,0.6457,0.7192,0.3225,0.969,0.4453,0.7932,0.5844,0.1204,36679,1173,6314,3005,14.9382,0.2857,0.0716,0.0015,default,default,,,,,,,,
WP3.4,Calibrated Targeted XGBoost,calibrated_targeted_xgboost,Calibrated Targeted XGBoost official balanced precision-recall threshold,0.25,0.8162,0.7011,0.5366,0.5109,0.8914,0.5234,0.7932,0.5844,0.1204,33741,4111,4558,4761,14.9382,0.2857,0.0716,0.0015,official,official,,,,,,,,
WP3.4,Calibrated Targeted XGBoost,calibrated_targeted_xgboost,Calibrated Targeted XGBoost validation Youden threshold,0.16,0.7469,0.7154,0.4126,0.6633,0.7675,0.5087,0.7932,0.5844,0.1204,29051,8801,3138,6181,14.9382,0.2857,0.0716,0.0015,training_youden,recall sensitivity,,,,,,,,
WP3.4,Calibrated Targeted XGBoost,calibrated_targeted_xgboost,Calibrated Targeted XGBoost balanced precision-recall threshold,0.25,0.8162,0.7011,0.5366,0.5109,0.8914,0.5234,0.7932,0.5844,0.1204,33741,4111,4558,4761,14.9382,0.2857,0.0716,0.0015,balanced_precision_recall,balanced precision-recall,,,,,,,,
WP3.4,Calibrated Targeted XGBoost,calibrated_targeted_xgboost,Calibrated Targeted XGBoost exploratory held-out F1 threshold,0.24,0.8124,0.7032,0.5255,0.5227,0.8838,0.5241,0.7932,0.5844,0.1204,33453,4399,4448,4871,14.9382,0.2857,0.0716,0.0015,heldout_f1,exploratory,,,,,,,,
WP3.4,LightGBM,lightgbm,LightGBM default threshold,0.5,0.7784,0.7185,0.4552,0.6196,0.8174,0.5248,0.7997,0.592,0.1595,30942,6910,3545,5774,54.9898,0.5869,0.1461,0.0031,default,default,,,,,,,,
WP3.4,LightGBM,lightgbm,LightGBM official balanced precision-recall threshold,0.6,0.8204,0.7017,0.5495,0.5054,0.898,0.5266,0.7997,0.592,0.1595,33991,3861,4609,4710,54.9898,0.5869,0.1461,0.0031,official,official,,,,,,,,
WP3.4,LightGBM,lightgbm,LightGBM training Youden threshold,0.45,0.7466,0.7207,0.4138,0.6779,0.7636,0.5139,0.7997,0.592,0.1595,28903,8949,3002,6317,54.9898,0.5869,0.1461,0.0031,training_youden,recall sensitivity,,,,,,,,
WP3.4,LightGBM,lightgbm,LightGBM balanced precision-recall threshold,0.6,0.8204,0.7017,0.5495,0.5054,0.898,0.5266,0.7997,0.592,0.1595,33991,3861,4609,4710,54.9898,0.5869,0.1461,0.0031,balanced_precision_recall,balanced precision-recall,,,,,,,,
WP3.4,LightGBM,lightgbm,LightGBM exploratory held-out F1 threshold,0.55,0.8025,0.7113,0.5002,0.5605,0.8621,0.5286,0.7997,0.592,0.1595,32633,5219,4096,5223,54.9898,0.5869,0.1461,0.0031,heldout_f1,exploratory,,,,,,,,
WP3.4,Targeted LightGBM,lightgbm_targeted,Targeted LightGBM default threshold,0.5,0.8394,0.6722,0.6548,0.3958,0.9486,0.4933,0.7999,0.5945,0.1212,35908,1944,5631,3688,52.8694,0.5462,0.1231,0.0026,default,default,,,,,,,,
WP3.4,Targeted LightGBM,lightgbm_targeted,Targeted LightGBM official balanced precision-recall threshold,0.39,0.8211,0.7005,0.5519,0.5012,0.8998,0.5253,0.7999,0.5945,0.1212,34059,3793,4648,4671,52.8694,0.5462,0.1231,0.0026,official,official,,,,,,,,
WP3.4,Targeted LightGBM,lightgbm_targeted,Targeted LightGBM training Youden threshold,0.29,0.7727,0.7192,0.4467,0.6306,0.8077,0.523,0.7999,0.5945,0.1212,30573,7279,3442,5877,52.8694,0.5462,0.1231,0.0026,training_youden,recall sensitivity,,,,,,,,
WP3.4,Targeted LightGBM,lightgbm_targeted,Targeted LightGBM balanced precision-recall threshold,0.39,0.8211,0.7005,0.5519,0.5012,0.8998,0.5253,0.7999,0.5945,0.1212,34059,3793,4648,4671,52.8694,0.5462,0.1231,0.0026,balanced_precision_recall,balanced precision-recall,,,,,,,,
WP3.4,Targeted LightGBM,lightgbm_targeted,Targeted LightGBM exploratory held-out F1 threshold,0.35,0.8069,0.7097,0.5105,0.549,0.8704,0.5291,0.7999,0.5945,0.1212,32947,4905,4203,5116,52.8694,0.5462,0.1231,0.0026,heldout_f1,exploratory,,,,,,,,
WP3.4,Calibrated Targeted LightGBM,calibrated_targeted_lightgbm,Calibrated Targeted LightGBM default threshold,0.5,0.842,0.6414,0.7389,0.3098,0.9731,0.4366,0.7905,0.5825,0.1198,36832,1020,6432,2887,26.0327,0.6588,0.1248,0.0026,default,default,,,,,,,,
WP3.4,Calibrated Targeted LightGBM,calibrated_targeted_lightgbm,Calibrated Targeted LightGBM official balanced precision-recall threshold,0.28,0.8135,0.7004,0.5287,0.5136,0.8873,0.521,0.7905,0.5825,0.1198,33586,4266,4533,4786,26.0327,0.6588,0.1248,0.0026,official,official,,,,,,,,
WP3.4,Calibrated Targeted LightGBM,calibrated_targeted_lightgbm,Calibrated Targeted LightGBM validation Youden threshold,0.25,0.7986,0.7089,0.4914,0.5606,0.8572,0.5237,0.7905,0.5825,0.1198,32445,5407,4095,5224,26.0327,0.6588,0.1248,0.0026,training_youden,recall sensitivity,,,,,,,,
WP3.4,Calibrated Targeted LightGBM,calibrated_targeted_lightgbm,Calibrated Targeted LightGBM balanced precision-recall threshold,0.28,0.8135,0.7004,0.5287,0.5136,0.8873,0.521,0.7905,0.5825,0.1198,33586,4266,4533,4786,26.0327,0.6588,0.1248,0.0026,balanced_precision_recall,balanced precision-recall,,,,,,,,
WP3.4,Calibrated Targeted LightGBM,calibrated_targeted_lightgbm,Calibrated Targeted LightGBM exploratory held-out F1 threshold,0.25,0.7986,0.7089,0.4914,0.5606,0.8572,0.5237,0.7905,0.5825,0.1198,32445,5407,4095,5224,26.0327,0.6588,0.1248,0.0026,heldout_f1,exploratory,,,,,,,,
WP3.4,CatBoost,catboost,CatBoost default threshold,0.5,0.7724,0.7193,0.4462,0.6315,0.8071,0.5229,0.7977,0.5868,0.1654,30549,7303,3434,5885,55.762,0.9623,0.2574,0.0055,default,default,,,,,,,,
WP3.4,CatBoost,catboost,CatBoost official balanced precision-recall threshold,0.6,0.8181,0.702,0.5421,0.51,0.8939,0.5256,0.7977,0.5868,0.1654,33837,4015,4566,4753,55.762,0.9623,0.2574,0.0055,official,official,,,,,,,,
WP3.4,CatBoost,catboost,CatBoost training Youden threshold,0.47,0.7498,0.7178,0.4166,0.6648,0.7708,0.5122,0.7977,0.5868,0.1654,29176,8676,3124,6195,55.762,0.9623,0.2574,0.0055,training_youden,recall sensitivity,,,,,,,,
WP3.4,CatBoost,catboost,CatBoost balanced precision-recall threshold,0.6,0.8181,0.702,0.5421,0.51,0.8939,0.5256,0.7977,0.5868,0.1654,33837,4015,4566,4753,55.762,0.9623,0.2574,0.0055,balanced_precision_recall,balanced precision-recall,,,,,,,,
WP3.4,CatBoost,catboost,CatBoost exploratory held-out F1 threshold,0.56,0.8034,0.7095,0.5021,0.5544,0.8647,0.5269,0.7977,0.5868,0.1654,32729,5123,4153,5166,55.762,0.9623,0.2574,0.0055,heldout_f1,exploratory,,,,,,,,
WP3.4,Targeted CatBoost,catboost_targeted,Targeted CatBoost default threshold,0.5,0.8417,0.6632,0.6848,0.3682,0.9583,0.4789,0.7979,0.5912,0.1202,36273,1579,5888,3431,49.5074,0.9577,0.2183,0.0046,default,default,,,,,,,,
WP3.4,Targeted CatBoost,catboost_targeted,Targeted CatBoost official balanced precision-recall threshold,0.35,0.818,0.7042,0.5412,0.516,0.8923,0.5283,0.7979,0.5912,0.1202,33776,4076,4510,4809,49.5074,0.9577,0.2183,0.0046,official,official,,,,,,,,
WP3.4,Targeted CatBoost,catboost_targeted,Targeted CatBoost training Youden threshold,0.26,0.7633,0.7184,0.4333,0.6443,0.7926,0.5181,0.7979,0.5912,0.1202,30000,7852,3315,6004,49.5074,0.9577,0.2183,0.0046,training_youden,recall sensitivity,,,,,,,,
WP3.4,Targeted CatBoost,catboost_targeted,Targeted CatBoost balanced precision-recall threshold,0.35,0.818,0.7042,0.5412,0.516,0.8923,0.5283,0.7979,0.5912,0.1202,33776,4076,4510,4809,49.5074,0.9577,0.2183,0.0046,balanced_precision_recall,balanced precision-recall,,,,,,,,
WP3.4,Targeted CatBoost,catboost_targeted,Targeted CatBoost exploratory held-out F1 threshold,0.34,0.8139,0.7065,0.5291,0.5288,0.8841,0.529,0.7979,0.5912,0.1202,33466,4386,4391,4928,49.5074,0.9577,0.2183,0.0046,heldout_f1,exploratory,,,,,,,,
WP3.4,Calibrated Targeted CatBoost,calibrated_targeted_catboost,Calibrated Targeted CatBoost default threshold,0.5,0.8405,0.6467,0.7094,0.3263,0.9671,0.447,0.79,0.5785,0.1211,36606,1246,6278,3041,28.5832,0.8627,0.2353,0.005,default,default,,,,,,,,
WP3.4,Calibrated Targeted CatBoost,calibrated_targeted_catboost,Calibrated Targeted CatBoost official balanced precision-recall threshold,0.25,0.8136,0.6991,0.5292,0.5099,0.8883,0.5194,0.79,0.5785,0.1211,33624,4228,4567,4752,28.5832,0.8627,0.2353,0.005,official,official,,,,,,,,
WP3.4,Calibrated Targeted CatBoost,calibrated_targeted_catboost,Calibrated Targeted CatBoost validation Youden threshold,0.18,0.7685,0.7104,0.4386,0.6143,0.8064,0.5118,0.79,0.5785,0.1211,30525,7327,3594,5725,28.5832,0.8627,0.2353,0.005,training_youden,recall sensitivity,,,,,,,,
WP3.4,Calibrated Targeted CatBoost,calibrated_targeted_catboost,Calibrated Targeted CatBoost balanced precision-recall threshold,0.25,0.8136,0.6991,0.5292,0.5099,0.8883,0.5194,0.79,0.5785,0.1211,33624,4228,4567,4752,28.5832,0.8627,0.2353,0.005,balanced_precision_recall,balanced precision-recall,,,,,,,,
WP3.4,Calibrated Targeted CatBoost,calibrated_targeted_catboost,Calibrated Targeted CatBoost exploratory held-out F1 threshold,0.25,0.8136,0.6991,0.5292,0.5099,0.8883,0.5194,0.79,0.5785,0.1211,33624,4228,4567,4752,28.5832,0.8627,0.2353,0.005,heldout_f1,exploratory,,,,,,,,
WP3.5,PyTorch MLP - small_regularised,pytorch_mlp_small_regularised,PyTorch MLP - small_regularised,0.5,0.743041275359861,0.7122872232897359,0.4074025115664243,0.6614443609829381,0.7631300855965338,0.504233301975541,0.7901581066485192,0.578025138590698,0.1741457283496856,28886,8966,3155,6164,43.35309813730419,1.7427101209759712,0.4812269173562526,0.0102017535637627,default,default,,,,,,,,
WP3.5,PyTorch MLP - small_regularised,pytorch_mlp_small_regularised,PyTorch MLP - small_regularised,0.6,0.8025269763201968,0.7000912545942682,0.5002022653721683,0.5307436420216761,0.8694388671668604,0.5150205654188577,0.7901581066485192,0.578025138590698,0.1741457283496856,32910,4942,4373,4946,43.35309813730419,1.7427101209759712,0.4812269173562526,0.0102017535637627,validation_f1,validation_f1,,,,,,,,
WP3.5,PyTorch MLP - small_regularised,pytorch_mlp_small_regularised,PyTorch MLP - small_regularised,0.62,0.8104979754510186,0.6964432919887225,0.5209112920977328,0.5078871123511106,0.8849994716263342,0.5143167617495246,0.7901581066485192,0.578025138590698,0.1741457283496856,33499,4353,4586,4733,43.35309813730419,1.7427101209759712,0.4812269173562526,0.0102017535637627,balanced_precision_recall,balanced_precision_recall,,,,,,,,
WP3.5,PyTorch MLP - current_reference,pytorch_mlp_current_reference,PyTorch MLP - current_reference,0.5,0.7360666511203917,0.7108533527268033,0.3996667307569057,0.6691705118574954,0.7525361935961111,0.5004413770965412,0.7887248300027611,0.580068701473473,0.1793198436498642,28485,9367,3083,6236,37.686408335343,3.064814954996109,0.8166637290269136,0.0173128347719343,default,default,,,,,,,,
WP3.5,PyTorch MLP - current_reference,pytorch_mlp_current_reference,PyTorch MLP - current_reference,0.57,0.7875601534841322,0.7070645863920539,0.4692105263157894,0.5739886253889902,0.8401405473951178,0.5163376610840291,0.7887248300027611,0.580068701473473,0.1793198436498642,31801,6051,3970,5349,37.686408335343,3.064814954996109,0.8166637290269136,0.0173128347719343,validation_f1,validation_f1,,,,,,,,
WP3.5,PyTorch MLP - current_reference,pytorch_mlp_current_reference,PyTorch MLP - current_reference,0.62,0.8087596192575948,0.6989596850382664,0.5159426492617163,0.5174374932932718,0.8804818767832612,0.5166889900884007,0.7887248300027611,0.580068701473473,0.1793198436498642,33328,4524,4497,4822,37.686408335343,3.064814954996109,0.8166637290269136,0.0173128347719343,balanced_precision_recall,balanced_precision_recall,,,,,,,,
WP3.5,PyTorch MLP - wide_regularised,pytorch_mlp_wide_regularised,PyTorch MLP - wide_regularised,0.5,0.7437620571961586,0.7146372316476673,0.4088874259381171,0.6664878205816075,0.7627866427137272,0.5068342241625525,0.7913032143976816,0.5805126404245702,0.1765139549970626,28873,8979,3108,6211,29.782621758058667,1.7982371151447296,0.4747511483728885,0.010064470720843,default,default,,,,,,,,
WP3.5,PyTorch MLP - wide_regularised,pytorch_mlp_wide_regularised,PyTorch MLP - wide_regularised,0.58,0.8017849950181255,0.7041991543141061,0.4984727559365455,0.5428694065886898,0.8655289020395224,0.5197246763920279,0.7913032143976816,0.5805126404245702,0.1765139549970626,32762,5090,4260,5059,29.782621758058667,1.7982371151447296,0.4747511483728885,0.010064470720843,validation_f1,validation_f1,,,,,,,,
WP3.5,PyTorch MLP - wide_regularised,pytorch_mlp_wide_regularised,PyTorch MLP - wide_regularised,0.6,0.8101799834644167,0.7007344895737457,0.5195752440201652,0.5197982616160532,0.8816707175314382,0.5196867288917498,0.7913032143976816,0.5805126404245702,0.1765139549970626,33373,4479,4475,4844,29.782621758058667,1.7982371151447296,0.4747511483728885,0.010064470720843,balanced_precision_recall,balanced_precision_recall,,,,,,,,
WP3.5,Processed-feature TabTransformer,tabtransformer_style,Processed-feature TabTransformer - tabtransformer_screen_08_d32_h4_l1_drop0p2_wd0p0005,0.5,0.750333891585932,0.709510785235388,0.4147947864669994,0.6420216761455092,0.7769998943252668,0.5039801204565556,0.7879345615423327,0.5722086460601895,0.1767484694719314,29411,8441,3336,5983,404.25127888399584,3.200322459000745,0.7876984920003451,0.0166987872209693,default,default,,,,,,,,
WP3.5,Processed-feature TabTransformer,tabtransformer_style,Processed-feature TabTransformer - tabtransformer_screen_08_d32_h4_l1_drop0p2_wd0p0005,0.59,0.8024633779228764,0.7040556304725925,0.5000495589255625,0.5413670994741925,0.8667441614709923,0.519888705688376,0.7879345615423327,0.5722086460601895,0.1767484694719314,32808,5044,4274,5045,404.25127888399584,3.200322459000745,0.7876984920003451,0.0166987872209693,validation_f1,validation_f1,,,,,,,,
WP3.5,Processed-feature TabTransformer,tabtransformer_style,Processed-feature TabTransformer - tabtransformer_screen_08_d32_h4_l1_drop0p2_wd0p0005,0.61,0.8104555765194718,0.7000568768538509,0.520392749244713,0.5175448009443073,0.8825689527633943,0.5189648679184377,0.7879345615423327,0.5722086460601895,0.1767484694719314,33407,4445,4496,4823,404.25127888399584,3.200322459000745,0.7876984920003451,0.0166987872209693,balanced_precision_recall,balanced_precision_recall,,,,,,,,
WP3.5,Sequence-subset Tabular MLP,sequence_subset_tabular_mlp,Sequence-subset Tabular MLP,0.5,0.7222678718159409,0.6980765204252334,0.311482254697286,0.6631111111111111,0.7330419297393557,0.4238636363636364,0.7729044304139011,0.4431808178302385,0.1831737458705902,4528,1649,379,746,1.011637047995464,0.0748113720037508,0.0191467969998484,0.0026221305121676,default,default,admissions_with_first72h_hourly_clinical_sequence,7302.0,,,,,,
WP3.5,Sequence-subset Tabular MLP,sequence_subset_tabular_mlp,Sequence-subset Tabular MLP,0.69,0.8133388112845795,0.6519430144082888,0.3991525423728813,0.4186666666666667,0.8852193621499109,0.4086767895878525,0.7729044304139011,0.4431808178302385,0.1831737458705902,5468,709,654,471,1.011637047995464,0.0748113720037508,0.0191467969998484,0.0026221305121676,validation_f1,validation_f1,admissions_with_first72h_hourly_clinical_sequence,7302.0,,,,,,
WP3.5,Sequence-subset Tabular MLP,sequence_subset_tabular_mlp,Sequence-subset Tabular MLP,0.7,0.8166255820323199,0.6480697210080406,0.4048042704626334,0.4044444444444444,0.8916949975716367,0.4046242774566474,0.7729044304139011,0.4431808178302385,0.1831737458705902,5508,669,670,455,1.011637047995464,0.0748113720037508,0.0191467969998484,0.0026221305121676,balanced_precision_recall,balanced_precision_recall,admissions_with_first72h_hourly_clinical_sequence,7302.0,,,,,,
WP3.5,Hourly Clinical GRU,hourly_clinical_gru,Hourly Clinical GRU,0.5,0.517118597644481,0.5411973449894771,0.1752772518258047,0.576,0.5063946899789542,0.2687681459975114,0.5500150018887271,0.171979929731826,0.2372464835643768,3128,3049,477,648,3.325619095005095,0.1684917079983279,0.0420384229946648,0.0057571107908333,default,default,admissions_with_first72h_hourly_clinical_sequence,7302.0,,,,,,
WP3.5,Hourly Clinical GRU,hourly_clinical_gru,Hourly Clinical GRU,0.49,0.4579567241851547,0.5440328098861367,0.1733917454461609,0.6684444444444444,0.419621175327829,0.2753570120834859,0.5500150018887271,0.171979929731826,0.2372464835643768,2592,3585,373,752,3.325619095005095,0.1684917079983279,0.0420384229946648,0.0057571107908333,validation_f1,validation_f1,admissions_with_first72h_hourly_clinical_sequence,7302.0,,,,,,
WP3.5,Hourly Clinical GRU,hourly_clinical_gru,Hourly Clinical GRU,0.55,0.8459326211996713,0.5,0.0,0.0,1.0,0.0,0.5500150018887271,0.171979929731826,0.2372464835643768,6177,0,1125,0,3.325619095005095,0.1684917079983279,0.0420384229946648,0.0057571107908333,balanced_precision_recall,balanced_precision_recall,admissions_with_first72h_hourly_clinical_sequence,7302.0,,,,,,
WP3.5,Hourly Clinical LSTM,hourly_clinical_lstm,Hourly Clinical LSTM,0.5,0.5190358805806629,0.5390590901732233,0.1743519781718963,0.568,0.5101181803464465,0.2668058455114822,0.5516173618980807,0.1711627050275798,0.2432122379541397,3151,3026,486,639,3.0147218519996386,0.1696808600099757,0.0420799380081007,0.005762796221323,default,default,admissions_with_first72h_hourly_clinical_sequence,7302.0,,,,,,
WP3.5,Hourly Clinical LSTM,hourly_clinical_lstm,Hourly Clinical LSTM,0.49,0.4608326485894276,0.5395531811559009,0.1716487622606258,0.6533333333333333,0.4257730289784685,0.2718697984094692,0.5516173618980807,0.1711627050275798,0.2432122379541397,2630,3547,390,735,3.0147218519996386,0.1696808600099757,0.0420799380081007,0.005762796221323,validation_f1,validation_f1,admissions_with_first72h_hourly_clinical_sequence,7302.0,,,,,,
WP3.5,Hourly Clinical LSTM,hourly_clinical_lstm,Hourly Clinical LSTM,0.57,0.8459326211996713,0.5,0.0,0.0,1.0,0.0,0.5516173618980807,0.1711627050275798,0.2432122379541397,6177,0,1125,0,3.0147218519996386,0.1696808600099757,0.0420799380081007,0.005762796221323,balanced_precision_recall,balanced_precision_recall,admissions_with_first72h_hourly_clinical_sequence,7302.0,,,,,,
WP3.5,Hybrid Tabular + Hourly Clinical GRU,hybrid_tabular_hourly_clinical_gru,Hybrid Tabular + Hourly Clinical GRU,0.5,0.726650232812928,0.6810378285035886,0.3068736141906873,0.6151111111111112,0.7469645458960661,0.4094674556213017,0.7627240120159013,0.4323421513553908,0.1700544208288192,4614,1563,433,692,4.547916055991664,0.2526262780011166,0.0698592050030129,0.0095671329776791,default,default,admissions_with_first72h_hourly_clinical_sequence,7302.0,,,,,,
WP3.5,Hybrid Tabular + Hourly Clinical GRU,hybrid_tabular_hourly_clinical_gru,Hybrid Tabular + Hourly Clinical GRU,0.6,0.7801972062448644,0.6632516323997626,0.3492462311557789,0.4942222222222222,0.8322810425773028,0.4092749355907251,0.7627240120159013,0.4323421513553908,0.1700544208288192,5141,1036,569,556,4.547916055991664,0.2526262780011166,0.0698592050030129,0.0095671329776791,validation_f1,validation_f1,admissions_with_first72h_hourly_clinical_sequence,7302.0,,,,,,
WP3.5,Hybrid Tabular + Hourly Clinical GRU,hybrid_tabular_hourly_clinical_gru,Hybrid Tabular + Hourly Clinical GRU,0.66,0.8122432210353328,0.6422079758242945,0.3919156414762741,0.3964444444444444,0.8879715072041444,0.3941670349094123,0.7627240120159013,0.4323421513553908,0.1700544208288192,5485,692,679,446,4.547916055991664,0.2526262780011166,0.0698592050030129,0.0095671329776791,balanced_precision_recall,balanced_precision_recall,admissions_with_first72h_hourly_clinical_sequence,7302.0,,,,,,
WP3.5,Hybrid Tabular + Hourly Clinical LSTM,hybrid_tabular_hourly_clinical_lstm,Hybrid Tabular + Hourly Clinical LSTM,0.5,0.7065187619830183,0.690585289514867,0.298015873015873,0.6675555555555556,0.7136150234741784,0.4120713305898491,0.7627300559422949,0.4349040962534598,0.1869153976440429,4408,1769,374,751,3.615333230001852,0.2486211729992646,0.0658464080042904,0.0090175853196782,default,default,admissions_with_first72h_hourly_clinical_sequence,7302.0,,,,,,
WP3.5,Hybrid Tabular + Hourly Clinical LSTM,hybrid_tabular_hourly_clinical_lstm,Hybrid Tabular + Hourly Clinical LSTM,0.63,0.8163516844700082,0.6482713291241703,0.4042553191489361,0.4053333333333333,0.8912093249150073,0.4047936085219707,0.7627300559422949,0.4349040962534598,0.1869153976440429,5505,672,669,456,3.615333230001852,0.2486211729992646,0.0658464080042904,0.0090175853196782,validation_f1,validation_f1,admissions_with_first72h_hourly_clinical_sequence,7302.0,,,,,,
WP3.5,Hybrid Tabular + Hourly Clinical LSTM,hybrid_tabular_hourly_clinical_lstm,Hybrid Tabular + Hourly Clinical LSTM,0.63,0.8163516844700082,0.6482713291241703,0.4042553191489361,0.4053333333333333,0.8912093249150073,0.4047936085219707,0.7627300559422949,0.4349040962534598,0.1869153976440429,5505,672,669,456,3.615333230001852,0.2486211729992646,0.0658464080042904,0.0090175853196782,balanced_precision_recall,balanced_precision_recall,admissions_with_first72h_hourly_clinical_sequence,7302.0,,,,,,
WP3.6,Ensemble - boosting top 3 average,ensemble_boosting_top_3_average,Ensemble - boosting top 3 average,0.34,0.8157978418943843,0.7070256344971679,0.5342540234884733,0.527202489537504,0.8868487794568318,0.5307048339184445,0.8008056964158259,0.5956653307585954,0.11927398808768919,33569,4283,4406,4913,,,,,ensemble_threshold_search,,,,0.0070515339509692465,"Targeted LightGBM, Targeted XGBoost, Targeted CatBoost",equal weights,simple average,ensemble closest usable precision-recall threshold,Exploratory ensemble selected by closest usable precision-recall balance.
WP3.6,Ensemble - boosting plus neural average,ensemble_boosting_plus_neural_average,Ensemble - boosting plus neural average,0.4,0.8134235017277565,0.7088626359102203,0.52734375,0.5360017169224166,0.8817235548980239,0.5316374860305465,0.8006838002312324,0.5960524353459108,0.12552481610784222,33375,4477,4324,4995,,,,,ensemble_threshold_search,,,,0.008657966922416604,"Targeted LightGBM, Targeted XGBoost, Targeted CatBoost, PyTorch MLP - current_reference",equal weights,simple average,ensemble closest usable precision-recall threshold,Exploratory ensemble selected by closest usable precision-recall balance.
WP3.6,Ensemble - LightGBM/XGBoost average,ensemble_lightgbm/xgboost_average,Ensemble - LightGBM/XGBoost average,0.34,0.8153526531131415,0.7061820155483944,0.5331374469474371,0.5257001824230068,0.8866638486737821,0.5293926950507889,0.8007348204097089,0.5955439184387039,0.1192141973884241,33562,4290,4420,4899,,,,,ensemble_threshold_search,,,,0.007437264524430387,"Targeted LightGBM, Targeted XGBoost",equal weights,simple average,ensemble closest usable precision-recall threshold,Exploratory ensemble selected by closest usable precision-recall balance.
WP3.6,Ensemble - LightGBM-heavy blend 50,ensemble_lightgbm-heavy_blend_50,Ensemble - LightGBM-heavy blend 50,0.38,0.8128299166860995,0.7082096629570213,0.5258275353152013,0.535250563365168,0.8811687625488746,0.5304972081893113,0.80138249913702,0.5964790342960908,0.12278740412405476,33354,4498,4331,4988,,,,,ensemble_threshold_search,,,,0.009423028049966642,"Targeted LightGBM, Targeted XGBoost, Targeted CatBoost, PyTorch MLP - current_reference","Targeted LightGBM: 0.625, Targeted XGBoost: 0.125, Targeted CatBoost: 0.125, PyTorch MLP - current_reference: 0.125",0.50 targeted lightgbm plus 0.50 boosting-neural average,ensemble closest usable precision-recall threshold,Exploratory ensemble selected by closest usable precision-recall balance.
WP3.6,Ensemble - LightGBM-heavy blend 60,ensemble_lightgbm-heavy_blend_60,Ensemble - LightGBM-heavy blend 60,0.38,0.8135082995908504,0.7065292487283964,0.5279144385026738,0.529670565511321,0.8833879319454718,0.5287910439766458,0.801271795243621,0.5962708820032356,0.122376823340582,33438,4414,4383,4936,,,,,ensemble_threshold_search,,,,0.0017561270086471348,"Targeted LightGBM, Targeted XGBoost, Targeted CatBoost, PyTorch MLP - current_reference","Targeted LightGBM: 0.700, Targeted XGBoost: 0.100, Targeted CatBoost: 0.100, PyTorch MLP - current_reference: 0.100",0.60 targeted lightgbm plus 0.40 boosting-neural average,ensemble closest usable precision-recall threshold,Exploratory ensemble selected by closest usable precision-recall balance.
WP3.6,Ensemble - LightGBM-heavy blend 70,ensemble_lightgbm-heavy_blend_70,Ensemble - LightGBM-heavy blend 70,0.38,0.8152466557842742,0.7062777467756478,0.5328189524016518,0.5261294130271489,0.8864260805241467,0.529453053290859,0.8010646187895981,0.5959595361149822,0.12201187642820417,33553,4299,4416,4903,,,,,ensemble_threshold_search,,,,0.006689539374502895,"Targeted LightGBM, Targeted XGBoost, Targeted CatBoost, PyTorch MLP - current_reference","Targeted LightGBM: 0.775, Targeted XGBoost: 0.075, Targeted CatBoost: 0.075, PyTorch MLP - current_reference: 0.075",0.70 targeted lightgbm plus 0.30 boosting-neural average,ensemble closest usable precision-recall threshold,Exploratory ensemble selected by closest usable precision-recall balance.
WP3.6,Ensemble - LightGBM-heavy blend 80,ensemble_lightgbm-heavy_blend_80,Ensemble - LightGBM-heavy blend 80,0.37,0.8131903076042484,0.707948887958554,0.5268395976707253,0.5339628715527417,0.8819349043643665,0.5303773182690258,0.800763129989209,0.5955611776209045,0.12169256338692126,33383,4469,4343,4976,,,,,ensemble_threshold_search,,,,0.00712327388201639,"Targeted LightGBM, Targeted XGBoost, Targeted CatBoost, PyTorch MLP - current_reference","Targeted LightGBM: 0.850, Targeted XGBoost: 0.050, Targeted CatBoost: 0.050, PyTorch MLP - current_reference: 0.050",0.80 targeted lightgbm plus 0.20 boosting-neural average,ensemble closest usable precision-recall threshold,Exploratory ensemble selected by closest usable precision-recall balance.
WP3.6,Ensemble - LightGBM-heavy blend 90,ensemble_lightgbm-heavy_blend_90,Ensemble - LightGBM-heavy blend 90,0.37,0.8138262915774522,0.7059993881434083,0.5288740724809119,0.5277390277926817,0.884259748494135,0.5283059404877001,0.8003698632670556,0.5950757384051927,0.12141888421673327,33471,4381,4401,4918,,,,,ensemble_threshold_search,,,,0.0011350446882302245,"Targeted LightGBM, Targeted XGBoost, Targeted CatBoost, PyTorch MLP - current_reference","Targeted LightGBM: 0.925, Targeted XGBoost: 0.025, Targeted CatBoost: 0.025, PyTorch MLP - current_reference: 0.025",0.90 targeted lightgbm plus 0.10 boosting-neural average,ensemble closest usable precision-recall threshold,Exploratory ensemble selected by closest usable precision-recall balance.
