finding_type,subgroup_family,subgroup_name,admissions,readmissions,readmission_rate,mean_predicted_probability,calibration_gap_mean_predicted_minus_observed,calibration_direction,pr_auc_average_precision,recall_sensitivity,precision,f1_score,pr_auc_difference,recall_difference,classification_group,enrichment_ratio,subgroup_count_in_group,false_positive_admissions,readmitted_60d_psych_rate_among_30d_false_positives,readmitted_90d_psych_rate_among_30d_false_positives,readmitted_365d_psych_rate_among_30d_false_positives,interpretation_reliability
lowest_pr_auc,demographics,age_80plus,5476.0,700.0,0.12783053323593865,0.18721656507701176,,,0.3340200584381712,0.18714285714285714,0.4532871972318339,0.2649140546006067,,,,,,,,,,main_interpretation
lowest_pr_auc,demographics,age_70plus,11090.0,1520.0,0.13706041478809738,0.1997069654854726,,,0.37847726345749133,0.24144736842105263,0.4604767879548306,0.31678895123003886,,,,,,,,,,main_interpretation
lowest_pr_auc,medical_complexity,age_65plus_x_charlson,11407.0,1736.0,0.15218725344086964,0.2175943754030564,,,0.3820892503632611,0.27419354838709675,0.4335154826958106,0.3359209597741708,,,,,,,,,,main_interpretation
lowest_pr_auc,care_process,care_team_touchpoints_last_12h_before_discharge_high,4750.0,734.0,0.15452631578947368,0.22567997065040685,,,0.38821117494501334,0.39645776566757496,0.3844121532364597,0.3903420523138833,,,,,,,,,,main_interpretation
lowest_pr_auc,demographics,age_65plus,14783.0,2144.0,0.14503145504971926,0.20726665971610103,,,0.3907978845348333,0.2677238805970149,0.45161290322580644,0.33616398243045387,,,,,,,,,,main_interpretation
lowest_pr_auc,discharge_pathway,home_discharge_without_followup_order_flag,8116.0,1170.0,0.1441596845736816,0.2094814261501949,,,0.39505955233229884,0.36923076923076925,0.4467425025853154,0.4043051006083294,,,,,,,,,,main_interpretation
lowest_pr_auc,diagnosis,has_cognitive_delirium,6322.0,932.0,0.14742170199304017,0.20667697634479198,,,0.39554125161197157,0.26394849785407726,0.45724907063197023,0.3346938775510204,,,,,,,,,,main_interpretation
lowest_pr_auc,demographics,language_Russian,569.0,76.0,0.1335676625659051,0.19722544528653763,,,0.39735628012046975,0.25,0.5428571428571428,0.34234234234234234,,,,,,,,,,supporting_interpretation
lowest_pr_auc,care_process,late_order_type_diversity_last_12h_high,9714.0,1679.0,0.17284331892114474,0.24121378354915388,,,0.40594793896452236,0.4091721262656343,0.4222495390288875,0.41560798548094374,,,,,,,,,,main_interpretation
lowest_pr_auc,discharge_pathway,protective_aftercare_present_flag,34278.0,5927.0,0.17290973802438883,0.23908909249897137,,,0.41507309006903736,0.3919352117428716,0.4318646588585239,0.4109322483637007,,,,,,,,,,main_interpretation
lowest_recall,demographics,age_80plus,5476.0,700.0,0.12783053323593865,0.18721656507701176,,,0.3340200584381712,0.18714285714285714,0.4532871972318339,0.2649140546006067,,,,,,,,,,main_interpretation
lowest_recall,demographics,age_70plus,11090.0,1520.0,0.13706041478809738,0.1997069654854726,,,0.37847726345749133,0.24144736842105263,0.4604767879548306,0.31678895123003886,,,,,,,,,,main_interpretation
lowest_recall,demographics,language_Russian,569.0,76.0,0.1335676625659051,0.19722544528653763,,,0.39735628012046975,0.25,0.5428571428571428,0.34234234234234234,,,,,,,,,,supporting_interpretation
lowest_recall,prior_utilisation,low_psych_history_but_prior_admissions,10296.0,1400.0,0.13597513597513597,0.19405277896470943,,,0.4490938684602007,0.25285714285714284,0.6604477611940298,0.365702479338843,,,,,,,,,,main_interpretation
lowest_recall,diagnosis,has_cognitive_delirium,6322.0,932.0,0.14742170199304017,0.20667697634479198,,,0.39554125161197157,0.26394849785407726,0.45724907063197023,0.3346938775510204,,,,,,,,,,main_interpretation
lowest_recall,demographics,age_65plus,14783.0,2144.0,0.14503145504971926,0.20726665971610103,,,0.3907978845348333,0.2677238805970149,0.45161290322580644,0.33616398243045387,,,,,,,,,,main_interpretation
lowest_recall,medical_complexity,age_65plus_x_charlson,11407.0,1736.0,0.15218725344086964,0.2175943754030564,,,0.3820892503632611,0.27419354838709675,0.4335154826958106,0.3359209597741708,,,,,,,,,,main_interpretation
lowest_recall,demographics,marital_status_WIDOWED,4495.0,710.0,0.15795328142380421,0.2191577958109627,,,0.42111828209584296,0.32816901408450705,0.5065217391304347,0.39829059829059826,,,,,,,,,,main_interpretation
lowest_recall,demographics,language_Kabuverdianu,294.0,42.0,0.14285714285714285,0.2183108871005903,,,0.4226882171994285,0.3333333333333333,0.3684210526315789,0.35,,,,,,,,,,supporting_interpretation
lowest_recall,medical_complexity,vital_instability_near_discharge_score,1529.0,155.0,0.1013734466971877,0.14835149029556435,,,0.4540588074811952,0.3419354838709677,0.4732142857142857,0.3970037453183521,,,,,,,,,,main_interpretation
highest_readmission_rate,discharge_pathway,discharged_to_psych_facility_flag,571.0,307.0,0.5376532399299475,0.5542380951249898,,,0.9761107967001248,0.8925081433224755,0.9133333333333333,0.9028006589785832,,,,,,,,,,supporting_interpretation
highest_readmission_rate,prior_utilisation,previous_ed_visits_365d_high,4734.0,2161.0,0.4564850021123785,0.547011192103384,,,0.6902641872452628,0.9079130032392411,0.5254418853776112,0.665648854961832,,,,,,,,,,main_interpretation
highest_readmission_rate,prior_utilisation,previous_psych_admissions_90d_high,5289.0,2383.0,0.4505577613915674,0.5496181364517175,,,0.7133764475314095,0.9148132605958875,0.5249217433180833,0.6670746634026927,,,,,,,,,,main_interpretation
highest_readmission_rate,prior_utilisation,previous_psych_admissions_365d_high,6826.0,2879.0,0.42176970407266334,0.5222559348489536,,,0.6816163102861432,0.8891976380687738,0.5003909304143862,0.6404002501563477,,,,,,,,,,main_interpretation
highest_readmission_rate,care_process,quiet_risk_summary_score_high,5811.0,2410.0,0.414730683187059,0.48347443247418603,,,0.9128637016939516,0.9074688796680498,0.7170491803278689,0.8010989010989011,,,,,,,,,,main_interpretation
highest_readmission_rate,prior_utilisation,previous_total_admissions_high,5064.0,2035.0,0.4018562401263823,0.4903856486193119,,,0.6825283350278294,0.8275184275184275,0.5184729064039408,0.637516562559152,,,,,,,,,,main_interpretation
highest_readmission_rate,diagnosis,new_self_harm_this_admission_flag,2147.0,731.0,0.34047508150908246,0.39214739744874805,,,0.9274422346980641,0.86593707250342,0.8296199213630406,0.8473895582329317,,,,,,,,,,main_interpretation
highest_readmission_rate,diagnosis,has_self_harm_or_suicidal_ideation,3648.0,1234.0,0.33826754385964913,0.40469093995813,,,0.883581753399686,0.8387358184764991,0.7247899159663865,0.777610818933133,,,,,,,,,,main_interpretation
highest_readmission_rate,discharge_pathway,low_aftercare_quality_flag,5719.0,1918.0,0.3353733170134639,0.40568830367931036,,,0.8664648749736266,0.8613138686131386,0.6712718407151564,0.7545101621374743,,,,,,,,,,main_interpretation
highest_readmission_rate,diagnosis,self_harm_and_substance_use_flag,1867.0,617.0,0.3304767005891805,0.4094037471035157,,,0.8501417563985108,0.8249594813614263,0.668856767411301,0.7387518142235123,,,,,,,,,,main_interpretation
largest_pr_auc_gap,care_process,orders_last_12h_before_discharge_any,,,,,,,,,,,-0.5166815327567007,-0.5317605384705947,,,,,,,,
largest_pr_auc_gap,care_process,late_order_type_diversity_last_12h_any,,,,,,,,,,,-0.5166732942950152,-0.5316054822821898,,,,,,,,
largest_pr_auc_gap,care_process,care_team_touchpoints_last_12h_before_discharge_any,,,,,,,,,,,-0.516667491038567,-0.5317605384705947,,,,,,,,
largest_pr_auc_gap,care_process,quiet_risk_summary_score_high,,,,,,,,,,,0.4926324763280412,0.502055650546614,,,,,,,,
largest_pr_auc_gap,care_process,orders_last_24h_before_discharge_any,,,,,,,,,,,-0.4055891657717662,-0.4692970151249986,,,,,,,,
largest_pr_auc_gap,discharge_pathway,protective_aftercare_present_flag,,,,,,,,,,,-0.4040508865471315,-0.3937369580684491,,,,,,,,
largest_pr_auc_gap,discharge_pathway,discharged_to_psych_facility_flag,,,,,,,,,,,0.4010332626033294,0.36942780599446845,,,,,,,,
largest_pr_auc_gap,care_process,num_care_team_touchpoints_any,,,,,,,,,,,-0.3803840011434507,-0.4598069582969112,,,,,,,,
largest_pr_auc_gap,care_process,num_total_poe_orders_any,,,,,,,,,,,-0.3750597340731735,-0.45138125985358946,,,,,,,,
largest_pr_auc_gap,diagnosis,new_self_harm_this_admission_flag,,,,,,,,,,,0.37294357467721617,0.35883413817645216,,,,,,,,
largest_recall_gap,care_process,orders_last_12h_before_discharge_any,,,,,,,,,,,-0.5166815327567007,-0.5317605384705947,,,,,,,,
largest_recall_gap,care_process,care_team_touchpoints_last_12h_before_discharge_any,,,,,,,,,,,-0.516667491038567,-0.5317605384705947,,,,,,,,
largest_recall_gap,care_process,late_order_type_diversity_last_12h_any,,,,,,,,,,,-0.5166732942950152,-0.5316054822821898,,,,,,,,
largest_recall_gap,prior_utilisation,previous_psych_admissions_365d_high,,,,,,,,,,,0.15315728076167512,0.5121790045284011,,,,,,,,
largest_recall_gap,prior_utilisation,previous_psych_admissions_90d_high,,,,,,,,,,,0.18250860191936802,0.5099689699384481,,,,,,,,
largest_recall_gap,care_process,quiet_risk_summary_score_high,,,,,,,,,,,0.4926324763280412,0.502055650546614,,,,,,,,
largest_recall_gap,prior_utilisation,previous_ed_visits_365d_high,,,,,,,,,,,0.14637202523181014,0.48516922005958196,,,,,,,,
largest_recall_gap,care_process,orders_last_24h_before_discharge_any,,,,,,,,,,,-0.4055891657717662,-0.4692970151249986,,,,,,,,
largest_recall_gap,care_process,num_care_team_touchpoints_any,,,,,,,,,,,-0.3803840011434507,-0.4598069582969112,,,,,,,,
largest_recall_gap,care_process,num_total_poe_orders_any,,,,,,,,,,,-0.3750597340731735,-0.45138125985358946,,,,,,,,
false_negative_enrichment,discharge_pathway,protective_aftercare_present_flag,34278.0,5927.0,0.17290973802438883,,,,0.41507309006903736,0.3919352117428716,0.4318646588585239,,,,false_negative,1.1451337306685583,3604.0,,,,,main_interpretation
false_negative_enrichment,discharge_pathway,discharged_to_facility_flag,16552.0,3290.0,0.19876752054132432,,,,0.4957847561285951,0.42948328267477204,0.46943521594684384,,,,false_negative,1.235095940793044,1877.0,,,,,main_interpretation
false_negative_enrichment,care_process,late_order_type_diversity_last_12h_any,43044.0,7197.0,0.16720100362419849,,,,0.42508939905811105,0.4142003612616368,0.4372249926664711,,,,false_negative,1.0667800343093967,4216.0,,,,,main_interpretation
false_negative_enrichment,care_process,care_team_touchpoints_last_12h_before_discharge_any,43117.0,7207.0,0.1671498480877612,,,,0.42575434946210267,0.4147356736506175,0.43737196371085746,,,,false_negative,1.06547910932739,4218.0,,,,,main_interpretation
false_negative_enrichment,care_process,orders_last_12h_before_discharge_any,43122.0,7207.0,0.16713046704698298,,,,0.4257486028456738,0.4147356736506175,0.43737196371085746,,,,false_negative,1.065355566923359,4218.0,,,,,main_interpretation
false_negative_enrichment,care_process,orders_last_24h_before_discharge_any,44410.0,7997.0,0.18007205584327854,,,,0.5176726223543198,0.4686757534075278,0.4833634253288625,,,,false_negative,1.0420603160938529,4249.0,,,,,main_interpretation
false_negative_enrichment,care_process,num_care_team_touchpoints_any,44925.0,8247.0,0.18357262103505842,,,,0.5364401610779976,0.4823572208075664,0.49287572791475653,,,,false_negative,1.0349633442021626,4269.0,,,,,main_interpretation
false_negative_enrichment,care_process,num_total_poe_orders_any,44816.0,8230.0,0.18363977151017494,,,,0.53700197969576,0.4825030376670717,0.4934145129224652,,,,false_negative,1.0350502819976142,4259.0,,,,,main_interpretation
false_negative_enrichment,prior_utilisation,previous_total_admissions_any,29723.0,6901.0,0.23217710190761362,,,,0.5822049043749429,0.5739747862628605,0.49321379653841363,,,,false_negative,1.077312225598333,2940.0,,,,,main_interpretation
false_negative_enrichment,demographics,race_WHITE,30368.0,5932.0,0.19533719704952582,,,,0.5555571882278715,0.49527983816587995,0.5036859249099949,,,,false_negative,1.0737977872416833,2994.0,,,,,main_interpretation
false_positive_enrichment,prior_utilisation,previous_psych_admissions_365d_high,6826.0,2879.0,0.42176970407266334,,,,0.6816163102861432,0.8891976380687738,0.5003909304143862,,,,false_positive,3.9269032158968464,2556.0,,,,,main_interpretation
false_positive_enrichment,prior_utilisation,previous_psych_admissions_90d_high,5289.0,2383.0,0.4505577613915674,,,,0.7133764475314095,0.9148132605958875,0.5249217433180833,,,,false_positive,3.9120928181269363,1973.0,,,,,main_interpretation
false_positive_enrichment,prior_utilisation,previous_ed_visits_365d_high,4734.0,2161.0,0.4564850021123785,,,,0.6902641872452628,0.9079130032392411,0.5254418853776112,,,,false_positive,3.9254648782550494,1772.0,,,,,main_interpretation
false_positive_enrichment,prior_utilisation,previous_total_admissions_high,5064.0,2035.0,0.4018562401263823,,,,0.6825283350278294,0.8275184275184275,0.5184729064039408,,,,false_positive,3.2389085336856756,1564.0,,,,,main_interpretation
false_positive_enrichment,prior_utilisation,previous_psych_admissions_90d_any,13509.0,4287.0,0.31734399289362647,,,,0.6309631207156406,0.7315138791695824,0.4846237057641786,,,,false_positive,2.5889774552419493,3335.0,,,,,main_interpretation
false_positive_enrichment,prior_utilisation,previous_psych_admissions_365d_any,19427.0,5501.0,0.2831626087404128,,,,0.6046008365214521,0.6556989638247591,0.4812541694462975,,,,false_positive,2.0988246110102913,3888.0,,,,,main_interpretation
false_positive_enrichment,prior_utilisation,previous_ed_visits_365d_any,19619.0,5368.0,0.27361231459299656,,,,0.6044724508880588,0.6471684053651267,0.48465401785714285,,,,false_positive,1.9745841925859704,3694.0,,,,,main_interpretation
false_positive_enrichment,prior_utilisation,previous_icu_admissions_any,9509.0,2604.0,0.27384583026606374,,,,0.5939962662659428,0.6394009216589862,0.48528125910813175,,,,false_positive,1.9476525503605415,1766.0,,,,,main_interpretation
false_positive_enrichment,prior_utilisation,previous_icu_admissions_high,9509.0,2604.0,0.27384583026606374,,,,0.5939962662659428,0.6394009216589862,0.48528125910813175,,,,false_positive,1.9476525503605415,1766.0,,,,,main_interpretation
false_positive_enrichment,prior_utilisation,previous_total_admissions_any,29723.0,6901.0,0.23217710190761362,,,,0.5822049043749429,0.5739747862628605,0.49321379653841363,,,,false_positive,1.4360097869423574,4070.0,,,,,main_interpretation
delayed_false_positive_risk,prior_utilisation,previous_total_admissions_high,,,,,,,,,,,,,,,,1564.0,0.2666240409207161,0.40281329923273657,0.6336317135549873,
delayed_false_positive_risk,prior_utilisation,previous_ed_visits_365d_high,,,,,,,,,,,,,,,,1772.0,0.2714446952595937,0.4006772009029345,0.6281038374717833,
delayed_false_positive_risk,prior_utilisation,previous_psych_admissions_365d_high,,,,,,,,,,,,,,,,2556.0,0.2476525821596244,0.36932707355242567,0.6009389671361502,
delayed_false_positive_risk,prior_utilisation,previous_psych_admissions_90d_high,,,,,,,,,,,,,,,,1973.0,0.23112012164216927,0.3487075519513431,0.560567663456665,
delayed_false_positive_risk,discharge_pathway,low_aftercare_quality_flag,,,,,,,,,,,,,,,,809.0,0.15203955500618047,0.2620519159456119,0.5105067985166872,
delayed_false_positive_risk,overall,all_false_positives,,,,,,,,,,,,,,,,4498.0,0.1905291240551356,0.2883503779457537,0.49644286349488664,
delayed_false_positive_risk,discharge_pathway,protective_aftercare_present_flag,,,,,,,,,,,,,,,,3056.0,0.20484293193717276,0.3010471204188482,0.48887434554973824,
delayed_false_positive_risk,discharge_pathway,home_discharge_without_followup_order_flag,,,,,,,,,,,,,,,,535.0,0.17570093457943925,0.2822429906542056,0.4616822429906542,
delayed_false_positive_risk,intersection,age_70plus_x_cognitive_delirium,,,,,,,,,,,,,,,,156.0,0.14743589743589744,0.23717948717948717,0.42948717948717946,
delayed_false_positive_risk,demographics,age_80plus,,,,,,,,,,,,,,,,158.0,0.12025316455696203,0.21518987341772153,0.4050632911392405,
largest_calibration_gap,discharge_pathway,home_discharge_without_discharge_planning_order_flag,309.0,68.0,0.22006472491909385,0.3371299105099404,0.11706518559084655,overestimates,0.5563480865378473,0.6764705882352942,,,,,,,,,,,,supporting_interpretation
largest_calibration_gap,prior_utilisation,previous_psych_admissions_365d_high,6826.0,2879.0,0.42176970407266334,0.5222559348489536,0.10048623077629026,overestimates,0.6816163102861432,0.8891976380687738,,,,,,,,,,,,main_interpretation
largest_calibration_gap,prior_utilisation,previous_psych_admissions_90d_high,5289.0,2383.0,0.4505577613915674,0.5496181364517175,0.09906037506015014,overestimates,0.7133764475314095,0.9148132605958875,,,,,,,,,,,,main_interpretation
largest_calibration_gap,diagnosis,psychosis_and_substance_use_flag,1077.0,318.0,0.29526462395543174,0.39022340887979956,0.09495878492436782,overestimates,0.8104171014114643,0.7515723270440252,,,,,,,,,,,,main_interpretation
largest_calibration_gap,prior_utilisation,previous_psych_admissions_90d_any,13509.0,4287.0,0.31734399289362647,0.40897871993516766,0.09163472704154119,overestimates,0.6309631207156406,0.7315138791695824,,,,,,,,,,,,main_interpretation
largest_calibration_gap,prior_utilisation,previous_ed_visits_365d_high,4734.0,2161.0,0.4564850021123785,0.547011192103384,0.09052618999100548,overestimates,0.6902641872452628,0.9079130032392411,,,,,,,,,,,,main_interpretation
largest_calibration_gap,prior_utilisation,previous_total_admissions_high,5064.0,2035.0,0.4018562401263823,0.4903856486193119,0.08852940849292956,overestimates,0.6825283350278294,0.8275184275184275,,,,,,,,,,,,main_interpretation
largest_calibration_gap,prior_utilisation,previous_psych_admissions_365d_any,19427.0,5501.0,0.2831626087404128,0.3708382956171663,0.08767568687675348,overestimates,0.6046008365214521,0.6556989638247591,,,,,,,,,,,,main_interpretation
largest_calibration_gap,prior_utilisation,previous_ed_visits_365d_any,19619.0,5368.0,0.27361231459299656,0.35914791969258775,0.08553560509959118,overestimates,0.6044724508880588,0.6471684053651267,,,,,,,,,,,,main_interpretation
largest_calibration_gap,demographics,race_HISPANIC/LATINO - PUERTO RICAN,1226.0,246.0,0.200652528548124,0.28599645170441235,0.08534392315628836,overestimates,0.5699710023557983,0.5813008130081301,,,,,,,,,,,,main_interpretation
older_patient_focus,intersection,age_70plus_x_no_prior_psych_admission,7377.0,790.0,0.10708960281957436,0.1613121515341505,,,0.3186985110077163,0.14177215189873418,0.5894736842105263,0.22857142857142856,,,,,,,,,,
older_patient_focus,demographics,age_80plus,5476.0,700.0,0.12783053323593865,0.18721656507701176,0.059386031841073106,overestimates,0.3340200584381712,0.18714285714285714,0.4532871972318339,0.2649140546006067,,,,,,,,,,main_interpretation
older_patient_focus,intersection,age_70plus_x_cognitive_delirium,4863.0,652.0,0.1340736171087806,0.190155494267464,,,0.3386993511845946,0.19325153374233128,0.44680851063829785,0.2698072805139186,,,,,,,,,,
older_patient_focus,demographics,age_70plus,11090.0,1520.0,0.13706041478809738,0.1997069654854726,0.06264655069737521,overestimates,0.37847726345749133,0.24144736842105263,0.4604767879548306,0.31678895123003886,,,,,,,,,,main_interpretation
older_patient_focus,medical_complexity,age_65plus_x_charlson,11407.0,1736.0,0.15218725344086964,0.2175943754030564,0.06540712196218676,overestimates,0.3820892503632611,0.27419354838709675,0.4335154826958106,0.3359209597741708,,,,,,,,,,main_interpretation
older_patient_focus,intersection,age_70plus_x_charlson_high,4085.0,701.0,0.17160342717258262,0.23422851804422865,,,0.38686149663154246,0.2867332382310984,0.4205020920502092,0.34096692111959287,,,,,,,,,,
older_patient_focus,demographics,age_65plus,14783.0,2144.0,0.14503145504971926,0.20726665971610103,0.06223520466638177,overestimates,0.3907978845348333,0.2677238805970149,0.45161290322580644,0.33616398243045387,,,,,,,,,,main_interpretation
older_patient_focus,intersection,age_70plus_x_home_no_followup,876.0,106.0,0.12100456621004566,0.1942739121620203,,,0.39462032644503847,0.3018867924528302,0.47761194029850745,0.3699421965317919,,,,,,,,,,
older_patient_focus,diagnosis,has_cognitive_delirium,6322.0,932.0,0.14742170199304017,0.20667697634479198,0.05925527435175182,overestimates,0.39554125161197157,0.26394849785407726,0.45724907063197023,0.3346938775510204,,,,,,,,,,main_interpretation
older_patient_focus,intersection,age_70plus_x_depression,4335.0,669.0,0.15432525951557094,0.21910004041289718,,,0.43479952662464766,0.2929745889387145,0.5,0.3694627709707823,,,,,,,,,,
